borrower_id,sector,lender_type,age,monthly_income_kes,employment_tenure_months,digital_loans_last_90d,utility_payment_score,mobile_money_consistency,existing_loans,loan_amount_kes,dti_ratio,effective_apr,prior_default,default
B100000,Personal/Household,MFI,33,35787.0,18,2,0.926,0.93,2,88661.0,0.124,18.5,0,0
B100001,Real Estate,Bank,37,41490.0,32,0,0.779,0.633,1,122094.0,0.147,15.7,0,0
B100002,Personal/Household,Bank,28,29615.0,68,2,0.769,0.717,2,82703.0,0.14,19.0,0,0
B100003,Personal/Household,Digital Lender,39,26465.0,14,1,0.486,0.891,5,82433.0,0.156,8.0,0,0
B100004,Trade,Bank,41,9556.0,15,1,0.894,0.817,2,29346.0,0.154,13.0,0,0
B100005,Services,Bank,40,31128.0,9,1,0.661,0.769,2,81379.0,0.131,13.2,0,0
B100006,Personal/Household,Bank,33,41255.0,107,2,0.663,0.551,2,92536.0,0.112,12.4,0,0
B100007,Personal/Household,Digital Lender,46,28802.0,4,4,0.864,0.796,0,179772.0,0.312,209.5,0,0
B100008,Trade,Digital Lender,32,19336.0,2,4,0.673,0.724,2,54075.0,0.14,8.0,0,0
B100009,Real Estate,MFI,32,11807.0,3,1,0.866,0.84,3,47220.0,0.2,16.1,0,0
B100010,Agriculture,Digital Lender,49,38146.0,52,0,0.953,0.845,1,122496.0,0.161,234.2,0,0
B100011,Services,Bank,24,30279.0,49,1,0.896,0.557,2,159080.0,0.263,15.4,0,0
B100012,Transport,Digital Lender,18,63862.0,19,3,0.742,0.654,3,515483.0,0.404,64.2,0,0
B100013,Personal/Household,Bank,26,13398.0,11,1,0.891,0.23,2,94386.0,0.352,18.6,0,0
B100014,Real Estate,Bank,39,22956.0,24,1,0.821,0.785,5,73055.0,0.159,16.1,0,0
B100015,Agriculture,Bank,48,14376.0,9,3,0.854,0.578,0,63414.0,0.221,15.2,1,1
B100016,Manufacturing,Digital Lender,28,52257.0,5,3,0.798,0.745,4,467059.0,0.447,51.6,0,1
B100017,Trade,Digital Lender,53,58775.0,18,1,0.821,0.906,2,414774.0,0.353,52.0,0,0
B100018,Personal/Household,SACCO,35,85598.0,14,2,0.842,0.82,0,183510.0,0.107,11.2,0,0
B100019,Transport,Bank,34,39608.0,9,4,0.714,0.612,3,270031.0,0.341,13.5,0,1
B100020,Personal/Household,Bank,27,45894.0,12,0,0.794,0.777,1,83336.0,0.091,14.3,0,0
B100021,Agriculture,MFI,55,37792.0,15,3,0.923,0.86,0,316976.0,0.419,25.1,0,1
B100022,Services,Bank,33,40750.0,11,0,0.905,0.673,3,295706.0,0.363,14.8,0,0
B100023,Services,Bank,22,30546.0,20,1,0.601,0.666,0,250886.0,0.411,14.7,0,0
B100024,Personal/Household,SACCO,60,41788.0,2,3,0.705,0.825,2,313799.0,0.375,13.2,1,0
B100025,Trade,SACCO,39,96471.0,0,3,0.722,0.694,2,531920.0,0.276,12.4,0,0
B100026,Real Estate,Digital Lender,43,33533.0,15,0,0.86,0.413,1,299626.0,0.447,191.5,0,0
B100027,Trade,MFI,52,30128.0,56,1,0.847,0.728,1,49137.0,0.082,22.1,0,0
B100028,Trade,Bank,41,33155.0,31,0,0.787,0.726,0,275434.0,0.415,17.6,0,0
B100029,Personal/Household,MFI,45,27392.0,14,1,0.512,0.472,3,45253.0,0.083,23.0,0,1
B100030,Personal/Household,Bank,36,34048.0,17,1,0.78,0.273,4,152216.0,0.224,14.5,0,1
B100031,Services,SACCO,42,26886.0,3,3,0.526,0.686,1,82989.0,0.154,14.1,0,1
B100032,Agriculture,Digital Lender,35,55781.0,12,2,0.644,0.737,1,103202.0,0.093,15.5,1,0
B100033,Agriculture,Bank,35,52798.0,28,1,0.812,0.701,1,138885.0,0.132,16.0,0,0
B100034,Real Estate,Bank,36,97857.0,39,2,0.921,0.78,3,489111.0,0.25,14.4,0,0
B100035,Trade,Digital Lender,31,29350.0,96,2,0.774,0.534,2,129473.0,0.221,116.0,0,0
B100036,Trade,MFI,40,34848.0,10,2,0.852,0.627,0,63611.0,0.091,13.1,0,0
B100037,Real Estate,MFI,40,34059.0,8,1,0.746,0.879,1,255903.0,0.376,19.1,0,0
B100038,Agriculture,SACCO,43,33182.0,64,1,0.605,0.673,1,129491.0,0.195,17.0,0,0
B100039,Transport,MFI,41,55354.0,90,4,0.569,0.675,4,359037.0,0.324,26.6,0,0
B100040,Real Estate,Bank,55,12164.0,33,2,0.854,0.812,1,94478.0,0.388,15.3,1,0
B100041,Personal/Household,Digital Lender,46,38307.0,16,0,0.909,0.825,1,113317.0,0.148,13.9,0,0
B100042,Personal/Household,Digital Lender,33,89114.0,13,2,0.678,0.707,7,260128.0,0.146,124.8,0,0
B100043,Agriculture,Bank,40,62920.0,11,1,0.83,0.558,3,137219.0,0.109,17.6,0,0
B100044,Personal/Household,Bank,49,59084.0,28,1,0.463,0.383,2,470096.0,0.398,14.1,0,0
B100045,Personal/Household,SACCO,26,47246.0,6,5,0.688,0.733,2,242769.0,0.257,8.9,0,1
B100046,Real Estate,SACCO,55,21425.0,18,1,0.682,0.581,3,187464.0,0.437,19.1,0,0
B100047,Agriculture,Bank,27,19684.0,36,3,0.556,0.724,3,176590.0,0.449,15.6,0,0
B100048,Personal/Household,MFI,44,19769.0,14,0,0.768,0.783,2,110147.0,0.279,14.2,0,0
B100049,Trade,SACCO,35,15896.0,26,1,0.564,0.536,1,35058.0,0.11,11.5,0,0
B100050,Trade,MFI,34,50043.0,10,1,0.734,0.935,1,79737.0,0.08,15.7,0,0
B100051,Trade,Bank,22,66676.0,31,3,0.743,0.707,1,398635.0,0.299,16.4,0,0
B100052,Personal/Household,Bank,44,37757.0,138,3,0.615,0.916,1,313499.0,0.415,12.7,0,0
B100053,Transport,MFI,22,46288.0,26,3,0.829,0.742,0,131222.0,0.142,18.8,0,0
B100054,Personal/Household,Digital Lender,21,34941.0,1,5,0.515,0.71,2,54676.0,0.078,70.5,0,1
B100055,Personal/Household,MFI,47,40653.0,57,1,0.625,0.69,3,275916.0,0.339,19.7,0,0
B100056,Real Estate,Bank,53,9280.0,30,1,0.968,0.485,1,70884.0,0.382,12.7,0,0
B100057,Manufacturing,Digital Lender,28,35351.0,12,1,0.616,0.754,2,280158.0,0.396,143.9,0,0
B100058,Trade,Bank,45,23528.0,26,1,0.771,0.815,2,114836.0,0.244,16.6,0,0
B100059,Trade,MFI,43,29083.0,68,1,0.959,0.777,3,143045.0,0.246,14.5,0,0
B100060,Transport,Bank,34,33664.0,22,4,0.769,0.53,2,248847.0,0.37,9.0,0,1
B100061,Real Estate,SACCO,48,20059.0,44,1,0.805,0.799,0,102048.0,0.254,14.8,0,0
B100062,Manufacturing,SACCO,33,16455.0,16,2,0.872,0.835,2,31183.0,0.095,11.4,0,0
B100063,Personal/Household,Digital Lender,40,19727.0,2,1,0.916,0.699,1,86837.0,0.22,265.7,0,0
B100064,Transport,Bank,22,13405.0,0,1,0.778,0.642,1,42275.0,0.158,15.4,0,0
B100065,Manufacturing,MFI,23,15751.0,20,3,0.832,0.606,0,123345.0,0.392,20.0,0,0
B100066,Manufacturing,Bank,47,16986.0,19,2,0.471,0.823,3,142897.0,0.421,10.9,0,0
B100067,Agriculture,Digital Lender,41,13503.0,20,5,0.854,0.618,1,110766.0,0.41,77.8,0,0
B100068,Trade,Bank,34,39768.0,9,2,0.787,0.834,0,123713.0,0.156,12.7,1,1
B100069,Real Estate,SACCO,54,18119.0,18,1,0.563,0.621,3,139377.0,0.385,10.7,1,0
B100070,Trade,SACCO,54,10671.0,6,0,0.811,0.847,4,56869.0,0.266,11.3,1,1
B100071,Real Estate,Bank,39,23845.0,3,3,0.852,0.691,2,208347.0,0.437,16.6,1,0
B100072,Personal/Household,Bank,20,16119.0,97,0,0.547,0.672,3,130246.0,0.404,9.5,1,0
B100073,Agriculture,Bank,34,66336.0,23,1,0.465,0.546,2,129129.0,0.097,12.3,1,0
B100074,Trade,MFI,27,31988.0,6,1,0.563,0.553,0,241829.0,0.378,24.9,0,1
B100075,Agriculture,Digital Lender,36,13243.0,65,2,0.853,0.591,1,74182.0,0.28,37.8,0,0
B100076,Agriculture,MFI,26,40651.0,10,0,0.738,0.782,1,234800.0,0.289,27.8,1,0
B100077,Transport,Digital Lender,23,31155.0,11,3,0.518,0.837,5,107094.0,0.172,8.0,0,1
B100078,Manufacturing,Bank,18,26076.0,76,2,0.946,0.922,1,137032.0,0.263,13.6,0,0
B100079,Personal/Household,Bank,37,70689.0,11,2,0.853,0.632,1,247593.0,0.175,12.4,0,0
B100080,Transport,Digital Lender,18,17387.0,74,1,0.686,0.845,2,30749.0,0.088,51.8,0,0
B100081,Real Estate,Digital Lender,32,52540.0,100,3,0.795,0.595,2,316741.0,0.301,164.6,0,0
B100082,Personal/Household,Bank,42,23736.0,24,0,0.718,0.543,1,131491.0,0.277,9.7,0,0
B100083,Trade,SACCO,28,29434.0,87,0,0.82,0.778,3,188339.0,0.32,14.7,0,0
B100084,Trade,Digital Lender,24,19685.0,13,2,0.55,0.898,1,132940.0,0.338,17.1,0,0
B100085,Trade,Digital Lender,34,20387.0,5,5,0.757,0.833,2,55988.0,0.137,58.8,0,1
B100086,Personal/Household,SACCO,27,23393.0,1,3,0.906,0.983,1,122360.0,0.262,18.4,0,1
B100087,Real Estate,Bank,37,10452.0,5,0,0.622,0.361,2,71641.0,0.343,12.6,0,0
B100088,Trade,Bank,25,35978.0,1,3,0.804,0.683,2,82250.0,0.114,11.3,0,0
B100089,Manufacturing,SACCO,34,31672.0,19,3,0.817,0.683,3,221979.0,0.35,11.2,0,0
B100090,Trade,MFI,32,13046.0,15,2,0.625,0.624,2,111935.0,0.429,19.9,0,0
B100091,Personal/Household,Bank,35,42744.0,1,5,0.859,0.955,1,250901.0,0.293,13.5,0,0
B100092,Real Estate,Bank,51,66263.0,5,3,0.566,0.789,1,240927.0,0.182,15.1,0,0
B100093,Real Estate,Bank,37,20630.0,11,0,0.568,0.906,2,135120.0,0.327,13.8,0,0
B100094,Agriculture,MFI,40,19310.0,51,1,0.928,0.593,0,85504.0,0.221,28.8,0,0
B100095,Transport,Bank,29,54851.0,26,5,0.758,0.249,3,470666.0,0.429,11.5,0,0
B100096,Agriculture,Bank,37,37115.0,34,4,0.542,0.549,5,135010.0,0.182,13.5,1,0
B100097,Trade,Bank,32,27591.0,48,0,0.746,0.72,2,54370.0,0.099,13.6,0,0
B100098,Trade,Digital Lender,35,46537.0,16,1,0.638,0.596,2,177365.0,0.191,121.5,1,0
B100099,Services,SACCO,41,34571.0,26,1,0.817,0.62,3,294935.0,0.427,10.3,0,0
B100100,Services,Bank,30,65230.0,34,4,0.736,0.245,1,367952.0,0.282,10.8,0,0
B100101,Personal/Household,MFI,31,29460.0,15,2,0.595,0.614,0,133642.0,0.227,21.1,0,0
B100102,Agriculture,MFI,30,37592.0,1,2,0.828,0.663,3,272465.0,0.362,15.8,1,0
B100103,Services,SACCO,30,54390.0,100,2,0.84,0.604,2,280041.0,0.257,10.8,0,0
B100104,Personal/Household,SACCO,37,8000.0,14,2,0.685,0.73,3,32873.0,0.205,14.6,0,0
B100105,Personal/Household,SACCO,31,55483.0,13,0,0.656,0.826,5,120034.0,0.108,12.5,0,0
B100106,Real Estate,SACCO,50,22521.0,20,1,0.523,0.631,3,185684.0,0.412,15.1,0,1
B100107,Agriculture,Bank,62,39143.0,53,2,0.821,0.813,1,337706.0,0.431,14.0,0,1
B100108,Trade,Bank,29,74256.0,18,2,0.625,0.711,0,160758.0,0.108,12.8,0,0
B100109,Services,Bank,38,25128.0,19,2,0.567,0.621,1,50974.0,0.101,10.5,0,0
B100110,Real Estate,MFI,45,23143.0,19,3,0.898,0.741,2,54755.0,0.118,19.1,0,1
B100111,Trade,MFI,32,28851.0,109,1,0.927,0.436,2,255904.0,0.443,14.8,0,0
B100112,Agriculture,SACCO,25,13376.0,17,1,0.873,0.697,2,73604.0,0.275,13.2,0,0
B100113,Manufacturing,Bank,52,99660.0,23,1,0.663,0.809,1,731382.0,0.367,14.6,0,0
B100114,Trade,SACCO,42,29045.0,15,2,0.891,0.807,0,148242.0,0.255,13.0,0,0
B100115,Personal/Household,Bank,38,73503.0,40,0,0.693,0.484,2,373458.0,0.254,14.6,0,0
B100116,Personal/Household,Bank,50,24754.0,43,2,0.742,0.9,2,125134.0,0.253,16.6,0,0
B100117,Personal/Household,SACCO,43,30294.0,14,0,0.851,0.686,0,95707.0,0.158,10.0,0,0
B100118,Real Estate,Bank,35,49978.0,50,2,0.636,0.509,1,176071.0,0.176,16.7,0,0
B100119,Transport,Bank,25,16216.0,16,0,0.799,0.811,2,33891.0,0.104,14.3,0,0
B100120,Transport,Bank,30,28102.0,4,3,0.423,0.659,0,44002.0,0.078,19.4,1,1
B100121,Transport,SACCO,47,48959.0,9,0,0.926,0.695,0,223527.0,0.228,13.6,0,0
B100122,Trade,Bank,42,26445.0,23,4,0.507,0.473,0,223506.0,0.423,14.7,0,0
B100123,Real Estate,Digital Lender,33,22795.0,4,2,0.856,0.634,1,49055.0,0.108,227.3,0,1
B100124,Trade,Digital Lender,53,54906.0,48,4,0.753,0.482,2,96010.0,0.087,124.8,0,0
B100125,Manufacturing,Digital Lender,33,64255.0,25,3,0.744,0.767,1,418793.0,0.326,200.2,0,0
B100126,Agriculture,Bank,45,70128.0,7,2,0.81,0.356,3,494520.0,0.353,18.1,0,1
B100127,Trade,SACCO,37,20512.0,6,2,0.656,0.618,2,113766.0,0.277,11.6,0,0
B100128,Trade,Bank,54,21620.0,31,2,0.723,0.563,0,158268.0,0.366,16.4,0,0
B100129,Transport,Digital Lender,43,22940.0,27,2,0.613,0.921,2,88101.0,0.192,187.0,0,1
B100130,Trade,MFI,35,44143.0,44,2,0.888,0.638,0,182939.0,0.207,22.9,0,0
B100131,Services,Bank,33,15394.0,18,0,0.592,0.646,3,111883.0,0.363,13.5,0,1
B100132,Transport,Bank,35,15880.0,27,2,0.685,0.484,1,31731.0,0.1,11.1,0,0
B100133,Agriculture,Digital Lender,28,20073.0,9,2,0.497,0.881,1,79773.0,0.199,219.9,0,0
B100134,Transport,Digital Lender,21,17747.0,70,2,0.844,0.549,3,95444.0,0.269,193.0,0,1
B100135,Trade,MFI,38,48359.0,97,2,0.655,0.492,1,317338.0,0.328,21.0,0,0
B100136,Services,MFI,30,46599.0,8,4,0.876,0.788,1,139654.0,0.15,23.8,0,1
B100137,Manufacturing,Digital Lender,30,22813.0,63,7,0.91,0.568,2,80315.0,0.176,154.8,0,0
B100138,Personal/Household,Digital Lender,34,26725.0,0,8,0.614,0.466,2,208553.0,0.39,58.7,0,0
B100139,Trade,Digital Lender,36,8000.0,48,1,0.739,0.777,4,62511.0,0.391,110.8,0,0
B100140,Manufacturing,Bank,35,23119.0,65,3,0.675,0.744,1,135861.0,0.294,13.5,0,0
B100141,Manufacturing,SACCO,52,58934.0,17,2,0.793,0.871,1,489805.0,0.416,13.0,0,0
B100142,Services,Digital Lender,42,22438.0,30,2,0.858,0.827,1,76089.0,0.17,193.9,0,0
B100143,Manufacturing,Bank,56,16303.0,85,3,0.732,0.693,4,78840.0,0.242,18.7,0,0
B100144,Real Estate,Bank,31,63381.0,86,1,0.692,0.501,3,500724.0,0.395,17.6,0,0
B100145,Agriculture,Bank,43,16107.0,13,3,0.697,0.431,1,83540.0,0.259,15.8,0,0
B100146,Agriculture,MFI,31,69587.0,48,3,0.565,0.617,3,476642.0,0.342,17.8,1,0
B100147,Manufacturing,Digital Lender,29,145561.0,9,2,0.678,0.759,1,484060.0,0.166,217.1,0,0
B100148,Real Estate,Bank,56,27997.0,13,2,0.824,0.541,0,65886.0,0.118,15.8,0,0
B100149,Trade,MFI,27,58928.0,62,4,0.612,0.705,1,101201.0,0.086,15.1,0,0
B100150,Personal/Household,Bank,18,11874.0,8,2,0.832,0.598,4,47971.0,0.202,15.2,0,0
B100151,Services,Digital Lender,28,11590.0,6,3,0.526,0.411,1,93405.0,0.403,182.9,0,1
B100152,Trade,Digital Lender,18,19183.0,151,2,0.88,0.874,0,101196.0,0.264,122.4,0,0
B100153,Manufacturing,MFI,25,46739.0,132,3,0.881,0.554,2,229326.0,0.245,17.7,0,0
B100154,Trade,SACCO,26,29761.0,105,1,0.681,0.796,2,48592.0,0.082,15.1,0,0
B100155,Transport,Bank,35,26835.0,8,0,0.678,0.749,2,217063.0,0.404,17.4,0,0
B100156,Agriculture,Digital Lender,18,14618.0,37,0,0.726,0.759,1,27836.0,0.095,108.5,0,1
B100157,Transport,SACCO,47,27721.0,32,2,0.985,0.573,1,87195.0,0.157,12.0,0,1
B100158,Personal/Household,Bank,18,20869.0,6,2,0.917,0.565,2,122437.0,0.293,18.4,0,0
B100159,Personal/Household,Digital Lender,34,17901.0,45,3,0.802,0.95,1,143871.0,0.402,181.1,0,0
B100160,Trade,Bank,32,17085.0,6,1,0.663,0.745,3,125967.0,0.369,18.4,0,0
B100161,Services,SACCO,43,33043.0,17,1,0.884,0.855,3,139945.0,0.212,16.3,0,0
B100162,Agriculture,Bank,39,20007.0,94,0,0.485,0.58,1,47395.0,0.118,16.1,0,0
B100163,Trade,SACCO,47,29626.0,0,0,0.627,0.742,3,168691.0,0.285,19.1,0,0
B100164,Manufacturing,Bank,31,11238.0,6,2,0.838,0.919,3,17637.0,0.078,16.0,0,0
B100165,Agriculture,Bank,30,39212.0,3,2,0.783,0.612,0,126317.0,0.161,17.8,0,0
B100166,Personal/Household,MFI,39,33941.0,32,1,0.856,0.897,2,119344.0,0.176,22.2,0,0
B100167,Personal/Household,Digital Lender,45,26180.0,24,5,0.932,0.879,2,103806.0,0.198,103.7,1,0
B100168,Agriculture,Bank,43,32495.0,7,1,0.451,0.824,3,281323.0,0.433,17.9,0,0
B100169,Services,SACCO,38,49702.0,25,2,0.784,0.801,2,429579.0,0.432,15.3,0,0
B100170,Agriculture,MFI,37,13402.0,68,2,0.741,0.403,0,68479.0,0.255,24.9,0,0
B100171,Manufacturing,Digital Lender,35,30844.0,44,1,0.538,0.787,0,204130.0,0.331,93.2,1,0
B100172,Agriculture,Bank,39,14504.0,15,2,0.729,0.677,1,118677.0,0.409,15.1,1,0
B100173,Services,MFI,55,31200.0,14,0,0.694,0.826,2,144435.0,0.231,22.9,0,0
B100174,Trade,Digital Lender,33,25787.0,21,0,0.825,0.809,3,43426.0,0.084,183.1,0,1
B100175,Trade,Bank,31,29328.0,63,4,0.89,0.594,3,49444.0,0.084,13.3,0,0
B100176,Real Estate,MFI,31,47412.0,8,2,0.68,0.622,2,202733.0,0.214,25.5,0,0
B100177,Services,Digital Lender,39,46638.0,69,2,0.764,0.489,4,332769.0,0.357,154.0,0,0
B100178,Services,Bank,18,54051.0,23,1,0.917,0.566,0,201352.0,0.186,14.5,0,0
B100179,Personal/Household,Bank,34,23909.0,9,0,0.807,0.455,0,184435.0,0.386,13.1,0,0
B100180,Services,Bank,44,43772.0,6,1,0.5,0.928,3,224061.0,0.256,13.6,0,0
B100181,Services,Digital Lender,30,39287.0,6,2,0.938,0.873,0,313066.0,0.398,77.3,0,0
B100182,Manufacturing,Digital Lender,37,24242.0,16,2,0.833,0.77,1,55780.0,0.115,52.8,0,0
B100183,Agriculture,SACCO,56,31712.0,49,1,0.73,0.698,4,220082.0,0.347,15.4,0,0
B100184,Personal/Household,SACCO,38,27648.0,7,5,0.528,0.857,0,151733.0,0.274,11.0,0,1
B100185,Transport,Bank,18,64035.0,7,0,0.63,0.723,3,504051.0,0.394,12.5,0,0
B100186,Agriculture,Bank,21,46426.0,13,0,0.907,0.518,3,355183.0,0.383,14.1,0,0
B100187,Trade,Bank,32,24718.0,6,0,0.939,0.556,2,145166.0,0.294,14.4,0,0
B100188,Personal/Household,Bank,27,23790.0,36,1,0.732,0.557,5,55194.0,0.116,14.3,1,1
B100189,Agriculture,Bank,36,50347.0,27,1,0.512,0.755,1,277866.0,0.276,13.8,1,0
B100190,Services,SACCO,32,62130.0,2,1,0.923,0.862,1,125645.0,0.101,12.5,0,0
B100191,Agriculture,Bank,47,35367.0,7,1,0.88,0.822,4,191183.0,0.27,16.3,0,0
B100192,Trade,Bank,24,42711.0,13,1,0.757,0.668,3,72791.0,0.085,14.7,0,0
B100193,Personal/Household,Bank,33,60884.0,5,1,0.8,0.856,6,296158.0,0.243,14.7,0,0
B100194,Trade,Bank,37,27007.0,12,3,0.676,0.953,0,87699.0,0.162,15.1,0,0
B100195,Trade,Bank,38,31129.0,10,0,0.93,0.614,2,120141.0,0.193,15.6,0,0
B100196,Transport,Bank,36,38859.0,29,3,0.658,0.971,1,119626.0,0.154,13.4,0,0
B100197,Personal/Household,Bank,18,23483.0,16,3,0.798,0.92,3,128998.0,0.275,16.5,0,0
B100198,Trade,MFI,36,75696.0,8,2,0.905,0.439,0,254346.0,0.168,15.9,0,0
B100199,Agriculture,Digital Lender,33,23367.0,84,2,0.546,0.355,2,199731.0,0.427,243.5,0,0
B100200,Personal/Household,Digital Lender,44,30752.0,16,4,0.767,0.714,1,101579.0,0.165,256.7,0,0
B100201,Services,Digital Lender,42,85307.0,9,7,0.641,0.708,2,444954.0,0.261,53.4,0,1
B100202,Manufacturing,SACCO,37,10679.0,42,2,0.762,0.502,1,67272.0,0.315,11.2,0,0
B100203,Trade,Digital Lender,38,33482.0,13,1,0.906,0.843,2,160516.0,0.24,8.0,0,0
B100204,Trade,MFI,49,20675.0,116,3,0.557,0.35,3,157591.0,0.381,20.0,0,0
B100205,Agriculture,SACCO,47,29735.0,18,1,0.663,0.431,0,207839.0,0.349,12.0,0,0
B100206,Trade,MFI,38,15318.0,67,3,0.856,0.641,0,98392.0,0.321,18.4,0,0
B100207,Transport,Bank,56,24246.0,15,1,0.906,0.71,2,62466.0,0.129,13.8,0,1
B100208,Trade,Bank,29,30141.0,16,2,0.615,0.77,4,156446.0,0.26,12.1,0,0
B100209,Manufacturing,Bank,23,33897.0,57,1,0.796,0.543,1,83353.0,0.123,18.5,0,0
B100210,Personal/Household,Digital Lender,35,48660.0,63,3,0.652,0.32,1,234617.0,0.241,125.0,0,0
B100211,Transport,Bank,31,8282.0,15,3,0.676,0.754,3,28448.0,0.172,15.2,0,0
B100212,Trade,SACCO,18,27744.0,31,2,0.441,0.715,0,163861.0,0.295,14.2,0,0
B100213,Personal/Household,Digital Lender,28,27009.0,7,2,0.671,0.51,3,219244.0,0.406,197.9,0,0
B100214,Personal/Household,MFI,38,28700.0,85,1,0.849,0.622,3,227191.0,0.396,15.9,0,0
B100215,Personal/Household,Bank,34,30265.0,11,1,0.766,0.805,4,53099.0,0.088,17.6,0,0
B100216,Trade,MFI,27,18834.0,6,4,0.558,0.554,2,131452.0,0.349,20.1,0,0
B100217,Trade,Bank,35,12697.0,128,4,0.59,0.678,1,61969.0,0.244,14.2,0,1
B100218,Services,Digital Lender,36,33504.0,4,4,0.833,0.479,3,80305.0,0.12,197.1,0,0
B100219,Real Estate,SACCO,42,17209.0,3,1,0.93,0.757,2,108742.0,0.316,16.3,0,0
B100220,Agriculture,SACCO,29,37105.0,33,3,0.555,0.768,0,108772.0,0.147,8.6,0,1
B100221,Manufacturing,MFI,44,17757.0,5,2,0.883,0.684,2,85650.0,0.241,29.8,0,0
B100222,Transport,SACCO,24,43521.0,18,5,0.547,0.693,1,94378.0,0.108,13.6,0,0
B100223,Services,SACCO,30,28855.0,216,3,0.797,0.662,0,126314.0,0.219,15.5,0,0
B100224,Agriculture,Bank,52,29978.0,66,2,0.838,0.669,1,195539.0,0.326,17.8,0,0
B100225,Services,Bank,25,25965.0,15,2,0.892,0.81,4,56812.0,0.109,11.5,0,0
B100226,Trade,Bank,28,23773.0,5,2,0.888,0.774,1,161466.0,0.34,15.4,1,0
B100227,Manufacturing,MFI,22,26157.0,13,0,0.927,0.509,4,150870.0,0.288,19.9,0,0
B100228,Transport,Digital Lender,27,56949.0,2,3,0.554,0.92,0,213161.0,0.187,144.7,0,0
B100229,Trade,SACCO,36,12786.0,39,3,0.738,0.597,1,58416.0,0.228,11.0,0,0
B100230,Trade,MFI,42,20817.0,5,0,0.691,0.283,1,108617.0,0.261,13.8,0,0
B100231,Real Estate,Digital Lender,35,53165.0,14,1,0.552,0.477,1,232473.0,0.219,251.2,0,1
B100232,Services,Bank,32,46671.0,17,1,0.766,0.593,0,233879.0,0.251,13.6,0,0
B100233,Transport,Bank,23,62252.0,7,1,0.778,0.515,3,320873.0,0.258,14.2,0,0
B100234,Services,Digital Lender,28,28779.0,13,3,0.844,0.841,0,102907.0,0.179,128.5,0,0
B100235,Personal/Household,Digital Lender,20,14399.0,12,3,0.604,0.678,1,83287.0,0.289,45.8,0,0
B100236,Real Estate,SACCO,42,16166.0,1,1,0.756,0.591,1,71368.0,0.221,13.0,0,0
B100237,Personal/Household,Bank,43,25228.0,103,1,0.849,0.709,3,163648.0,0.324,18.5,0,0
B100238,Trade,Digital Lender,35,45179.0,22,1,0.798,0.737,2,293544.0,0.325,8.0,0,0
B100239,Trade,Digital Lender,39,25846.0,7,5,0.717,0.912,2,123523.0,0.239,207.7,0,1
B100240,Personal/Household,SACCO,44,24775.0,35,1,0.87,0.634,0,172186.0,0.347,11.3,0,0
B100241,Personal/Household,Bank,36,36987.0,13,2,0.7,0.765,0,192179.0,0.26,8.7,0,1
B100242,Agriculture,MFI,49,30189.0,28,1,0.684,0.696,1,146535.0,0.243,20.9,0,0
B100243,Manufacturing,Digital Lender,25,23334.0,110,2,0.878,0.641,3,190321.0,0.408,167.4,0,0
B100244,Transport,Digital Lender,32,17140.0,8,5,0.631,0.665,2,65992.0,0.192,102.5,0,1
B100245,Personal/Household,MFI,30,50052.0,6,0,0.496,0.751,2,162162.0,0.162,26.5,0,0
B100246,Transport,MFI,41,52907.0,81,1,0.947,0.521,0,80353.0,0.076,25.3,0,0
B100247,Real Estate,SACCO,21,16619.0,10,1,0.637,0.625,5,76034.0,0.229,13.0,0,0
B100248,Agriculture,MFI,49,23827.0,20,0,0.775,0.515,0,120333.0,0.253,15.7,0,0
B100249,Real Estate,MFI,41,42909.0,50,1,0.847,0.671,0,97675.0,0.114,20.8,0,0
B100250,Transport,Bank,53,15903.0,51,1,0.644,0.872,2,134086.0,0.422,17.1,0,0
B100251,Personal/Household,Bank,35,36346.0,61,1,0.611,0.442,3,189403.0,0.261,19.1,0,0
B100252,Real Estate,Digital Lender,29,24845.0,16,2,0.989,0.533,4,146282.0,0.294,104.4,0,1
B100253,Agriculture,Bank,42,15226.0,0,0,0.724,0.642,1,61552.0,0.202,12.9,0,0
B100254,Agriculture,Bank,45,79026.0,50,0,0.738,0.864,2,363967.0,0.23,9.8,0,1
B100255,Personal/Household,Digital Lender,28,24642.0,20,3,0.584,0.712,1,130971.0,0.266,148.3,1,0
B100256,Personal/Household,SACCO,18,39671.0,63,0,0.781,0.648,1,306462.0,0.386,10.9,0,0
B100257,Trade,Bank,18,16048.0,9,2,0.861,0.664,1,131452.0,0.41,15.1,0,0
B100258,Trade,Bank,38,69828.0,25,3,0.693,0.585,2,367893.0,0.263,12.4,0,0
B100259,Transport,Digital Lender,50,86774.0,2,3,0.772,0.554,0,243930.0,0.141,188.8,0,1
B100260,Trade,MFI,22,13014.0,28,3,0.792,0.51,4,70578.0,0.271,15.6,0,0
B100261,Personal/Household,MFI,32,27160.0,12,1,0.429,0.549,4,194827.0,0.359,19.7,0,0
B100262,Agriculture,MFI,32,61718.0,18,3,0.968,0.482,1,315725.0,0.256,27.6,0,0
B100263,Trade,Bank,54,22980.0,8,1,0.89,0.809,3,163577.0,0.356,14.2,0,0
B100264,Services,SACCO,58,37239.0,40,0,0.733,0.855,1,238827.0,0.321,14.8,0,0
B100265,Trade,Bank,39,11799.0,36,1,0.798,0.58,2,57568.0,0.244,17.9,0,0
B100266,Agriculture,MFI,44,19272.0,35,3,0.881,0.85,1,74646.0,0.194,19.6,0,0
B100267,Trade,Bank,44,35164.0,15,2,0.828,0.44,4,218107.0,0.31,14.1,0,1
B100268,Trade,Bank,22,21500.0,12,0,0.632,0.467,3,79443.0,0.185,11.8,1,1
B100269,Trade,Bank,42,24385.0,22,2,0.792,0.874,1,38673.0,0.079,14.8,0,0
B100270,Trade,Digital Lender,25,12919.0,20,3,0.803,0.353,1,80948.0,0.313,115.0,0,0
B100271,Trade,Bank,33,42605.0,0,1,0.573,0.834,0,353719.0,0.415,13.8,0,0
B100272,Trade,Bank,46,14232.0,25,2,0.685,0.738,1,100585.0,0.353,15.0,0,0
B100273,Transport,Bank,36,69382.0,41,0,0.463,0.723,0,250608.0,0.181,12.0,0,0
B100274,Personal/Household,SACCO,46,20425.0,49,2,0.834,0.739,0,108295.0,0.265,14.9,0,0
B100275,Real Estate,MFI,48,46184.0,166,1,0.602,0.942,3,191328.0,0.207,17.8,0,0
B100276,Agriculture,Digital Lender,18,43748.0,51,5,0.713,0.532,2,357839.0,0.409,112.7,0,1
B100277,Manufacturing,SACCO,18,17296.0,27,1,0.969,0.747,2,117552.0,0.34,9.9,0,0
B100278,Personal/Household,MFI,47,21662.0,55,3,0.734,0.819,4,173691.0,0.401,20.4,0,0
B100279,Personal/Household,SACCO,47,23119.0,63,2,0.807,0.916,0,145916.0,0.316,10.2,0,0
B100280,Trade,Bank,38,23997.0,55,1,0.952,0.609,1,114505.0,0.239,16.6,0,0
B100281,Trade,Digital Lender,39,14564.0,29,1,0.582,0.742,1,105925.0,0.364,263.5,0,0
B100282,Agriculture,Digital Lender,44,39880.0,0,3,0.559,0.719,2,236529.0,0.297,224.1,0,0
B100283,Agriculture,Bank,44,20357.0,24,2,0.955,0.673,2,154626.0,0.38,13.6,0,0
B100284,Manufacturing,SACCO,32,27923.0,5,5,0.882,0.751,1,92657.0,0.166,13.9,0,1
B100285,Real Estate,Bank,45,51715.0,6,1,0.523,0.72,1,408052.0,0.395,13.2,0,0
B100286,Trade,MFI,32,40721.0,37,0,0.628,0.85,2,127023.0,0.156,16.3,0,0
B100287,Agriculture,Digital Lender,37,21126.0,112,0,0.877,0.259,2,93034.0,0.22,49.4,0,0
B100288,Manufacturing,Digital Lender,37,52707.0,33,2,0.744,0.724,0,160202.0,0.152,197.4,0,0
B100289,Trade,Bank,26,42875.0,36,2,0.899,0.756,0,192408.0,0.224,16.5,0,0
B100290,Personal/Household,SACCO,28,20167.0,10,0,0.738,0.516,0,71361.0,0.177,16.6,0,0
B100291,Trade,SACCO,57,22410.0,58,3,0.839,0.686,2,147649.0,0.329,9.3,1,0
B100292,Services,Bank,26,51548.0,1,1,0.633,0.762,2,232579.0,0.226,16.2,0,1
B100293,Trade,SACCO,39,45628.0,3,3,0.664,0.52,1,108247.0,0.119,12.4,0,0
B100294,Personal/Household,SACCO,41,13012.0,22,0,0.534,0.741,1,64303.0,0.247,10.4,0,0
B100295,Services,Digital Lender,34,17102.0,41,1,0.729,0.642,0,141454.0,0.414,28.6,0,0
B100296,Services,Digital Lender,42,43585.0,44,2,0.667,0.818,5,175964.0,0.202,283.3,0,0
B100297,Personal/Household,Bank,38,15585.0,37,0,0.857,0.525,3,33088.0,0.106,14.5,0,0
B100298,Personal/Household,Bank,26,46292.0,83,2,0.764,0.64,1,148808.0,0.161,8.5,0,0
B100299,Transport,Bank,40,86222.0,23,0,0.947,0.681,2,271042.0,0.157,15.6,0,0
B100300,Personal/Household,Bank,30,36509.0,111,0,0.554,0.472,0,60682.0,0.083,16.0,0,0
B100301,Trade,MFI,52,17896.0,10,0,0.724,0.669,2,135846.0,0.38,18.9,0,0
B100302,Manufacturing,Digital Lender,39,32764.0,25,0,0.791,0.761,4,225244.0,0.344,8.0,0,0
B100303,Manufacturing,MFI,28,52525.0,26,2,0.845,0.543,1,216138.0,0.206,12.2,1,0
B100304,Personal/Household,SACCO,38,31395.0,36,0,0.831,0.65,1,51633.0,0.082,13.4,0,0
B100305,Real Estate,Bank,26,38797.0,17,0,0.794,0.614,1,78778.0,0.102,12.4,0,0
B100306,Real Estate,Bank,38,19155.0,92,0,0.879,0.495,2,162828.0,0.425,12.7,0,1
B100307,Transport,Digital Lender,33,19970.0,12,3,0.794,0.424,1,167457.0,0.419,144.2,0,0
B100308,Agriculture,SACCO,27,48939.0,3,1,0.768,0.825,0,370092.0,0.378,16.0,0,0
B100309,Trade,Bank,27,20098.0,14,0,0.923,0.809,1,40926.0,0.102,14.5,1,0
B100310,Real Estate,Digital Lender,59,8000.0,91,2,0.617,0.665,1,52692.0,0.329,243.6,0,1
B100311,Real Estate,MFI,36,25122.0,171,1,0.801,0.85,5,91158.0,0.181,11.9,0,0
B100312,Agriculture,Bank,31,35341.0,157,1,0.956,0.528,2,291717.0,0.413,13.8,0,0
B100313,Agriculture,MFI,29,53220.0,99,2,0.483,0.401,0,275758.0,0.259,18.0,0,0
B100314,Agriculture,SACCO,40,73510.0,10,4,0.756,0.553,1,262763.0,0.179,8.0,0,1
B100315,Agriculture,Bank,29,31150.0,91,0,0.669,0.379,1,232988.0,0.374,12.1,0,0
B100316,Agriculture,Digital Lender,24,42712.0,9,2,0.942,0.615,2,173736.0,0.203,110.7,1,1
B100317,Personal/Household,MFI,35,31772.0,74,1,0.69,0.866,2,60435.0,0.095,27.7,0,0
B100318,Agriculture,MFI,35,36125.0,34,1,0.795,0.527,1,264125.0,0.366,20.1,0,0
B100319,Services,Digital Lender,31,26829.0,69,1,0.92,0.473,0,145561.0,0.271,185.4,0,0
B100320,Services,MFI,26,36774.0,54,0,0.446,0.534,0,314013.0,0.427,22.9,0,0
B100321,Manufacturing,MFI,31,19901.0,70,3,0.967,0.777,3,169564.0,0.426,25.3,0,0
B100322,Agriculture,Bank,30,88349.0,61,2,0.36,0.741,2,368006.0,0.208,14.6,0,0
B100323,Manufacturing,Bank,29,8000.0,33,3,0.899,0.529,1,44030.0,0.275,14.1,0,1
B100324,Personal/Household,Bank,38,40700.0,5,3,0.894,0.874,1,130332.0,0.16,14.0,0,0
B100325,Transport,Bank,57,35446.0,57,4,0.731,0.73,1,206044.0,0.291,10.4,0,0
B100326,Personal/Household,SACCO,48,36469.0,5,3,0.671,0.867,2,92738.0,0.127,14.0,0,1
B100327,Manufacturing,Bank,54,15513.0,34,1,0.809,0.744,2,121538.0,0.392,14.4,0,0
B100328,Transport,Bank,29,11814.0,11,2,0.798,0.792,2,47087.0,0.199,14.7,0,0
B100329,Agriculture,MFI,52,41489.0,13,1,0.668,0.597,1,158183.0,0.191,17.5,0,0
B100330,Personal/Household,Bank,37,62165.0,16,0,0.805,0.606,2,180108.0,0.145,16.3,0,0
B100331,Trade,SACCO,45,33561.0,48,1,0.761,0.725,2,233744.0,0.348,13.3,0,0
B100332,Personal/Household,SACCO,40,46300.0,10,4,0.625,0.267,1,253213.0,0.273,16.5,0,0
B100333,Personal/Household,Bank,32,23110.0,3,2,0.77,0.672,1,58352.0,0.126,14.7,0,0
B100334,Trade,Bank,42,35681.0,46,2,0.639,0.872,4,266507.0,0.373,13.4,0,0
B100335,Transport,MFI,40,58344.0,24,3,0.817,0.646,2,160290.0,0.137,27.9,0,0
B100336,Trade,Bank,18,25023.0,27,1,0.879,0.535,3,104127.0,0.208,13.3,0,0
B100337,Personal/Household,MFI,34,57076.0,5,1,0.749,0.644,4,273048.0,0.239,15.1,0,0
B100338,Trade,SACCO,44,12100.0,150,1,0.797,0.869,0,28560.0,0.118,9.0,0,0
B100339,Services,SACCO,38,21223.0,99,1,0.442,0.867,1,101121.0,0.238,13.0,0,0
B100340,Trade,MFI,40,40145.0,28,1,0.677,0.536,0,206095.0,0.257,22.4,0,0
B100341,Services,Digital Lender,27,84672.0,55,2,0.907,0.851,1,398608.0,0.235,54.7,0,0
B100342,Personal/Household,Bank,38,29967.0,17,2,0.741,0.612,2,178628.0,0.298,14.8,0,0
B100343,Transport,Digital Lender,34,16837.0,73,3,0.535,0.751,1,37274.0,0.111,8.0,0,0
B100344,Personal/Household,Digital Lender,33,83620.0,33,1,0.801,0.694,0,411480.0,0.246,92.7,0,0
B100345,Personal/Household,MFI,28,27740.0,3,1,0.897,0.284,1,76420.0,0.138,24.4,0,0
B100346,Services,Bank,44,42857.0,6,2,0.509,0.328,2,93183.0,0.109,15.2,1,0
B100347,Agriculture,Bank,38,24737.0,8,3,0.874,0.59,3,88860.0,0.18,15.2,0,0
B100348,Transport,Digital Lender,37,32153.0,36,0,0.858,0.918,4,172614.0,0.268,171.5,0,0
B100349,Trade,Bank,56,21826.0,3,1,0.865,0.635,4,104918.0,0.24,13.0,0,0
B100350,Transport,Digital Lender,40,102920.0,45,3,0.978,0.576,4,161789.0,0.079,311.8,0,0
B100351,Trade,MFI,47,57250.0,12,1,0.67,0.567,3,108274.0,0.095,12.7,0,0
B100352,Manufacturing,MFI,38,78627.0,48,0,0.918,0.812,1,262522.0,0.167,23.4,1,0
B100353,Manufacturing,SACCO,31,19271.0,67,0,0.739,0.716,2,33219.0,0.086,11.4,0,1
B100354,Real Estate,Bank,24,10897.0,33,2,0.482,0.842,2,73887.0,0.339,17.4,0,0
B100355,Manufacturing,MFI,37,25308.0,0,2,0.882,0.627,1,126329.0,0.25,15.9,0,0
B100356,Personal/Household,Digital Lender,18,118665.0,12,0,0.85,0.668,2,965752.0,0.407,230.9,0,0
B100357,Personal/Household,Bank,38,24909.0,6,2,0.922,0.51,0,195854.0,0.393,15.8,0,1
B100358,Manufacturing,Digital Lender,38,53023.0,71,1,0.813,0.61,0,97752.0,0.092,91.4,0,0
B100359,Transport,Digital Lender,33,16921.0,32,4,0.813,0.95,4,125929.0,0.372,266.3,0,0
B100360,Services,Bank,34,18846.0,39,0,0.86,0.662,1,43347.0,0.115,14.8,0,0
B100361,Trade,MFI,22,28456.0,18,1,0.686,0.526,2,84628.0,0.149,15.8,0,0
B100362,Trade,Bank,49,94877.0,14,2,0.928,0.575,5,500576.0,0.264,13.7,0,0
B100363,Trade,SACCO,32,54455.0,29,3,0.477,0.616,4,341075.0,0.313,9.2,0,0
B100364,Transport,Digital Lender,25,9612.0,2,2,0.796,0.742,1,23601.0,0.123,207.9,0,0
B100365,Real Estate,Digital Lender,40,42903.0,51,1,0.935,0.479,3,371669.0,0.433,265.4,0,0
B100366,Personal/Household,Digital Lender,36,15807.0,39,3,0.574,0.519,2,108814.0,0.344,159.6,0,0
B100367,Transport,Bank,31,20438.0,3,0,0.96,0.138,2,70927.0,0.174,14.9,0,0
B100368,Agriculture,MFI,30,39368.0,42,2,0.876,0.817,2,112683.0,0.143,12.5,0,0
B100369,Services,Bank,35,64160.0,21,3,0.44,0.455,1,251878.0,0.196,15.6,0,0
B100370,Personal/Household,Digital Lender,48,62448.0,62,1,0.599,0.679,4,156932.0,0.126,131.1,0,0
B100371,Agriculture,Bank,40,35681.0,8,0,0.789,0.464,2,97032.0,0.136,14.2,1,0
B100372,Agriculture,Bank,35,35957.0,0,1,0.871,0.636,1,119224.0,0.166,18.3,0,0
B100373,Agriculture,Bank,44,62344.0,18,2,0.767,0.823,1,271358.0,0.218,12.1,0,0
B100374,Trade,Bank,35,12500.0,11,3,0.534,0.334,2,106809.0,0.427,16.7,1,0
B100375,Trade,Bank,39,81230.0,16,0,0.828,0.938,0,549882.0,0.338,16.2,0,0
B100376,Services,Bank,37,19835.0,73,3,0.854,0.544,1,53074.0,0.134,17.0,0,0
B100377,Real Estate,Digital Lender,41,34315.0,11,4,0.779,0.517,1,184820.0,0.269,212.9,0,0
B100378,Real Estate,Digital Lender,31,22631.0,27,1,0.979,0.544,2,73918.0,0.163,24.4,0,1
B100379,Personal/Household,Bank,24,15744.0,2,1,0.808,0.893,0,118930.0,0.378,13.7,0,0
B100380,Manufacturing,Digital Lender,44,38326.0,4,2,0.399,0.595,2,273422.0,0.357,203.9,0,0
B100381,Services,MFI,50,33864.0,30,2,0.885,0.642,5,116296.0,0.172,15.3,0,0
B100382,Personal/Household,Digital Lender,24,28058.0,23,1,0.66,0.671,1,100675.0,0.179,150.5,0,0
B100383,Real Estate,Bank,37,27338.0,6,3,0.888,0.747,0,60249.0,0.11,15.9,0,0
B100384,Agriculture,MFI,31,68821.0,20,3,0.545,0.338,2,501926.0,0.365,21.9,0,0
B100385,Services,Bank,44,99314.0,82,0,0.889,0.651,2,188761.0,0.095,11.9,0,0
B100386,Personal/Household,Bank,37,59225.0,6,0,0.867,0.848,1,336079.0,0.284,12.9,0,0
B100387,Services,SACCO,68,34633.0,52,0,0.894,0.818,2,136192.0,0.197,11.5,0,0
B100388,Trade,Digital Lender,32,12082.0,68,4,0.873,0.786,0,66387.0,0.275,34.4,0,0
B100389,Personal/Household,Digital Lender,50,41979.0,36,0,0.897,0.932,3,271904.0,0.324,324.7,1,0
B100390,Transport,Bank,51,43013.0,4,1,0.816,0.829,2,323208.0,0.376,15.8,0,0
B100391,Trade,MFI,40,45444.0,5,3,0.713,0.713,2,395495.0,0.435,26.3,0,1
B100392,Transport,Digital Lender,35,15874.0,68,3,0.65,0.741,2,129707.0,0.409,150.7,1,0
B100393,Personal/Household,Bank,36,47455.0,81,2,0.721,0.799,3,236212.0,0.249,14.4,0,0
B100394,Trade,Bank,35,70184.0,15,2,0.776,0.293,1,109061.0,0.078,13.3,1,0
B100395,Real Estate,Bank,46,17319.0,31,0,0.896,0.913,3,71362.0,0.206,18.8,0,0
B100396,Personal/Household,Bank,26,43328.0,54,1,0.56,0.563,2,320291.0,0.37,16.6,0,0
B100397,Agriculture,Bank,33,19025.0,224,1,0.667,0.608,2,169859.0,0.446,17.0,1,0
B100398,Real Estate,Bank,32,28075.0,18,1,0.954,0.601,0,234080.0,0.417,12.9,0,0
B100399,Real Estate,SACCO,18,17645.0,0,0,0.848,0.558,3,117228.0,0.332,9.8,1,0
B100400,Agriculture,SACCO,44,24517.0,51,1,0.864,0.646,4,117721.0,0.24,14.3,1,0
B100401,Services,Digital Lender,46,24621.0,20,5,0.933,0.833,3,113228.0,0.23,253.0,0,0
B100402,Personal/Household,SACCO,29,37300.0,70,3,0.954,0.68,4,139021.0,0.186,18.0,0,0
B100403,Trade,Bank,45,48518.0,12,1,0.872,0.794,1,332249.0,0.342,12.9,0,1
B100404,Services,Digital Lender,19,58041.0,50,2,0.655,0.939,1,381362.0,0.329,136.7,0,0
B100405,Personal/Household,SACCO,35,20773.0,51,3,0.774,0.789,1,49744.0,0.12,10.1,0,0
B100406,Agriculture,MFI,34,36240.0,48,0,0.72,0.686,2,313424.0,0.432,20.7,0,0
B100407,Personal/Household,Bank,36,16253.0,108,1,0.893,0.32,3,135724.0,0.418,15.1,0,0
B100408,Trade,SACCO,36,27977.0,8,2,0.57,0.559,2,191962.0,0.343,15.1,0,0
B100409,Services,SACCO,34,30440.0,2,1,0.811,0.343,2,240004.0,0.394,16.2,0,0
B100410,Transport,SACCO,31,17901.0,9,3,0.437,0.809,1,153300.0,0.428,16.2,1,0
B100411,Transport,Digital Lender,34,40437.0,30,4,0.774,0.664,1,67848.0,0.084,82.5,0,0
B100412,Trade,Digital Lender,49,27292.0,93,4,0.759,0.686,2,204111.0,0.374,70.9,0,0
B100413,Services,Digital Lender,29,32367.0,21,5,0.934,0.787,6,256611.0,0.396,84.8,0,0
B100414,Trade,SACCO,58,58307.0,1,0,0.707,0.546,6,262383.0,0.225,15.4,0,0
B100415,Agriculture,Digital Lender,29,23501.0,67,3,0.751,0.71,1,70901.0,0.151,164.6,0,0
B100416,Trade,Digital Lender,37,47458.0,6,1,0.692,0.393,3,367690.0,0.387,121.7,0,1
B100417,Personal/Household,Bank,41,65748.0,1,1,0.702,0.713,1,514235.0,0.391,12.3,0,1
B100418,Trade,SACCO,32,63569.0,18,3,0.775,0.613,1,413070.0,0.325,15.0,0,0
B100419,Services,Bank,49,26810.0,52,2,0.805,0.791,2,83442.0,0.156,12.3,1,0
B100420,Transport,Bank,40,17414.0,5,3,0.64,0.787,2,102415.0,0.294,12.3,0,0
B100421,Trade,Bank,33,20121.0,14,3,0.829,0.468,3,144649.0,0.359,16.0,0,0
B100422,Trade,MFI,49,12423.0,56,2,0.88,0.685,4,75277.0,0.303,22.0,0,0
B100423,Trade,Bank,25,43361.0,15,2,0.78,0.735,2,386436.0,0.446,14.8,0,0
B100424,Transport,Bank,29,44867.0,12,4,0.86,0.45,2,266277.0,0.297,10.2,0,0
B100425,Personal/Household,Bank,41,31716.0,46,1,0.717,0.686,1,196029.0,0.309,11.2,0,0
B100426,Agriculture,SACCO,43,13948.0,4,3,0.906,0.927,0,42830.0,0.154,13.9,0,0
B100427,Personal/Household,Digital Lender,38,24321.0,5,1,0.944,0.759,1,169014.0,0.347,198.9,0,0
B100428,Trade,Digital Lender,34,63522.0,5,2,0.722,0.528,4,136555.0,0.107,123.5,0,0
B100429,Personal/Household,MFI,32,41578.0,10,2,0.853,0.799,1,135785.0,0.163,20.6,0,0
B100430,Services,Bank,46,45738.0,10,2,0.835,0.871,1,106397.0,0.116,16.5,0,0
B100431,Personal/Household,Digital Lender,37,183401.0,16,3,0.585,0.731,3,1264059.0,0.345,233.6,0,0
B100432,Personal/Household,Bank,26,35612.0,59,5,0.849,0.613,2,86078.0,0.121,11.7,0,0
B100433,Personal/Household,Digital Lender,26,9070.0,2,3,0.699,0.471,3,57005.0,0.314,134.1,0,0
B100434,Trade,SACCO,50,16226.0,4,1,0.898,0.49,0,77835.0,0.24,13.6,0,0
B100435,Trade,MFI,28,35174.0,36,2,0.563,0.868,2,191135.0,0.272,19.5,0,0
B100436,Trade,Bank,38,30041.0,9,6,0.609,0.61,4,212866.0,0.354,14.6,0,1
B100437,Manufacturing,Bank,49,27049.0,22,1,0.724,0.69,3,220473.0,0.408,21.3,0,0
B100438,Personal/Household,MFI,40,27311.0,5,0,0.937,0.958,3,232573.0,0.426,16.2,0,0
B100439,Transport,MFI,27,19314.0,32,0,0.88,0.469,2,36091.0,0.093,21.5,0,0
B100440,Personal/Household,Digital Lender,25,36519.0,104,0,0.829,0.782,2,303603.0,0.416,190.9,0,1
B100441,Trade,SACCO,54,64017.0,7,2,0.836,0.631,1,370219.0,0.289,17.5,0,0
B100442,Personal/Household,MFI,25,77094.0,40,4,0.928,0.678,1,623360.0,0.404,13.6,0,0
B100443,Trade,Bank,29,75901.0,17,3,0.714,0.603,1,235802.0,0.155,14.2,0,1
B100444,Agriculture,MFI,39,17575.0,66,3,0.558,0.793,2,75844.0,0.216,22.8,0,0
B100445,Personal/Household,Bank,33,29405.0,26,3,0.76,0.856,3,87306.0,0.148,15.5,0,1
B100446,Services,SACCO,41,25019.0,16,1,0.719,0.794,4,214417.0,0.428,14.9,0,0
B100447,Transport,SACCO,20,41175.0,13,4,0.948,0.243,3,359532.0,0.437,8.0,0,0
B100448,Trade,Digital Lender,33,28411.0,66,3,0.179,0.498,1,228221.0,0.402,8.0,0,0
B100449,Transport,MFI,42,26263.0,13,2,0.749,0.652,1,54494.0,0.104,20.5,0,0
B100450,Trade,Bank,42,66172.0,3,4,0.801,0.466,2,408607.0,0.309,16.1,0,1
B100451,Services,Digital Lender,29,31386.0,2,1,0.382,0.509,1,149146.0,0.238,140.8,0,0
B100452,Personal/Household,SACCO,25,31834.0,28,1,0.933,0.622,6,271850.0,0.427,14.1,0,0
B100453,Trade,SACCO,37,37320.0,7,1,0.767,0.609,3,156060.0,0.209,14.5,0,0
B100454,Trade,MFI,22,43127.0,9,3,0.858,0.544,2,306339.0,0.355,26.3,0,1
B100455,Trade,Digital Lender,48,43264.0,26,3,0.737,0.611,1,324430.0,0.375,90.8,0,0
B100456,Services,Bank,37,69820.0,138,1,0.76,0.541,3,585219.0,0.419,18.1,0,0
B100457,Real Estate,MFI,28,14660.0,62,0,0.876,0.479,0,29304.0,0.1,21.4,0,0
B100458,Personal/Household,Digital Lender,24,35541.0,52,1,0.534,0.726,3,71004.0,0.1,37.2,0,0
B100459,Transport,Bank,29,28105.0,12,4,0.9,0.43,0,241359.0,0.429,12.4,0,0
B100460,Manufacturing,Digital Lender,19,25198.0,95,0,0.706,0.915,2,61441.0,0.122,149.9,0,0
B100461,Trade,Bank,40,45106.0,6,0,0.767,0.828,2,280336.0,0.311,14.2,0,0
B100462,Services,Bank,27,60664.0,16,1,0.78,0.861,3,190839.0,0.157,13.3,0,0
B100463,Agriculture,Bank,39,21473.0,0,1,0.556,0.836,0,71747.0,0.167,11.4,0,0
B100464,Manufacturing,Digital Lender,40,75193.0,16,3,0.916,0.702,1,345803.0,0.23,310.4,0,1
B100465,Personal/Household,Digital Lender,45,13529.0,2,2,0.603,0.754,4,110972.0,0.41,181.9,0,1
B100466,Transport,Bank,38,41136.0,142,0,0.771,0.729,1,309647.0,0.376,16.0,1,0
B100467,Services,Bank,46,18217.0,20,0,0.766,0.746,2,72415.0,0.199,13.7,0,0
B100468,Trade,Bank,49,20890.0,52,0,0.858,0.8,3,43959.0,0.105,11.4,1,0
B100469,Manufacturing,Bank,38,30732.0,8,2,0.886,0.699,3,263407.0,0.429,12.0,0,0
B100470,Real Estate,SACCO,38,23876.0,1,1,0.782,0.693,5,184418.0,0.386,8.0,0,0
B100471,Real Estate,Bank,29,8000.0,8,2,0.586,0.559,1,52017.0,0.325,14.2,0,1
B100472,Trade,Bank,25,41619.0,1,1,0.664,0.737,3,310107.0,0.373,15.9,0,0
B100473,Trade,Bank,48,45655.0,0,2,0.617,0.628,2,109035.0,0.119,16.3,0,0
B100474,Agriculture,SACCO,41,27212.0,12,0,0.931,0.529,5,46855.0,0.086,10.7,0,0
B100475,Agriculture,SACCO,42,26061.0,25,1,0.945,0.385,2,205616.0,0.394,13.0,0,0
B100476,Real Estate,SACCO,29,24219.0,30,4,0.443,0.868,1,151909.0,0.314,9.5,0,0
B100477,Transport,MFI,51,11599.0,32,1,0.547,0.636,1,85249.0,0.367,20.2,0,0
B100478,Transport,Digital Lender,33,10943.0,10,5,0.71,0.843,1,61109.0,0.279,59.9,0,0
B100479,Real Estate,MFI,27,46258.0,49,2,0.919,0.566,1,347828.0,0.376,21.9,0,0
B100480,Real Estate,Digital Lender,29,53401.0,29,1,0.822,0.544,2,370401.0,0.347,114.5,0,1
B100481,Trade,SACCO,51,41285.0,6,0,0.82,0.693,1,137902.0,0.167,16.3,0,1
B100482,Transport,Bank,24,36629.0,1,2,0.674,0.599,2,183191.0,0.25,12.4,0,1
B100483,Agriculture,Digital Lender,27,45729.0,4,3,0.716,0.603,1,94951.0,0.104,95.2,0,1
B100484,Trade,SACCO,64,44084.0,11,1,0.689,0.684,2,300380.0,0.341,13.6,0,0
B100485,Real Estate,SACCO,44,19306.0,57,2,0.726,0.511,0,96293.0,0.249,13.8,0,0
B100486,Real Estate,Bank,28,33602.0,5,1,0.846,0.663,1,111870.0,0.166,18.8,0,0
B100487,Agriculture,MFI,24,25265.0,46,2,0.858,0.678,3,69158.0,0.137,25.6,0,0
B100488,Manufacturing,Digital Lender,18,25449.0,9,1,0.899,0.54,2,66116.0,0.13,171.4,0,0
B100489,Manufacturing,Bank,36,55665.0,43,0,0.895,0.611,0,306487.0,0.275,13.9,0,0
B100490,Personal/Household,Bank,42,70690.0,78,1,0.847,0.924,2,513649.0,0.363,14.8,0,0
B100491,Transport,Bank,50,8181.0,23,0,0.772,0.795,1,22716.0,0.139,18.7,0,0
B100492,Transport,MFI,18,25841.0,31,1,0.842,0.866,8,216290.0,0.418,19.9,1,0
B100493,Agriculture,Digital Lender,22,25107.0,41,7,0.854,0.742,1,199358.0,0.397,290.7,0,0
B100494,Personal/Household,SACCO,34,56320.0,11,3,0.979,0.484,1,285763.0,0.254,10.4,0,0
B100495,Manufacturing,Digital Lender,63,13390.0,3,1,0.945,0.857,5,20808.0,0.078,149.3,0,0
B100496,Real Estate,MFI,44,8000.0,2,1,0.84,0.835,1,66462.0,0.415,16.6,0,1
B100497,Transport,Bank,39,46701.0,23,2,0.891,0.88,1,295513.0,0.316,10.2,0,0
B100498,Agriculture,Bank,23,50494.0,49,5,0.934,0.734,2,77238.0,0.076,14.3,0,0
B100499,Manufacturing,Bank,18,11146.0,0,3,0.989,0.76,4,53118.0,0.238,15.1,0,0
B100500,Personal/Household,SACCO,35,27766.0,2,1,0.607,0.773,0,231686.0,0.417,9.5,0,0
B100501,Services,Bank,34,68982.0,5,1,0.64,0.879,1,393089.0,0.285,17.0,0,0
B100502,Services,Bank,32,16433.0,122,2,0.87,0.702,1,45792.0,0.139,15.8,0,0
B100503,Manufacturing,Digital Lender,31,31432.0,30,2,0.813,0.657,2,227097.0,0.361,142.2,0,0
B100504,Manufacturing,MFI,28,39316.0,14,1,0.753,0.894,0,219977.0,0.28,24.4,0,0
B100505,Personal/Household,Bank,25,13559.0,40,2,0.879,0.753,3,61062.0,0.225,17.1,0,0
B100506,Agriculture,SACCO,49,21805.0,12,3,0.868,0.631,2,111497.0,0.256,10.3,0,0
B100507,Personal/Household,MFI,26,11732.0,11,0,0.746,0.85,2,59150.0,0.252,23.4,0,0
B100508,Manufacturing,Digital Lender,32,27160.0,16,4,0.807,0.192,3,151410.0,0.279,181.8,0,1
B100509,Trade,SACCO,35,19244.0,25,0,0.77,0.212,1,52276.0,0.136,17.1,0,0
B100510,Trade,Bank,42,33330.0,0,2,0.662,0.663,3,226957.0,0.34,11.4,0,0
B100511,Personal/Household,Bank,26,42157.0,0,3,0.631,0.783,2,373345.0,0.443,14.9,0,0
B100512,Trade,Bank,45,63815.0,77,1,0.674,0.632,1,527122.0,0.413,13.6,0,0
B100513,Agriculture,SACCO,29,107232.0,2,2,0.833,0.711,2,796964.0,0.372,13.3,0,0
B100514,Agriculture,MFI,33,33331.0,24,1,0.847,0.38,0,283443.0,0.425,23.5,0,0
B100515,Trade,SACCO,51,24981.0,18,1,0.725,0.593,5,56272.0,0.113,9.7,0,0
B100516,Agriculture,MFI,25,24196.0,16,2,0.871,0.778,3,68603.0,0.142,22.4,0,0
B100517,Personal/Household,Bank,42,17489.0,95,0,0.973,0.284,2,68631.0,0.196,11.0,0,0
B100518,Trade,Bank,45,38043.0,122,1,0.865,0.549,2,78840.0,0.104,13.9,0,0
B100519,Personal/Household,Bank,38,22648.0,5,4,0.818,0.545,1,203122.0,0.448,15.2,0,0
B100520,Personal/Household,MFI,34,39534.0,23,1,0.847,0.698,0,344715.0,0.436,15.3,0,0
B100521,Agriculture,MFI,56,17798.0,111,1,0.916,0.911,2,146943.0,0.413,16.2,0,0
B100522,Trade,Digital Lender,35,23009.0,3,4,0.814,0.821,1,113593.0,0.247,229.3,0,1
B100523,Transport,Bank,37,37714.0,48,3,0.719,0.651,2,105651.0,0.14,12.1,0,1
B100524,Trade,SACCO,32,27759.0,1,1,0.739,0.697,2,229184.0,0.413,17.8,0,0
B100525,Agriculture,Bank,37,10340.0,17,3,0.959,0.609,2,71383.0,0.345,14.7,0,0
B100526,Services,SACCO,45,29485.0,3,0,0.904,0.789,1,203722.0,0.345,12.9,0,0
B100527,Services,Bank,32,19130.0,23,0,0.886,0.926,6,88617.0,0.232,14.4,0,0
B100528,Personal/Household,SACCO,18,56942.0,14,2,0.252,0.665,3,439172.0,0.386,19.4,0,1
B100529,Agriculture,Bank,40,50722.0,0,3,0.532,0.416,3,247677.0,0.244,11.8,1,1
B100530,Personal/Household,Bank,24,8471.0,39,1,0.673,0.603,1,18563.0,0.11,15.4,0,0
B100531,Personal/Household,MFI,42,46204.0,35,0,0.884,0.68,2,228272.0,0.247,21.3,0,0
B100532,Real Estate,Bank,35,36832.0,13,6,0.823,0.604,3,219546.0,0.298,13.8,1,0
B100533,Transport,MFI,44,13145.0,9,0,0.747,0.909,3,112508.0,0.428,15.9,0,0
B100534,Trade,Bank,26,48198.0,27,2,0.861,0.708,0,244409.0,0.254,20.9,0,0
B100535,Trade,Digital Lender,30,14707.0,27,3,0.633,0.741,4,99600.0,0.339,258.1,0,0
B100536,Manufacturing,Bank,32,55824.0,25,1,0.895,0.783,2,437589.0,0.392,13.7,1,0
B100537,Trade,MFI,20,20839.0,3,2,0.811,0.518,3,58284.0,0.14,18.2,0,0
B100538,Trade,Digital Lender,46,12901.0,4,1,0.8,0.709,2,28067.0,0.109,142.9,0,0
B100539,Personal/Household,SACCO,19,95455.0,18,2,0.847,0.68,4,329145.0,0.172,13.0,0,0
B100540,Services,Bank,46,12702.0,3,1,0.568,0.817,2,74449.0,0.293,13.0,0,0
B100541,Manufacturing,MFI,39,19086.0,1,1,0.86,0.701,3,79644.0,0.209,17.1,0,0
B100542,Personal/Household,Bank,33,21259.0,2,4,0.865,0.598,1,146200.0,0.344,13.7,0,0
B100543,Services,MFI,38,23141.0,46,3,0.885,0.698,2,194177.0,0.42,26.5,0,0
B100544,Trade,MFI,38,43666.0,1,2,0.608,0.848,4,151477.0,0.173,24.3,0,0
B100545,Real Estate,Digital Lender,31,30695.0,31,0,0.821,0.847,2,165937.0,0.27,125.3,0,0
B100546,Real Estate,Digital Lender,38,51656.0,1,4,0.75,0.706,0,158437.0,0.153,102.2,0,1
B100547,Trade,Bank,42,36481.0,4,0,0.66,0.816,0,325151.0,0.446,12.7,1,1
B100548,Personal/Household,Bank,26,11847.0,39,2,0.883,0.722,2,100782.0,0.425,16.8,0,0
B100549,Real Estate,Bank,38,40232.0,22,5,0.904,0.47,2,280546.0,0.349,17.6,0,0
B100550,Real Estate,MFI,18,33813.0,12,0,0.843,0.626,3,137222.0,0.203,20.7,0,0
B100551,Trade,Bank,18,21088.0,3,0,0.704,0.851,2,171986.0,0.408,12.6,0,0
B100552,Trade,SACCO,41,93018.0,5,1,0.676,0.894,1,571928.0,0.307,12.8,0,0
B100553,Services,MFI,31,41547.0,10,0,0.64,0.65,2,370280.0,0.446,18.5,0,1
B100554,Trade,Digital Lender,26,49909.0,79,3,0.759,0.927,3,89996.0,0.09,184.4,0,0
B100555,Agriculture,MFI,34,50874.0,24,0,0.844,0.801,1,236189.0,0.232,23.0,0,0
B100556,Agriculture,Bank,31,23599.0,55,3,0.909,0.47,3,183961.0,0.39,17.3,0,0
B100557,Manufacturing,Bank,25,42124.0,18,1,0.81,0.775,1,143177.0,0.17,10.6,0,0
B100558,Transport,SACCO,19,35377.0,8,1,0.755,0.687,1,111211.0,0.157,9.2,0,0
B100559,Manufacturing,Bank,18,21887.0,43,1,0.672,0.666,2,127560.0,0.291,14.2,1,1
B100560,Trade,Bank,42,15186.0,29,1,0.932,0.614,2,59728.0,0.197,15.6,0,0
B100561,Agriculture,Bank,31,30132.0,19,2,0.812,0.947,0,258271.0,0.429,16.0,0,0
B100562,Personal/Household,SACCO,45,41061.0,90,4,0.882,0.766,0,123753.0,0.151,9.9,0,0
B100563,Transport,Digital Lender,31,29999.0,5,1,0.811,0.662,4,160384.0,0.267,99.9,1,1
B100564,Transport,Bank,39,26896.0,133,3,0.758,0.592,0,143779.0,0.267,11.4,0,0
B100565,Transport,Bank,34,30183.0,2,2,0.825,0.677,2,192929.0,0.32,14.5,0,1
B100566,Personal/Household,MFI,35,25391.0,1,0,0.531,0.357,2,199329.0,0.392,20.4,0,0
B100567,Trade,Bank,36,69712.0,19,0,0.515,0.707,1,332191.0,0.238,14.8,0,0
B100568,Agriculture,Digital Lender,31,34497.0,18,1,0.851,0.5,0,52308.0,0.076,196.9,0,0
B100569,Manufacturing,MFI,23,22753.0,2,2,0.825,0.49,0,66708.0,0.147,12.3,0,0
B100570,Agriculture,SACCO,43,10999.0,1,2,0.946,0.81,1,23929.0,0.109,12.7,0,0
B100571,Personal/Household,Digital Lender,51,26676.0,5,3,0.772,0.757,0,79085.0,0.148,72.7,0,0
B100572,Manufacturing,SACCO,52,21650.0,75,1,0.635,0.651,1,139807.0,0.323,8.0,0,0
B100573,Personal/Household,Bank,29,21212.0,22,2,0.708,0.794,2,45374.0,0.107,16.3,0,0
B100574,Personal/Household,SACCO,28,49933.0,28,2,0.878,0.587,1,353209.0,0.354,12.3,0,0
B100575,Manufacturing,MFI,29,31066.0,2,0,0.731,0.586,0,188979.0,0.304,22.1,1,0
B100576,Services,MFI,33,11786.0,14,4,0.623,0.697,2,31263.0,0.133,17.5,0,0
B100577,Transport,Digital Lender,34,41788.0,1,1,0.789,0.68,1,324255.0,0.388,114.8,0,0
B100578,Personal/Household,Bank,25,12455.0,41,0,0.763,0.627,1,96893.0,0.389,12.0,0,0
B100579,Agriculture,MFI,20,43535.0,13,0,0.58,0.802,2,165229.0,0.19,24.2,0,0
B100580,Manufacturing,Bank,35,22896.0,4,2,0.47,0.447,1,205947.0,0.45,12.2,0,0
B100581,Manufacturing,Bank,18,31188.0,18,2,0.778,0.664,3,280322.0,0.449,17.7,0,0
B100582,Trade,SACCO,34,29328.0,20,2,0.524,0.647,1,246037.0,0.419,12.7,0,0
B100583,Real Estate,Digital Lender,26,27406.0,32,5,0.75,0.933,2,227184.0,0.414,219.6,0,0
B100584,Services,SACCO,43,33364.0,45,0,0.549,0.8,1,173050.0,0.259,19.6,0,0
B100585,Transport,Bank,45,31102.0,32,4,0.685,0.751,3,93281.0,0.15,16.0,0,0
B100586,Trade,Bank,46,83146.0,4,2,0.7,0.794,2,693525.0,0.417,14.8,0,0
B100587,Agriculture,MFI,32,33630.0,29,2,0.543,0.477,2,137723.0,0.205,16.3,0,0
B100588,Trade,MFI,24,34063.0,33,1,0.796,0.528,4,138119.0,0.203,16.6,0,0
B100589,Trade,Digital Lender,27,20126.0,45,4,0.59,0.599,3,83016.0,0.206,210.6,0,0
B100590,Services,SACCO,38,36662.0,22,2,0.437,0.757,2,327190.0,0.446,9.4,1,0
B100591,Real Estate,Digital Lender,19,16933.0,8,3,0.73,0.304,2,141075.0,0.417,54.7,0,1
B100592,Agriculture,Digital Lender,49,55970.0,17,3,0.735,0.568,2,315782.0,0.282,246.9,1,0
B100593,Transport,Bank,32,13143.0,17,2,0.254,0.805,2,99496.0,0.378,13.2,1,0
B100594,Trade,SACCO,40,18695.0,1,0,0.844,0.72,3,153400.0,0.41,13.9,0,0
B100595,Agriculture,SACCO,18,12137.0,8,1,0.735,0.724,5,102700.0,0.423,15.1,1,1
B100596,Personal/Household,Digital Lender,26,37452.0,1,4,0.95,0.675,2,173726.0,0.232,197.5,0,0
B100597,Transport,MFI,18,23550.0,20,3,0.868,0.914,0,84558.0,0.18,21.6,0,1
B100598,Services,SACCO,45,43359.0,11,5,0.944,0.784,2,228174.0,0.263,11.2,0,0
B100599,Transport,Bank,33,17386.0,48,1,0.842,0.504,1,133422.0,0.384,13.1,0,0
B100600,Real Estate,SACCO,41,39827.0,53,2,0.809,0.602,3,149824.0,0.188,15.0,0,0
B100601,Personal/Household,Digital Lender,36,40901.0,19,6,0.596,0.617,1,217376.0,0.266,140.9,1,0
B100602,Services,Digital Lender,40,33406.0,5,6,0.739,0.681,3,263905.0,0.395,234.0,0,0
B100603,Personal/Household,Bank,32,30242.0,7,1,0.918,0.81,3,185661.0,0.307,16.0,0,0
B100604,Services,Bank,33,32063.0,87,0,0.732,0.58,6,234945.0,0.366,18.0,0,0
B100605,Personal/Household,Digital Lender,34,18018.0,5,3,0.56,0.634,1,83511.0,0.232,99.0,0,0
B100606,Personal/Household,SACCO,39,16459.0,21,1,0.895,0.711,1,103530.0,0.314,16.0,0,0
B100607,Trade,Digital Lender,39,40100.0,13,0,0.886,0.683,0,253936.0,0.317,130.9,0,0
B100608,Personal/Household,Bank,63,24275.0,54,1,0.488,0.564,0,104577.0,0.215,13.8,1,0
B100609,Real Estate,Digital Lender,52,38153.0,5,2,0.715,0.472,0,76063.0,0.1,147.7,0,1
B100610,Manufacturing,SACCO,18,69776.0,61,2,0.678,0.91,0,285106.0,0.204,14.4,0,1
B100611,Transport,Bank,34,23123.0,16,2,0.521,0.755,0,204019.0,0.441,13.6,1,0
B100612,Services,Bank,31,21374.0,92,2,0.653,0.643,2,78681.0,0.184,9.0,0,0
B100613,Services,SACCO,48,24876.0,28,3,0.547,0.697,2,165381.0,0.332,15.4,0,0
B100614,Agriculture,Bank,32,30377.0,28,2,0.755,0.771,2,201401.0,0.331,16.0,0,0
B100615,Personal/Household,Digital Lender,40,41680.0,19,5,0.748,0.872,0,205048.0,0.246,55.4,0,0
B100616,Personal/Household,MFI,18,29272.0,27,2,0.829,0.776,2,184465.0,0.315,18.3,0,0
B100617,Agriculture,MFI,20,93265.0,26,2,0.652,0.738,1,165870.0,0.089,14.4,1,0
B100618,Trade,Bank,56,37476.0,47,2,0.619,0.738,1,256402.0,0.342,15.2,0,0
B100619,Trade,Digital Lender,36,45682.0,18,0,0.972,0.969,0,280500.0,0.307,84.6,0,0
B100620,Personal/Household,SACCO,25,29136.0,20,1,0.867,0.663,2,169330.0,0.291,8.0,0,0
B100621,Manufacturing,Digital Lender,37,51871.0,24,3,0.834,0.696,0,259909.0,0.251,110.0,0,0
B100622,Services,Digital Lender,24,26558.0,21,3,0.641,0.801,1,233270.0,0.439,76.4,0,0
B100623,Real Estate,SACCO,32,20862.0,33,0,0.902,0.61,1,46759.0,0.112,15.0,0,0
B100624,Services,Digital Lender,20,48920.0,5,2,0.787,0.708,0,272319.0,0.278,8.0,0,0
B100625,Real Estate,SACCO,27,28810.0,41,3,0.939,0.693,2,141866.0,0.246,13.4,1,0
B100626,Personal/Household,MFI,31,34027.0,93,4,0.611,0.474,3,179867.0,0.264,19.0,0,0
B100627,Trade,Bank,46,51023.0,0,0,0.861,0.315,5,268655.0,0.263,14.3,0,1
B100628,Manufacturing,Bank,40,32095.0,41,2,0.832,0.644,2,275512.0,0.429,12.8,0,0
B100629,Personal/Household,SACCO,41,27389.0,3,3,0.796,0.417,0,72276.0,0.132,12.4,0,1
B100630,Services,Bank,35,22149.0,51,1,0.752,0.565,2,159751.0,0.361,15.1,1,0
B100631,Personal/Household,SACCO,43,53312.0,58,1,0.625,0.558,3,221726.0,0.208,15.6,0,0
B100632,Trade,Digital Lender,26,24638.0,14,1,0.574,0.903,0,69161.0,0.14,86.9,0,0
B100633,Agriculture,MFI,28,28909.0,54,1,0.23,0.453,1,51000.0,0.088,20.7,0,0
B100634,Trade,Bank,39,34815.0,12,3,0.958,0.432,4,68629.0,0.099,15.4,0,1
B100635,Trade,SACCO,32,34736.0,139,4,0.681,0.825,1,289640.0,0.417,18.1,0,0
B100636,Transport,Bank,35,51924.0,20,2,0.784,0.731,3,239887.0,0.231,13.6,0,0
B100637,Personal/Household,Digital Lender,33,28613.0,1,3,0.631,0.562,3,158879.0,0.278,8.0,0,0
B100638,Personal/Household,MFI,48,63387.0,0,2,0.645,0.333,3,397678.0,0.314,27.5,0,0
B100639,Personal/Household,MFI,48,25931.0,10,0,0.788,0.678,1,183998.0,0.355,20.2,0,1
B100640,Personal/Household,MFI,29,36458.0,15,0,0.818,0.657,2,228809.0,0.314,18.1,0,0
B100641,Personal/Household,MFI,18,26874.0,52,2,0.762,0.608,2,227461.0,0.423,22.9,0,0
B100642,Trade,Bank,28,94017.0,39,1,0.605,0.545,2,697358.0,0.371,15.1,0,0
B100643,Agriculture,Bank,26,24518.0,52,0,0.788,0.476,1,38700.0,0.079,12.2,0,1
B100644,Transport,MFI,43,25768.0,79,2,0.895,0.983,2,85897.0,0.167,22.4,0,0
B100645,Personal/Household,Digital Lender,44,31669.0,113,0,0.911,0.396,6,143190.0,0.226,368.7,0,0
B100646,Trade,Bank,25,25675.0,5,0,0.928,0.456,1,227992.0,0.444,15.7,0,0
B100647,Manufacturing,Bank,27,35347.0,20,2,0.657,0.691,0,60305.0,0.085,15.6,0,0
B100648,Transport,Bank,20,58454.0,35,2,0.806,0.689,1,513756.0,0.439,16.4,0,0
B100649,Trade,MFI,36,32242.0,67,1,0.921,0.711,3,74738.0,0.116,20.8,0,0
B100650,Real Estate,Bank,35,32904.0,82,3,0.715,0.63,1,141921.0,0.216,12.4,0,0
B100651,Services,Digital Lender,43,26212.0,7,1,0.59,0.396,1,54228.0,0.103,210.2,0,0
B100652,Transport,Bank,40,22521.0,158,0,0.976,0.754,1,144103.0,0.32,16.3,0,0
B100653,Agriculture,SACCO,41,31354.0,15,1,0.815,0.561,4,179208.0,0.286,15.1,0,0
B100654,Personal/Household,Bank,20,29857.0,76,1,0.629,0.623,1,181783.0,0.304,14.0,0,0
B100655,Agriculture,MFI,29,56687.0,16,1,0.904,0.578,3,359496.0,0.317,22.1,0,0
B100656,Personal/Household,Bank,44,17545.0,1,4,0.696,0.86,0,50632.0,0.144,16.2,0,0
B100657,Agriculture,SACCO,30,66171.0,41,1,0.719,0.65,2,469446.0,0.355,12.8,0,0
B100658,Transport,Digital Lender,19,27426.0,35,3,0.925,0.756,0,82341.0,0.15,135.0,0,0
B100659,Real Estate,Bank,43,32264.0,12,0,0.965,0.716,2,249561.0,0.387,16.8,0,0
B100660,Agriculture,Digital Lender,29,16553.0,10,0,0.588,0.889,1,40225.0,0.121,50.8,1,0
B100661,Services,Bank,46,40500.0,22,1,0.949,0.349,0,267800.0,0.331,12.8,0,0
B100662,Trade,MFI,35,17531.0,51,4,0.723,0.515,1,79430.0,0.227,17.0,0,0
B100663,Trade,SACCO,32,36511.0,17,1,0.663,0.506,1,74107.0,0.101,13.3,1,0
B100664,Agriculture,Bank,49,34601.0,31,1,0.934,0.676,4,190518.0,0.275,12.8,1,0
B100665,Personal/Household,MFI,22,24857.0,139,1,0.626,0.612,3,113764.0,0.229,16.6,0,0
B100666,Personal/Household,Bank,49,9548.0,7,1,0.787,0.509,2,45065.0,0.236,16.4,0,0
B100667,Services,SACCO,29,97572.0,15,5,0.549,0.808,1,203749.0,0.104,17.4,0,0
B100668,Agriculture,MFI,37,16650.0,5,0,0.87,0.35,2,149121.0,0.448,22.5,0,0
B100669,Real Estate,Digital Lender,37,34545.0,19,1,0.939,0.395,2,230417.0,0.333,130.0,0,0
B100670,Trade,Bank,31,19903.0,68,1,0.587,0.606,4,61469.0,0.154,12.1,0,1
B100671,Manufacturing,Digital Lender,27,52913.0,133,5,0.835,0.68,2,80181.0,0.076,68.6,0,0
B100672,Services,Bank,31,24132.0,24,0,0.529,0.337,3,149185.0,0.309,13.6,0,0
B100673,Personal/Household,SACCO,25,19661.0,50,1,0.916,0.533,2,34667.0,0.088,8.7,0,0
B100674,Transport,Bank,55,41247.0,40,0,0.913,0.765,2,81652.0,0.099,15.7,0,0
B100675,Real Estate,Bank,30,14771.0,42,2,0.683,0.669,2,77899.0,0.264,13.3,0,0
B100676,Services,Bank,47,23687.0,26,3,0.37,0.444,1,203745.0,0.43,13.4,0,1
B100677,Manufacturing,SACCO,45,43462.0,30,2,0.859,0.506,3,146415.0,0.168,12.1,0,0
B100678,Trade,Bank,39,68102.0,5,1,0.812,0.39,1,541315.0,0.397,12.7,1,0
B100679,Agriculture,MFI,34,17513.0,7,3,0.818,0.721,2,131390.0,0.375,19.9,0,0
B100680,Trade,Digital Lender,37,21240.0,0,1,0.643,0.588,3,84988.0,0.2,229.8,0,0
B100681,Trade,Bank,41,36087.0,4,0,0.788,0.637,3,221568.0,0.307,17.1,0,0
B100682,Trade,Bank,36,9911.0,28,1,0.68,0.811,1,31440.0,0.159,16.2,0,0
B100683,Real Estate,Bank,19,62736.0,8,0,0.759,0.74,4,195579.0,0.156,10.6,0,0
B100684,Transport,Bank,18,17159.0,23,5,0.645,0.69,0,56982.0,0.166,12.7,0,0
B100685,Agriculture,MFI,50,23375.0,2,2,0.674,0.485,2,120107.0,0.257,17.3,0,1
B100686,Real Estate,SACCO,18,34319.0,14,2,0.859,0.566,4,247945.0,0.361,18.3,0,0
B100687,Services,Bank,37,30582.0,58,0,0.381,0.538,1,141562.0,0.231,17.6,0,0
B100688,Personal/Household,Bank,33,17501.0,38,0,0.972,0.42,0,134356.0,0.384,16.3,0,0
B100689,Manufacturing,SACCO,37,76634.0,50,0,0.876,0.694,3,439651.0,0.287,15.8,0,0
B100690,Agriculture,Bank,24,8000.0,22,0,0.719,0.623,0,15199.0,0.095,11.2,0,1
B100691,Services,MFI,39,16041.0,25,3,0.62,0.469,5,108176.0,0.337,16.9,0,0
B100692,Agriculture,Digital Lender,37,20947.0,35,0,0.939,0.828,1,184486.0,0.44,17.8,0,0
B100693,Agriculture,Bank,63,17635.0,17,5,0.651,0.676,4,97755.0,0.277,11.2,0,0
B100694,Services,MFI,36,58148.0,2,3,0.839,0.462,1,508615.0,0.437,23.3,0,0
B100695,Manufacturing,Digital Lender,48,11943.0,62,2,0.831,0.622,4,64905.0,0.272,8.0,0,0
B100696,Personal/Household,SACCO,20,70025.0,46,1,0.797,0.821,0,236961.0,0.169,11.7,0,0
B100697,Transport,Digital Lender,45,25515.0,54,4,0.53,0.405,2,63224.0,0.124,68.1,0,0
B100698,Transport,Digital Lender,37,14066.0,3,2,0.752,0.892,3,115166.0,0.409,36.9,0,0
B100699,Agriculture,MFI,38,9363.0,20,2,0.497,0.854,0,65397.0,0.349,18.8,0,0
B100700,Agriculture,MFI,38,26415.0,65,1,0.776,0.784,2,86361.0,0.163,25.2,0,0
B100701,Agriculture,SACCO,52,20210.0,54,2,0.64,0.482,0,175322.0,0.434,16.4,0,0
B100702,Trade,SACCO,38,33863.0,8,0,0.682,0.618,1,129870.0,0.192,11.7,0,0
B100703,Personal/Household,SACCO,27,23206.0,14,2,0.979,0.732,4,161550.0,0.348,10.9,0,0
B100704,Agriculture,Bank,29,50297.0,17,4,0.83,0.719,1,206302.0,0.205,17.8,0,1
B100705,Manufacturing,Digital Lender,43,27491.0,8,2,0.664,0.481,3,128395.0,0.234,74.8,0,0
B100706,Personal/Household,Bank,39,23549.0,5,4,0.568,0.82,2,46616.0,0.099,16.6,0,0
B100707,Personal/Household,Bank,20,50782.0,9,1,0.738,0.665,0,233298.0,0.23,14.2,0,0
B100708,Real Estate,Bank,40,33708.0,14,0,0.579,0.685,0,139310.0,0.207,15.7,0,1
B100709,Real Estate,Bank,24,45526.0,8,3,0.732,0.698,1,352764.0,0.387,14.1,0,1
B100710,Services,SACCO,39,55925.0,0,0,0.817,0.632,4,97308.0,0.087,14.2,0,0
B100711,Transport,Bank,27,25296.0,10,3,0.851,0.905,0,221045.0,0.437,17.3,0,0
B100712,Personal/Household,SACCO,32,30365.0,40,0,0.562,0.811,0,74926.0,0.123,13.5,0,1
B100713,Services,MFI,30,47292.0,22,3,0.585,0.6,1,258821.0,0.274,20.5,0,0
B100714,Personal/Household,Bank,50,8000.0,18,1,0.604,0.472,3,16156.0,0.101,11.6,0,1
B100715,Trade,Bank,39,28114.0,20,1,0.779,0.548,2,144420.0,0.257,15.9,0,0
B100716,Manufacturing,MFI,48,26274.0,39,2,0.845,0.764,2,154601.0,0.294,21.5,0,0
B100717,Trade,SACCO,64,36524.0,5,1,0.954,0.659,0,150433.0,0.206,16.5,0,0
B100718,Transport,Bank,35,19137.0,22,1,0.919,0.931,3,74321.0,0.194,17.1,1,0
B100719,Services,Bank,50,54312.0,26,0,0.738,0.856,1,198258.0,0.183,12.1,1,1
B100720,Manufacturing,Bank,28,19816.0,2,3,0.804,0.392,0,108902.0,0.275,15.1,0,0
B100721,Real Estate,Bank,48,23099.0,5,6,0.882,0.696,2,66679.0,0.144,15.5,0,1
B100722,Trade,Bank,27,20632.0,2,1,0.945,0.799,2,176735.0,0.428,16.8,0,0
B100723,Services,Digital Lender,35,58480.0,55,2,0.526,0.758,1,119545.0,0.102,272.0,0,0
B100724,Trade,Bank,40,9442.0,121,0,0.925,0.502,3,47672.0,0.252,14.3,0,0
B100725,Trade,Bank,42,79442.0,8,1,0.974,0.62,1,688753.0,0.433,12.6,0,0
B100726,Agriculture,Digital Lender,22,66860.0,13,0,0.689,0.738,0,479831.0,0.359,190.0,0,0
B100727,Trade,SACCO,26,21793.0,10,1,0.376,0.582,0,51474.0,0.118,15.5,0,0
B100728,Real Estate,MFI,41,52303.0,9,3,0.526,0.719,2,211871.0,0.203,20.2,0,1
B100729,Manufacturing,SACCO,31,31938.0,6,1,0.872,0.72,2,210072.0,0.329,15.9,0,0
B100730,Agriculture,Digital Lender,21,73799.0,3,2,0.887,0.281,2,265664.0,0.18,10.0,0,0
B100731,Trade,Bank,34,50154.0,19,1,0.854,0.618,2,263549.0,0.263,13.7,0,0
B100732,Trade,Bank,34,99333.0,38,1,0.843,0.786,1,640600.0,0.322,15.0,0,0
B100733,Real Estate,Digital Lender,37,12592.0,3,2,0.601,0.464,3,112373.0,0.446,264.0,0,1
B100734,Trade,Digital Lender,40,33032.0,8,1,0.839,0.457,0,204449.0,0.309,145.7,0,0
B100735,Personal/Household,Digital Lender,40,11519.0,42,5,0.908,0.361,3,75534.0,0.328,47.1,0,0
B100736,Trade,Bank,27,22353.0,14,2,0.844,0.84,2,141604.0,0.317,13.5,0,0
B100737,Agriculture,Digital Lender,31,102468.0,15,3,0.838,0.622,1,625731.0,0.305,191.5,0,0
B100738,Real Estate,Bank,44,38465.0,18,1,0.681,0.934,1,156579.0,0.204,11.4,0,0
B100739,Real Estate,SACCO,30,51098.0,56,3,0.966,0.837,3,355196.0,0.348,13.9,0,0
B100740,Trade,Digital Lender,31,39445.0,5,2,0.836,0.828,0,208087.0,0.264,8.0,0,0
B100741,Trade,Bank,20,38092.0,2,1,0.816,0.864,1,277408.0,0.364,14.8,0,0
B100742,Personal/Household,Bank,35,22308.0,14,4,0.471,0.734,1,196058.0,0.439,12.6,0,0
B100743,Trade,SACCO,38,20136.0,11,2,0.596,0.643,3,87263.0,0.217,12.9,0,0
B100744,Manufacturing,Digital Lender,18,21982.0,41,4,0.806,0.618,1,147399.0,0.335,257.8,0,0
B100745,Manufacturing,Bank,24,8000.0,20,2,0.772,0.74,2,48545.0,0.303,16.7,0,1
B100746,Agriculture,Digital Lender,21,28421.0,9,4,0.694,0.748,1,127638.0,0.225,36.3,0,1
B100747,Real Estate,Bank,43,33925.0,2,5,0.951,0.669,2,283158.0,0.417,18.3,0,1
B100748,Personal/Household,MFI,18,21151.0,96,3,0.794,0.418,3,63402.0,0.15,22.2,0,0
B100749,Personal/Household,Bank,34,27671.0,2,2,0.495,0.879,3,66602.0,0.12,13.9,0,0
B100750,Agriculture,Digital Lender,42,39687.0,21,1,0.727,0.922,0,354662.0,0.447,270.5,0,0
B100751,Agriculture,Bank,37,48370.0,4,2,0.79,0.599,2,333536.0,0.345,15.5,0,0
B100752,Agriculture,MFI,31,15386.0,49,2,0.245,0.55,0,59929.0,0.195,15.6,0,0
B100753,Real Estate,Bank,38,19204.0,9,2,0.78,0.648,0,166177.0,0.433,14.4,0,0
B100754,Personal/Household,Digital Lender,45,44987.0,3,4,0.899,0.565,2,382095.0,0.425,82.3,0,1
B100755,Agriculture,Digital Lender,34,41108.0,2,2,0.803,0.658,1,367571.0,0.447,169.0,0,0
B100756,Agriculture,Bank,18,62281.0,6,1,0.701,0.826,0,156886.0,0.126,15.7,0,1
B100757,Services,Bank,46,60877.0,60,1,0.752,0.533,2,388302.0,0.319,16.9,0,0
B100758,Trade,Bank,39,112216.0,58,2,0.846,0.625,3,575357.0,0.256,17.1,0,0
B100759,Real Estate,MFI,35,25311.0,8,1,0.607,0.723,3,97546.0,0.193,16.0,0,0
B100760,Personal/Household,Digital Lender,18,70842.0,17,3,0.558,0.585,2,123451.0,0.087,155.4,0,0
B100761,Trade,MFI,32,17926.0,13,1,0.868,0.836,3,140245.0,0.391,25.8,0,0
B100762,Trade,MFI,26,110938.0,39,1,0.829,0.62,1,382371.0,0.172,19.3,0,0
B100763,Trade,SACCO,23,38181.0,14,1,0.818,0.842,4,331112.0,0.434,9.9,0,0
B100764,Services,MFI,34,40059.0,28,0,0.887,0.852,2,268004.0,0.335,20.9,1,0
B100765,Trade,Bank,30,51249.0,13,1,0.814,0.473,3,430613.0,0.42,12.5,0,0
B100766,Trade,Bank,30,14109.0,0,2,0.396,0.435,1,115053.0,0.408,12.6,0,0
B100767,Trade,Bank,42,16463.0,7,1,0.848,0.852,2,56924.0,0.173,15.9,0,0
B100768,Trade,SACCO,38,31686.0,14,0,0.84,0.742,4,147640.0,0.233,11.7,0,0
B100769,Transport,Bank,30,35959.0,22,2,0.739,0.435,2,85337.0,0.119,11.5,0,0
B100770,Agriculture,MFI,29,93471.0,11,1,0.675,0.596,1,318381.0,0.17,24.5,0,0
B100771,Manufacturing,Bank,30,17640.0,15,2,0.92,0.416,3,104432.0,0.296,17.1,0,1
B100772,Transport,SACCO,33,69363.0,14,0,0.826,0.669,0,198673.0,0.143,14.7,0,0
B100773,Personal/Household,Bank,41,25692.0,1,3,0.82,0.819,0,169031.0,0.329,15.8,0,0
B100774,Trade,MFI,25,25496.0,18,1,0.629,0.885,3,118207.0,0.232,18.8,0,1
B100775,Personal/Household,Bank,50,27170.0,50,2,0.371,0.842,1,116171.0,0.214,14.0,0,0
B100776,Transport,Bank,41,25137.0,3,1,0.974,0.78,1,160545.0,0.319,14.0,0,0
B100777,Trade,Bank,18,38855.0,53,1,0.922,0.41,2,117423.0,0.151,13.0,0,0
B100778,Personal/Household,MFI,36,23927.0,6,2,0.404,0.62,1,124789.0,0.261,16.3,0,0
B100779,Personal/Household,Digital Lender,45,13688.0,111,2,0.804,0.547,3,50603.0,0.185,171.9,0,0
B100780,Agriculture,Bank,39,25660.0,64,0,0.746,0.466,1,53425.0,0.104,17.1,0,0
B100781,Services,SACCO,31,38221.0,6,1,0.869,0.652,5,105488.0,0.138,24.1,0,0
B100782,Real Estate,SACCO,34,13749.0,24,1,0.841,0.791,1,119454.0,0.434,13.8,0,0
B100783,Transport,MFI,37,40946.0,18,3,0.81,0.799,0,63411.0,0.077,24.1,0,0
B100784,Services,SACCO,43,56913.0,45,2,0.7,0.518,3,128797.0,0.113,8.5,1,0
B100785,Agriculture,Bank,21,67102.0,23,0,0.933,0.601,1,493343.0,0.368,15.1,0,0
B100786,Personal/Household,SACCO,29,35800.0,35,1,0.836,0.522,2,197059.0,0.275,11.5,1,0
B100787,Agriculture,Digital Lender,51,11020.0,38,3,0.918,0.378,0,58929.0,0.267,85.3,0,0
B100788,Personal/Household,Digital Lender,35,42455.0,86,3,0.884,0.542,1,341814.0,0.403,398.8,0,0
B100789,Transport,Bank,50,50612.0,23,2,0.631,0.757,3,146181.0,0.144,13.6,1,0
B100790,Trade,SACCO,65,20270.0,0,1,0.761,0.724,2,33587.0,0.083,11.2,1,0
B100791,Real Estate,Bank,30,28567.0,38,1,0.761,0.689,0,191240.0,0.335,15.1,0,0
B100792,Agriculture,MFI,23,38792.0,10,3,0.299,0.644,1,295666.0,0.381,21.7,0,1
B100793,Trade,Bank,32,79459.0,12,2,0.747,0.692,1,695421.0,0.438,10.3,0,0
B100794,Trade,Bank,46,25830.0,5,1,0.77,0.803,2,48390.0,0.094,11.9,1,0
B100795,Agriculture,SACCO,47,48542.0,15,0,0.814,0.973,1,172594.0,0.178,11.4,0,0
B100796,Trade,Digital Lender,58,35382.0,18,1,0.42,0.484,3,118123.0,0.167,60.5,0,0
B100797,Trade,Bank,35,33179.0,2,3,0.671,0.665,1,107004.0,0.161,15.7,0,0
B100798,Personal/Household,MFI,40,61806.0,45,1,0.645,0.872,1,543741.0,0.44,21.5,0,0
B100799,Personal/Household,SACCO,28,18821.0,3,3,0.848,0.839,2,143403.0,0.381,17.5,0,0
B100800,Personal/Household,Digital Lender,18,33750.0,11,6,0.679,0.652,0,233065.0,0.345,126.2,0,0
B100801,Agriculture,SACCO,35,30181.0,30,2,0.539,0.763,1,245817.0,0.407,13.1,0,0
B100802,Services,Bank,23,12980.0,13,2,0.793,0.443,4,90791.0,0.35,20.4,1,1
B100803,Transport,Bank,41,58567.0,19,3,0.89,0.672,3,516743.0,0.441,16.6,1,0
B100804,Trade,SACCO,18,46909.0,173,1,0.879,0.75,5,268614.0,0.286,10.1,1,0
B100805,Trade,Bank,28,30292.0,14,3,0.83,0.526,1,231488.0,0.382,14.0,0,0
B100806,Personal/Household,Digital Lender,38,25751.0,35,5,0.309,0.729,0,175186.0,0.34,127.0,0,0
B100807,Trade,Digital Lender,39,29736.0,48,2,0.683,0.826,0,198731.0,0.334,116.6,0,0
B100808,Manufacturing,Digital Lender,35,43873.0,20,4,0.906,0.38,2,133669.0,0.152,56.7,0,0
B100809,Services,Bank,54,30610.0,63,1,0.773,0.541,3,254516.0,0.416,13.8,0,0
B100810,Trade,SACCO,51,20596.0,75,1,0.844,0.626,5,110162.0,0.267,19.2,0,0
B100811,Trade,SACCO,28,22373.0,19,2,0.69,0.653,2,109493.0,0.245,12.3,0,1
B100812,Services,Bank,51,29535.0,36,2,0.953,0.923,1,110772.0,0.188,14.3,0,0
B100813,Transport,Bank,53,17802.0,5,3,0.824,0.853,1,62121.0,0.174,17.6,0,0
B100814,Trade,Bank,34,35715.0,67,0,0.907,0.569,4,99802.0,0.14,13.1,0,0
B100815,Services,Bank,35,19223.0,29,3,0.975,0.782,3,76228.0,0.198,15.6,1,0
B100816,Services,Digital Lender,34,17590.0,14,2,0.979,0.909,0,89162.0,0.253,267.4,0,0
B100817,Manufacturing,Digital Lender,29,172167.0,16,0,0.45,0.773,0,846286.0,0.246,79.5,0,0
B100818,Transport,Bank,30,86415.0,17,2,0.961,0.821,1,369330.0,0.214,15.4,0,0
B100819,Agriculture,MFI,48,32182.0,14,2,0.798,0.465,1,173275.0,0.269,18.9,0,0
B100820,Trade,Bank,39,47480.0,16,0,0.875,0.54,3,256423.0,0.27,15.8,0,0
B100821,Transport,Bank,29,52131.0,8,2,0.682,0.551,4,222746.0,0.214,12.1,1,0
B100822,Agriculture,Bank,26,28524.0,23,2,0.712,0.81,2,59203.0,0.104,16.1,0,0
B100823,Transport,SACCO,27,34735.0,6,1,0.834,0.472,2,131132.0,0.189,8.0,0,0
B100824,Personal/Household,SACCO,33,25740.0,73,2,0.697,0.659,1,50723.0,0.099,16.6,0,0
B100825,Trade,Digital Lender,44,59315.0,37,2,0.933,0.828,5,369755.0,0.312,8.0,0,0
B100826,Transport,Digital Lender,26,59766.0,25,3,0.887,0.621,1,310552.0,0.26,232.9,1,0
B100827,Agriculture,Bank,44,70197.0,80,1,0.757,0.706,2,479759.0,0.342,16.3,0,1
B100828,Personal/Household,SACCO,37,34417.0,2,2,0.749,0.628,0,122388.0,0.178,14.0,0,0
B100829,Agriculture,Bank,36,97958.0,17,1,0.894,0.87,3,415415.0,0.212,12.9,0,1
B100830,Transport,Bank,45,28510.0,75,2,0.685,0.725,4,122520.0,0.215,11.3,0,0
B100831,Manufacturing,MFI,43,91657.0,20,2,0.833,0.603,2,403401.0,0.22,24.7,0,0
B100832,Real Estate,Bank,21,23045.0,26,2,0.844,0.599,1,39758.0,0.086,14.3,0,0
B100833,Transport,Bank,24,14565.0,2,1,0.82,0.668,2,99162.0,0.34,16.7,0,0
B100834,Personal/Household,Bank,33,90698.0,13,0,0.815,0.732,2,629565.0,0.347,18.6,0,0
B100835,Manufacturing,Bank,39,42754.0,3,2,0.606,0.584,3,354410.0,0.414,12.2,0,0
B100836,Personal/Household,Digital Lender,49,39558.0,100,3,0.628,0.742,1,185266.0,0.234,123.1,1,0
B100837,Services,Bank,36,24385.0,39,1,0.732,0.647,1,95524.0,0.196,11.9,0,0
B100838,Real Estate,MFI,52,18679.0,25,3,0.752,0.776,4,101998.0,0.273,25.3,0,1
B100839,Manufacturing,Digital Lender,28,19680.0,87,1,0.947,0.835,2,109174.0,0.277,110.7,0,0
B100840,Trade,MFI,30,32087.0,14,3,0.468,0.719,2,123650.0,0.193,22.3,0,0
B100841,Personal/Household,MFI,32,27375.0,42,4,0.776,0.583,3,118596.0,0.217,25.0,0,0
B100842,Manufacturing,Digital Lender,27,10226.0,7,1,0.744,0.632,2,88886.0,0.435,221.6,0,0
B100843,Real Estate,Bank,47,75476.0,10,2,0.859,0.371,1,453540.0,0.3,14.0,0,0
B100844,Trade,Bank,18,23604.0,6,1,0.468,0.194,3,169375.0,0.359,18.0,0,0
B100845,Services,MFI,30,58755.0,68,2,0.936,0.64,3,469217.0,0.399,20.9,0,0
B100846,Real Estate,MFI,46,20169.0,63,2,0.892,0.829,1,171564.0,0.425,19.4,1,1
B100847,Personal/Household,Digital Lender,32,32376.0,2,3,0.691,0.729,1,202151.0,0.312,167.6,0,0
B100848,Trade,Bank,46,50755.0,49,1,0.647,0.778,1,359868.0,0.355,14.8,0,0
B100849,Services,SACCO,57,47046.0,27,0,0.501,0.531,2,372150.0,0.396,12.4,1,0
B100850,Trade,SACCO,36,25658.0,14,4,0.91,0.581,3,119170.0,0.232,13.4,0,1
B100851,Trade,Digital Lender,47,39345.0,18,2,0.856,0.951,1,149556.0,0.19,174.4,0,0
B100852,Personal/Household,Bank,59,43121.0,73,4,0.997,0.854,6,164836.0,0.191,14.1,0,0
B100853,Services,Bank,39,27409.0,35,2,0.768,0.568,2,111406.0,0.203,14.9,0,0
B100854,Trade,Digital Lender,35,16114.0,14,4,0.952,0.83,2,135522.0,0.42,278.9,0,0
B100855,Real Estate,SACCO,44,21089.0,14,2,0.93,0.444,1,183712.0,0.436,11.7,0,0
B100856,Personal/Household,Bank,47,24135.0,7,1,0.955,0.917,4,60283.0,0.125,15.3,0,0
B100857,Personal/Household,Bank,35,30162.0,26,1,0.901,0.758,0,231055.0,0.383,16.6,0,0
B100858,Agriculture,Digital Lender,30,71383.0,8,0,0.254,0.334,1,607429.0,0.425,115.5,0,0
B100859,Manufacturing,MFI,52,48977.0,58,1,0.913,0.96,2,247072.0,0.252,20.9,0,0
B100860,Personal/Household,MFI,32,18980.0,16,4,0.723,0.394,3,38467.0,0.101,19.4,0,0
B100861,Personal/Household,Digital Lender,47,81641.0,37,2,0.581,0.525,1,329871.0,0.202,281.8,0,0
B100862,Personal/Household,Bank,38,28471.0,97,1,0.784,0.738,3,179319.0,0.315,19.0,1,1
B100863,Manufacturing,Bank,53,43034.0,25,2,0.875,0.703,0,145432.0,0.169,14.9,0,0
B100864,Trade,SACCO,27,17740.0,2,2,0.804,0.81,5,53218.0,0.15,19.6,0,1
B100865,Services,Digital Lender,26,23185.0,17,1,0.761,0.716,0,146105.0,0.315,8.0,0,0
B100866,Personal/Household,Bank,44,52621.0,41,1,0.899,0.722,4,351425.0,0.334,13.5,0,0
B100867,Personal/Household,SACCO,24,18336.0,152,1,0.689,0.631,2,35638.0,0.097,8.0,0,1
B100868,Trade,Bank,36,30649.0,38,3,0.904,0.593,0,67167.0,0.11,16.6,0,0
B100869,Trade,Bank,50,38523.0,24,2,0.681,0.497,1,174557.0,0.227,16.3,0,0
B100870,Personal/Household,Digital Lender,18,16939.0,121,2,0.969,0.553,1,80643.0,0.238,251.7,0,0
B100871,Trade,Bank,39,11185.0,12,6,0.798,0.736,2,18314.0,0.082,14.5,0,0
B100872,Services,Bank,47,48975.0,10,0,0.845,0.772,2,413269.0,0.422,16.9,0,0
B100873,Agriculture,Digital Lender,35,143611.0,13,3,0.936,0.505,4,646618.0,0.225,227.9,0,0
B100874,Personal/Household,Bank,26,38268.0,11,1,0.711,0.508,1,319005.0,0.417,12.6,0,0
B100875,Services,Bank,32,42528.0,18,3,0.716,0.457,2,148004.0,0.174,15.3,0,0
B100876,Real Estate,Digital Lender,27,18284.0,23,0,0.682,0.555,2,87945.0,0.24,10.1,0,0
B100877,Agriculture,Bank,36,66724.0,5,1,0.894,0.802,0,230825.0,0.173,13.7,0,0
B100878,Transport,SACCO,32,24168.0,53,1,0.84,0.631,0,95114.0,0.197,11.2,0,0
B100879,Transport,Bank,30,56390.0,37,1,0.855,0.798,1,298821.0,0.265,15.2,1,0
B100880,Real Estate,Bank,40,41523.0,38,1,0.902,0.764,1,110525.0,0.133,13.2,0,0
B100881,Transport,SACCO,51,42084.0,50,1,0.891,0.734,1,291937.0,0.347,11.1,1,1
B100882,Services,Bank,38,41205.0,52,1,0.859,0.612,1,135369.0,0.164,13.4,0,0
B100883,Real Estate,Digital Lender,48,40489.0,21,1,0.767,0.857,2,295726.0,0.365,77.0,1,0
B100884,Trade,Digital Lender,51,34748.0,54,5,0.777,0.908,0,279424.0,0.402,76.6,0,0
B100885,Agriculture,Digital Lender,29,50670.0,9,1,0.478,0.71,3,368902.0,0.364,48.7,0,0
B100886,Real Estate,Bank,38,19944.0,160,4,0.746,0.616,2,110807.0,0.278,17.6,0,0
B100887,Trade,Bank,31,26073.0,53,1,0.688,0.859,1,54230.0,0.104,15.0,0,0
B100888,Trade,Digital Lender,20,66666.0,4,3,0.896,0.684,0,564029.0,0.423,65.5,0,0
B100889,Personal/Household,MFI,39,32699.0,6,1,0.817,0.466,0,71663.0,0.11,28.3,0,0
B100890,Agriculture,SACCO,24,24853.0,32,0,0.703,0.485,1,83387.0,0.168,14.8,0,0
B100891,Services,Digital Lender,40,52532.0,8,3,0.873,0.728,0,260277.0,0.248,58.9,0,0
B100892,Agriculture,Bank,19,47126.0,28,2,0.53,0.72,3,405365.0,0.43,12.9,0,0
B100893,Trade,Bank,37,14546.0,26,2,0.338,0.669,4,83051.0,0.285,14.7,0,1
B100894,Personal/Household,SACCO,19,44421.0,11,2,0.74,0.706,2,361667.0,0.407,16.1,0,0
B100895,Services,SACCO,42,32065.0,1,1,0.826,0.895,3,135448.0,0.211,12.7,0,0
B100896,Agriculture,Bank,31,43982.0,2,2,0.428,0.729,2,83101.0,0.094,14.2,0,0
B100897,Trade,SACCO,30,29908.0,13,5,0.916,0.549,1,95430.0,0.16,11.6,0,0
B100898,Trade,Digital Lender,46,38383.0,6,1,0.75,0.436,4,117235.0,0.153,103.3,0,1
B100899,Manufacturing,Bank,32,10861.0,22,2,0.716,0.769,0,21651.0,0.1,14.2,0,1
B100900,Real Estate,Bank,36,18175.0,49,1,0.84,0.617,1,51763.0,0.142,15.0,0,0
B100901,Agriculture,SACCO,33,44670.0,6,1,0.63,0.447,4,109538.0,0.123,9.5,1,0
B100902,Trade,Digital Lender,40,125717.0,26,2,0.695,0.68,0,412904.0,0.164,8.0,0,0
B100903,Manufacturing,Digital Lender,45,36388.0,10,2,0.634,0.479,1,99888.0,0.137,72.7,0,0
B100904,Services,Bank,43,20312.0,16,3,0.575,0.43,4,141551.0,0.348,12.9,0,0
B100905,Transport,Digital Lender,30,32032.0,12,1,0.428,0.904,2,236191.0,0.369,70.0,0,0
B100906,Manufacturing,Digital Lender,47,18190.0,61,4,0.817,0.319,3,42683.0,0.117,62.9,0,0
B100907,Trade,SACCO,26,59125.0,19,0,0.971,0.8,1,458821.0,0.388,11.3,0,0
B100908,Agriculture,Bank,28,30529.0,7,2,0.704,0.602,0,205530.0,0.337,16.9,0,0
B100909,Agriculture,Bank,34,53065.0,89,1,0.9,0.576,3,90783.0,0.086,13.3,0,0
B100910,Personal/Household,MFI,45,27326.0,1,0,0.915,0.754,4,171944.0,0.315,17.8,0,0
B100911,Personal/Household,Bank,23,55719.0,11,1,0.717,0.688,1,288660.0,0.259,11.8,0,0
B100912,Services,Bank,44,12174.0,54,1,0.882,0.619,2,43738.0,0.18,14.7,0,0
B100913,Services,Digital Lender,34,30136.0,39,2,0.809,0.636,1,119173.0,0.198,79.9,0,0
B100914,Services,Bank,31,40006.0,61,3,0.762,0.719,0,175077.0,0.219,11.7,0,0
B100915,Services,Digital Lender,46,25653.0,40,4,0.495,0.785,4,146905.0,0.286,267.2,0,0
B100916,Trade,MFI,27,36233.0,17,0,0.736,0.711,1,72554.0,0.1,13.9,0,1
B100917,Trade,Digital Lender,58,35897.0,81,0,0.552,0.337,3,280943.0,0.391,97.3,1,0
B100918,Agriculture,Bank,33,52937.0,10,0,0.79,0.929,2,230544.0,0.218,14.3,0,0
B100919,Manufacturing,SACCO,36,41850.0,34,3,0.905,0.452,2,83371.0,0.1,11.4,0,0
B100920,Trade,MFI,50,36905.0,62,2,0.607,0.482,5,241101.0,0.327,14.5,0,0
B100921,Personal/Household,Digital Lender,37,48228.0,9,2,0.638,0.354,3,189218.0,0.196,81.3,0,0
B100922,Transport,Bank,47,14127.0,12,2,0.648,0.616,1,102679.0,0.363,16.8,0,0
B100923,Manufacturing,Bank,18,19657.0,34,0,0.882,0.705,3,100445.0,0.255,17.0,1,1
B100924,Trade,Digital Lender,31,13879.0,6,4,0.785,0.669,1,22276.0,0.08,189.7,0,0
B100925,Agriculture,Bank,39,40204.0,19,2,0.753,0.324,4,259847.0,0.323,16.5,0,1
B100926,Trade,SACCO,46,37332.0,1,0,0.868,0.71,3,322229.0,0.432,16.8,0,0
B100927,Personal/Household,Bank,43,63698.0,37,2,0.881,0.889,2,395256.0,0.31,15.3,0,0
B100928,Transport,Bank,42,36077.0,39,2,0.914,0.726,1,195743.0,0.271,15.8,0,0
B100929,Personal/Household,SACCO,46,21006.0,84,1,0.724,0.409,3,159189.0,0.379,11.6,1,0
B100930,Agriculture,MFI,40,32007.0,1,0,0.947,0.741,2,127925.0,0.2,22.0,0,1
B100931,Agriculture,MFI,18,10599.0,76,1,0.843,0.563,2,20185.0,0.095,16.6,0,0
B100932,Real Estate,MFI,49,23753.0,29,0,0.422,0.888,3,197411.0,0.416,16.5,0,0
B100933,Personal/Household,SACCO,27,8177.0,7,3,0.679,0.451,3,21119.0,0.129,11.4,1,1
B100934,Personal/Household,Digital Lender,38,35621.0,46,3,0.751,0.548,0,238027.0,0.334,8.0,0,0
B100935,Trade,Bank,37,25499.0,92,1,0.677,0.568,0,58370.0,0.114,13.5,0,0
B100936,Services,Bank,35,27646.0,25,0,0.39,0.823,0,124176.0,0.225,11.4,0,0
B100937,Trade,Bank,24,17812.0,13,2,0.848,0.804,3,129667.0,0.364,18.6,0,0
B100938,Services,Digital Lender,18,20581.0,38,1,0.592,0.755,3,152062.0,0.369,28.2,1,0
B100939,Trade,Bank,25,43518.0,31,3,0.701,0.584,1,226455.0,0.26,14.0,0,0
B100940,Agriculture,SACCO,43,13496.0,10,1,0.596,0.581,3,60266.0,0.223,13.3,0,1
B100941,Personal/Household,MFI,21,39267.0,3,1,0.886,0.758,1,223553.0,0.285,12.3,0,0
B100942,Trade,SACCO,26,19031.0,36,1,0.625,0.591,1,129412.0,0.34,14.3,0,0
B100943,Real Estate,Digital Lender,39,11795.0,32,2,0.682,0.456,3,52060.0,0.221,231.2,0,0
B100944,Real Estate,MFI,25,58366.0,33,1,0.766,0.812,2,162869.0,0.14,13.5,0,0
B100945,Agriculture,MFI,30,61762.0,45,1,0.843,0.827,3,234926.0,0.19,19.1,1,0
B100946,Personal/Household,Bank,36,22099.0,46,1,0.73,0.78,2,149536.0,0.338,16.6,0,0
B100947,Personal/Household,MFI,38,21980.0,14,0,0.909,0.687,3,109518.0,0.249,20.8,0,0
B100948,Personal/Household,Bank,25,25901.0,23,1,0.916,0.155,5,89303.0,0.172,15.4,0,1
B100949,Agriculture,Digital Lender,36,19043.0,12,3,0.683,0.889,2,90262.0,0.237,286.6,0,0
B100950,Manufacturing,Bank,39,20981.0,19,0,0.824,0.461,1,183438.0,0.437,17.5,0,0
B100951,Agriculture,Bank,22,38083.0,18,2,0.696,0.374,1,330123.0,0.433,13.6,1,1
B100952,Agriculture,Bank,37,93027.0,1,2,0.783,0.416,3,186414.0,0.1,14.2,0,0
B100953,Trade,MFI,28,24463.0,138,4,0.505,0.614,2,37019.0,0.076,22.7,0,0
B100954,Services,Digital Lender,36,52193.0,47,3,0.85,0.657,0,289888.0,0.278,171.5,0,0
B100955,Services,Bank,42,36102.0,17,2,0.774,0.575,3,310012.0,0.429,12.7,0,1
B100956,Personal/Household,Bank,33,11852.0,9,0,0.855,0.627,1,72080.0,0.304,12.9,0,0
B100957,Manufacturing,MFI,44,29336.0,26,1,0.851,0.441,1,89024.0,0.152,21.3,0,0
B100958,Manufacturing,Digital Lender,43,27377.0,31,2,0.784,0.854,2,225308.0,0.411,185.4,0,0
B100959,Manufacturing,Digital Lender,44,66536.0,36,6,0.655,0.524,0,353557.0,0.266,124.6,1,0
B100960,Manufacturing,Bank,39,68039.0,52,1,0.511,0.81,2,467089.0,0.343,16.4,0,0
B100961,Real Estate,SACCO,46,36579.0,5,4,0.7,0.851,4,221967.0,0.303,15.0,0,1
B100962,Trade,Digital Lender,39,57979.0,7,2,0.855,0.681,1,455964.0,0.393,130.4,0,0
B100963,Trade,Digital Lender,18,27433.0,14,4,0.752,0.855,0,116020.0,0.211,203.6,0,0
B100964,Services,MFI,27,55031.0,0,1,0.949,0.665,1,462886.0,0.421,16.3,0,0
B100965,Manufacturing,SACCO,33,31420.0,5,2,0.918,0.703,1,114172.0,0.182,13.5,0,0
B100966,Services,SACCO,34,54378.0,1,1,0.746,0.649,1,347653.0,0.32,19.0,1,0
B100967,Trade,Bank,39,57508.0,24,0,0.858,0.48,2,433433.0,0.377,16.8,0,0
B100968,Manufacturing,Bank,27,44093.0,36,3,0.975,0.91,1,354054.0,0.401,16.4,0,0
B100969,Trade,Bank,55,19774.0,3,1,0.842,0.748,3,160218.0,0.405,11.8,0,0
B100970,Agriculture,Bank,34,23593.0,26,1,0.848,0.868,1,146013.0,0.309,13.4,0,0
B100971,Trade,Bank,35,44970.0,11,0,0.914,0.752,2,152176.0,0.169,15.2,0,1
B100972,Trade,Digital Lender,28,48601.0,13,3,0.959,0.729,1,397070.0,0.408,289.8,1,0
B100973,Services,Digital Lender,25,32439.0,8,2,0.638,0.718,2,290958.0,0.448,151.7,1,0
B100974,Agriculture,Bank,34,25040.0,21,3,0.948,0.668,3,158897.0,0.317,12.6,0,1
B100975,Transport,Bank,35,33033.0,1,1,0.702,0.625,1,209350.0,0.317,13.5,0,0
B100976,Real Estate,SACCO,34,25510.0,57,3,0.892,0.637,1,166007.0,0.325,10.9,0,0
B100977,Real Estate,MFI,52,25589.0,90,4,0.758,0.651,3,63382.0,0.124,19.6,0,0
B100978,Manufacturing,Bank,34,87380.0,5,0,0.533,0.832,2,606180.0,0.347,12.4,1,1
B100979,Trade,Digital Lender,34,22891.0,26,1,0.709,0.454,1,162313.0,0.355,8.0,0,0
B100980,Services,Bank,43,39312.0,4,4,0.661,0.618,3,263412.0,0.335,14.3,0,0
B100981,Personal/Household,Bank,33,32342.0,11,4,0.917,0.596,1,66630.0,0.103,17.1,0,0
B100982,Personal/Household,SACCO,40,15145.0,27,1,0.936,0.347,3,134282.0,0.443,13.9,0,0
B100983,Real Estate,SACCO,22,14860.0,58,4,0.789,0.466,1,75125.0,0.253,8.9,0,0
B100984,Trade,Bank,22,28435.0,7,3,0.616,0.787,2,52760.0,0.093,17.5,0,0
B100985,Services,SACCO,36,10158.0,11,0,0.76,0.82,5,71377.0,0.351,17.0,1,0
B100986,Agriculture,Digital Lender,33,81367.0,6,1,0.788,0.643,3,218132.0,0.134,169.0,0,0
B100987,Trade,Bank,27,24370.0,58,3,0.968,0.702,3,190301.0,0.39,16.2,0,0
B100988,Agriculture,SACCO,36,23301.0,34,2,0.421,0.901,2,84302.0,0.181,17.2,0,0
B100989,Personal/Household,Bank,37,58261.0,2,1,0.805,0.565,3,473210.0,0.406,16.3,1,0
B100990,Transport,MFI,28,27518.0,58,4,0.715,0.468,3,119541.0,0.217,25.0,0,0
B100991,Personal/Household,MFI,30,42535.0,90,0,0.67,0.464,2,77251.0,0.091,19.1,0,0
B100992,Personal/Household,Bank,37,21700.0,3,1,0.81,0.76,3,161330.0,0.372,14.4,0,0
B100993,Trade,Bank,25,30485.0,15,0,0.474,0.555,0,163187.0,0.268,14.8,1,0
B100994,Services,Digital Lender,29,50648.0,11,2,0.864,0.728,5,158029.0,0.156,248.0,0,0
B100995,Real Estate,Bank,40,18509.0,10,0,0.525,0.652,2,116122.0,0.314,17.3,0,0
B100996,Transport,Digital Lender,35,39746.0,26,3,0.75,0.765,1,281718.0,0.354,8.0,1,1
B100997,Trade,Bank,30,8000.0,76,1,0.74,0.838,3,51526.0,0.322,15.9,0,0
B100998,Services,Digital Lender,26,59637.0,60,1,0.879,0.697,2,446604.0,0.374,169.8,0,0
B100999,Agriculture,MFI,25,21894.0,10,0,0.837,0.651,1,67354.0,0.154,22.4,0,0
B101000,Trade,Bank,34,28364.0,62,3,0.792,0.934,2,252107.0,0.444,15.6,0,0
B101001,Real Estate,SACCO,55,28173.0,4,1,0.496,0.855,2,91624.0,0.163,9.7,0,1
B101002,Trade,Digital Lender,41,17393.0,92,2,0.724,0.796,2,30140.0,0.087,184.6,0,0
B101003,Trade,MFI,22,16674.0,23,2,0.66,0.853,0,91355.0,0.274,23.0,0,0
B101004,Transport,MFI,42,39606.0,67,2,0.483,0.741,2,171971.0,0.217,22.0,0,0
B101005,Real Estate,MFI,27,40643.0,35,1,0.638,0.746,2,189593.0,0.233,30.1,0,0
B101006,Services,SACCO,35,18272.0,28,0,0.769,0.77,1,35386.0,0.097,17.2,0,1
B101007,Agriculture,MFI,29,40038.0,89,3,0.549,0.612,0,122570.0,0.153,20.5,0,0
B101008,Personal/Household,Digital Lender,55,40410.0,19,3,0.765,0.942,1,68468.0,0.085,30.1,0,0
B101009,Real Estate,Bank,24,24149.0,54,2,0.804,0.311,1,113222.0,0.234,11.3,0,0
B101010,Transport,MFI,38,14597.0,12,1,0.355,0.478,3,51900.0,0.178,15.9,0,0
B101011,Transport,SACCO,28,29125.0,35,2,0.958,0.866,1,209637.0,0.36,16.2,0,0
B101012,Real Estate,Digital Lender,42,36344.0,28,3,0.812,0.75,2,279553.0,0.385,350.5,0,0
B101013,Services,Bank,38,28785.0,2,1,0.735,0.859,5,134367.0,0.233,16.0,1,0
B101014,Agriculture,Bank,48,21464.0,18,0,0.793,0.734,0,98970.0,0.231,14.0,0,0
B101015,Trade,Bank,42,38439.0,16,3,0.682,0.844,2,195828.0,0.255,13.7,0,0
B101016,Transport,SACCO,28,59631.0,13,3,0.435,0.757,3,217495.0,0.182,13.0,0,0
B101017,Personal/Household,MFI,64,19464.0,43,0,0.926,0.477,0,93449.0,0.24,17.6,0,0
B101018,Trade,Bank,41,25238.0,16,1,0.801,0.539,4,46531.0,0.092,15.0,0,0
B101019,Real Estate,Bank,29,134421.0,2,3,0.731,0.632,0,700710.0,0.261,14.6,0,0
B101020,Services,Digital Lender,37,34891.0,31,1,0.861,0.499,1,70601.0,0.101,136.0,1,0
B101021,Personal/Household,MFI,41,14813.0,60,0,0.725,0.435,3,78748.0,0.266,24.7,0,0
B101022,Services,SACCO,41,22864.0,7,1,0.817,0.356,1,167579.0,0.366,15.1,0,0
B101023,Manufacturing,Bank,40,19608.0,19,0,0.907,0.657,0,30106.0,0.077,13.9,0,0
B101024,Transport,Bank,45,36652.0,21,0,0.764,0.697,2,254867.0,0.348,17.3,0,0
B101025,Agriculture,Bank,44,35216.0,7,1,0.901,0.716,2,60180.0,0.085,14.0,0,0
B101026,Services,Bank,27,20951.0,49,4,0.789,0.784,2,110217.0,0.263,15.1,0,0
B101027,Agriculture,MFI,56,82534.0,8,2,0.694,0.63,2,457951.0,0.277,16.8,0,1
B101028,Personal/Household,Bank,55,31158.0,34,1,0.835,0.878,1,109557.0,0.176,13.3,0,0
B101029,Real Estate,Bank,43,23141.0,8,2,0.806,0.87,3,87541.0,0.189,16.3,1,0
B101030,Manufacturing,Bank,35,15190.0,31,1,0.598,0.756,1,81204.0,0.267,14.9,0,0
B101031,Personal/Household,Bank,36,18176.0,44,3,0.601,0.581,2,115085.0,0.317,16.2,0,0
B101032,Manufacturing,Bank,32,14983.0,48,1,0.813,0.442,1,119073.0,0.397,14.3,0,0
B101033,Services,Bank,33,26774.0,19,2,0.874,0.591,3,168481.0,0.315,15.9,0,1
B101034,Real Estate,Bank,18,18275.0,6,3,0.609,0.556,4,154906.0,0.424,11.9,0,1
B101035,Transport,SACCO,50,45761.0,20,2,0.915,0.504,0,155018.0,0.169,11.6,0,1
B101036,Agriculture,Digital Lender,47,21559.0,81,1,0.936,0.782,0,183874.0,0.426,86.2,0,0
B101037,Real Estate,SACCO,18,47198.0,52,1,0.773,0.601,3,145728.0,0.154,11.3,0,0
B101038,Real Estate,Bank,44,38961.0,18,3,0.905,0.767,1,328622.0,0.422,13.5,0,0
B101039,Trade,Digital Lender,35,42405.0,26,1,0.782,0.658,4,378041.0,0.446,115.3,0,0
B101040,Trade,Digital Lender,33,48689.0,17,2,0.913,0.419,2,181300.0,0.186,213.9,0,1
B101041,Transport,MFI,40,88994.0,1,1,0.854,0.793,0,434246.0,0.244,19.3,0,0
B101042,Transport,Bank,18,18640.0,111,1,0.765,0.635,1,83099.0,0.223,10.9,0,0
B101043,Transport,SACCO,35,47349.0,29,1,0.775,0.621,0,273346.0,0.289,15.5,0,0
B101044,Trade,Digital Lender,36,37011.0,26,2,0.776,0.552,1,261697.0,0.354,8.0,0,0
B101045,Agriculture,Digital Lender,36,53359.0,23,4,0.953,0.688,4,321860.0,0.302,8.0,0,0
B101046,Trade,SACCO,21,31601.0,28,2,0.526,0.73,2,114610.0,0.181,15.5,0,0
B101047,Personal/Household,SACCO,39,56772.0,38,3,0.749,0.627,2,187555.0,0.165,15.6,0,0
B101048,Personal/Household,Digital Lender,46,14612.0,12,2,0.877,0.549,1,24949.0,0.085,271.0,0,0
B101049,Agriculture,Bank,39,17114.0,9,3,0.418,0.821,3,130860.0,0.382,14.9,0,1
B101050,Transport,Bank,33,21741.0,31,0,0.602,0.425,3,145956.0,0.336,14.0,0,1
B101051,Trade,Digital Lender,62,28535.0,46,2,0.67,0.895,2,248023.0,0.435,99.8,0,0
B101052,Agriculture,Bank,26,30500.0,2,1,0.849,0.467,1,100887.0,0.165,15.3,0,0
B101053,Trade,Bank,43,19791.0,16,0,0.923,0.374,3,65700.0,0.166,16.2,0,1
B101054,Agriculture,Bank,37,17241.0,20,2,0.802,0.761,6,75026.0,0.218,15.8,0,1
B101055,Transport,Bank,55,20735.0,87,3,0.499,0.773,0,178361.0,0.43,17.3,0,0
B101056,Services,Bank,39,11613.0,35,0,0.431,0.824,2,21426.0,0.092,11.5,0,0
B101057,Trade,MFI,41,25375.0,19,2,0.875,0.576,1,225239.0,0.444,22.7,0,0
B101058,Manufacturing,MFI,40,28793.0,71,2,0.653,0.539,2,104300.0,0.181,13.0,0,0
B101059,Personal/Household,MFI,24,37895.0,92,1,0.534,0.539,3,206326.0,0.272,19.5,0,0
B101060,Services,Bank,26,32591.0,7,1,0.791,0.797,3,281760.0,0.432,17.2,1,0
B101061,Transport,Digital Lender,32,79727.0,14,4,0.867,0.742,2,182910.0,0.115,166.3,0,0
B101062,Agriculture,SACCO,45,46481.0,12,2,0.569,0.669,4,88171.0,0.095,8.0,0,0
B101063,Transport,Digital Lender,37,44601.0,2,2,0.78,0.534,0,207148.0,0.232,184.1,1,1
B101064,Agriculture,Bank,33,36337.0,28,2,0.847,0.813,0,79189.0,0.109,12.1,0,0
B101065,Services,Bank,49,39921.0,25,0,0.865,0.809,2,140463.0,0.176,18.3,1,0
B101066,Real Estate,Digital Lender,18,26333.0,4,2,0.757,0.532,2,206519.0,0.392,8.0,0,0
B101067,Personal/Household,Digital Lender,22,31407.0,197,3,0.562,0.61,0,81959.0,0.13,175.0,0,0
B101068,Trade,Bank,18,85550.0,44,2,0.97,0.817,2,414510.0,0.242,14.4,0,1
B101069,Real Estate,SACCO,47,28609.0,2,1,0.821,0.641,1,236306.0,0.413,15.5,0,0
B101070,Personal/Household,SACCO,34,14292.0,11,1,0.8,0.916,0,109205.0,0.382,9.7,0,0
B101071,Transport,Bank,45,43619.0,71,0,0.88,0.717,1,265394.0,0.304,16.6,1,0
B101072,Real Estate,MFI,34,48116.0,15,4,0.763,0.621,0,104419.0,0.109,23.6,0,1
B101073,Services,Bank,45,32370.0,1,1,0.899,0.66,1,188145.0,0.291,14.6,0,0
B101074,Personal/Household,Bank,34,10582.0,6,0,0.896,0.679,0,77506.0,0.366,16.9,1,0
B101075,Agriculture,Digital Lender,39,60333.0,49,3,0.775,0.529,4,250763.0,0.208,153.7,0,0
B101076,Manufacturing,MFI,38,33740.0,12,4,0.94,0.92,3,118594.0,0.176,16.5,0,0
B101077,Manufacturing,Digital Lender,38,25068.0,27,1,0.959,0.722,1,49681.0,0.099,166.4,0,0
B101078,Transport,SACCO,52,57150.0,9,0,0.905,0.589,0,479639.0,0.42,17.1,0,0
B101079,Agriculture,Digital Lender,19,9764.0,16,1,0.807,0.915,1,43732.0,0.224,115.6,1,0
B101080,Agriculture,MFI,34,31619.0,32,4,0.759,0.715,3,115731.0,0.183,26.1,0,0
B101081,Services,MFI,37,22083.0,44,2,0.878,0.777,2,41848.0,0.095,22.3,1,0
B101082,Services,Bank,35,67554.0,49,3,0.877,0.728,2,499739.0,0.37,16.2,0,0
B101083,Personal/Household,SACCO,31,33982.0,9,2,0.967,0.599,2,298456.0,0.439,14.8,0,0
B101084,Services,MFI,30,18480.0,38,1,0.559,0.486,1,139204.0,0.377,19.1,0,0
B101085,Personal/Household,SACCO,50,55605.0,47,1,0.991,0.828,2,120876.0,0.109,11.0,0,0
B101086,Personal/Household,Bank,34,8000.0,9,1,0.706,0.461,2,56912.0,0.356,13.8,0,0
B101087,Personal/Household,Bank,59,39314.0,14,1,0.683,0.6,1,121953.0,0.155,15.0,0,0
B101088,Manufacturing,Digital Lender,40,14842.0,71,4,0.521,0.828,3,46817.0,0.158,117.2,0,0
B101089,Real Estate,Digital Lender,32,23055.0,6,1,0.8,0.248,2,154533.0,0.335,55.3,1,1
B101090,Agriculture,Bank,41,26046.0,58,3,0.775,0.856,2,75144.0,0.144,16.1,0,0
B101091,Transport,SACCO,36,49048.0,65,2,0.703,0.625,3,204835.0,0.209,10.7,0,0
B101092,Agriculture,MFI,48,99895.0,56,1,0.684,0.869,3,578964.0,0.29,20.6,0,0
B101093,Agriculture,Digital Lender,23,11173.0,71,3,0.44,0.437,3,59073.0,0.264,183.7,0,1
B101094,Transport,Bank,18,38005.0,58,1,0.772,0.638,3,158621.0,0.209,12.8,0,0
B101095,Real Estate,MFI,39,99843.0,6,3,0.726,0.714,3,233713.0,0.117,21.4,0,0
B101096,Trade,Bank,43,21696.0,20,1,0.928,0.711,1,127712.0,0.294,13.7,1,0
B101097,Personal/Household,Bank,38,20968.0,34,1,0.515,0.659,0,175666.0,0.419,14.5,0,0
B101098,Personal/Household,Digital Lender,42,33853.0,31,4,0.714,0.717,3,74739.0,0.11,143.4,0,0
B101099,Trade,Bank,40,46904.0,57,0,0.601,0.828,0,168057.0,0.179,15.3,0,0
B101100,Trade,Bank,20,42688.0,13,1,0.806,0.653,0,291759.0,0.342,11.5,0,1
B101101,Agriculture,Bank,38,24409.0,35,1,0.802,0.532,1,110582.0,0.227,15.6,0,0
B101102,Personal/Household,MFI,48,19122.0,58,3,0.919,0.484,1,157747.0,0.412,22.4,0,0
B101103,Personal/Household,SACCO,37,61321.0,66,2,0.879,0.832,1,170537.0,0.139,15.3,1,0
B101104,Trade,Bank,22,19419.0,8,3,0.596,0.603,1,35458.0,0.091,18.5,0,0
B101105,Personal/Household,SACCO,32,10364.0,18,1,0.702,0.575,2,74068.0,0.357,12.7,0,0
B101106,Trade,Digital Lender,41,13368.0,12,2,0.815,0.686,1,71161.0,0.266,57.5,0,0
B101107,Real Estate,Bank,53,21658.0,36,3,0.614,0.861,0,44466.0,0.103,14.5,1,1
B101108,Services,Digital Lender,18,67567.0,23,3,0.598,0.582,2,439683.0,0.325,111.3,0,0
B101109,Trade,Bank,39,15466.0,63,2,0.643,0.466,1,61998.0,0.2,10.8,0,0
B101110,Trade,MFI,26,68669.0,28,3,0.918,0.779,1,412888.0,0.301,24.7,0,0
B101111,Real Estate,Bank,40,61007.0,23,2,0.891,0.855,2,441562.0,0.362,15.4,0,1
B101112,Transport,Bank,41,33654.0,34,5,0.937,0.745,5,87367.0,0.13,15.5,0,0
B101113,Services,Bank,33,8000.0,16,0,0.742,0.882,1,50512.0,0.316,14.1,1,0
B101114,Services,Bank,41,15503.0,12,2,0.849,0.616,3,43936.0,0.142,14.5,0,0
B101115,Trade,Digital Lender,46,20985.0,50,2,0.931,0.851,3,164184.0,0.391,32.6,0,0
B101116,Trade,MFI,33,77025.0,69,4,0.603,0.769,3,218753.0,0.142,21.6,0,0
B101117,Personal/Household,Digital Lender,22,21741.0,7,3,0.752,0.678,2,131603.0,0.303,109.5,0,0
B101118,Agriculture,MFI,49,19436.0,8,2,0.544,0.727,1,139099.0,0.358,19.4,0,0
B101119,Services,SACCO,43,32977.0,1,0,0.667,0.806,1,211448.0,0.321,16.9,0,0
B101120,Transport,Bank,41,13695.0,76,2,0.4,0.931,1,55109.0,0.201,19.0,0,0
B101121,Trade,MFI,28,29333.0,11,2,0.82,0.775,4,197991.0,0.337,19.8,0,0
B101122,Personal/Household,Bank,45,19164.0,8,4,0.784,0.641,1,99271.0,0.259,16.7,0,0
B101123,Trade,Digital Lender,55,130387.0,15,1,0.444,0.629,2,1035620.0,0.397,230.3,0,0
B101124,Real Estate,Digital Lender,34,17949.0,16,4,0.68,0.863,3,147599.0,0.411,184.1,0,0
B101125,Manufacturing,Bank,36,85945.0,2,0,0.861,0.614,1,294197.0,0.171,15.2,0,0
B101126,Manufacturing,SACCO,24,15881.0,1,1,0.697,0.402,1,66240.0,0.209,15.3,0,0
B101127,Personal/Household,SACCO,28,34356.0,9,3,0.746,0.781,0,172799.0,0.251,13.0,0,0
B101128,Transport,MFI,24,39151.0,74,2,0.643,0.859,2,170348.0,0.218,20.4,1,0
B101129,Services,Bank,36,32144.0,12,3,0.618,0.586,3,282161.0,0.439,16.6,0,0
B101130,Services,SACCO,32,31077.0,24,1,0.389,0.634,1,268648.0,0.432,8.5,1,0
B101131,Manufacturing,Digital Lender,39,47753.0,45,7,0.872,0.586,1,342177.0,0.358,152.9,0,0
B101132,Trade,Bank,26,37405.0,48,0,0.573,0.564,1,129200.0,0.173,15.6,0,0
B101133,Personal/Household,MFI,33,27035.0,35,0,0.831,0.562,1,158630.0,0.293,10.5,0,0
B101134,Services,Bank,25,20518.0,4,3,0.511,0.931,2,51571.0,0.126,17.5,0,0
B101135,Agriculture,Digital Lender,37,27142.0,58,1,0.736,0.676,3,119352.0,0.22,15.7,0,0
B101136,Real Estate,Bank,19,26958.0,33,1,0.365,0.545,1,182230.0,0.338,15.0,0,1
B101137,Real Estate,Bank,37,26668.0,23,2,0.495,0.814,1,121914.0,0.229,14.4,0,0
B101138,Trade,Bank,32,31005.0,6,1,0.72,0.6,4,108513.0,0.175,16.5,0,0
B101139,Transport,Digital Lender,37,13696.0,17,3,0.932,0.745,1,91394.0,0.334,111.2,0,0
B101140,Agriculture,SACCO,18,16896.0,62,3,0.87,0.556,1,38641.0,0.114,8.2,0,0
B101141,Personal/Household,Bank,42,46980.0,5,2,0.732,0.727,1,372246.0,0.396,12.4,0,0
B101142,Personal/Household,Bank,32,8624.0,3,0,0.504,0.75,0,28066.0,0.163,15.3,0,0
B101143,Personal/Household,Digital Lender,37,57433.0,25,1,0.476,0.712,4,441454.0,0.384,250.3,0,0
B101144,Real Estate,MFI,18,21864.0,44,4,0.789,0.451,1,73766.0,0.169,22.8,0,0
B101145,Agriculture,Bank,23,74474.0,57,0,0.702,0.732,5,115798.0,0.078,18.2,0,0
B101146,Personal/Household,Digital Lender,31,58362.0,31,4,0.682,0.778,1,345245.0,0.296,218.5,0,0
B101147,Personal/Household,Bank,49,24833.0,10,3,0.82,0.677,2,65464.0,0.132,12.5,0,1
B101148,Manufacturing,MFI,40,26290.0,1,3,0.798,0.686,0,231955.0,0.441,22.4,0,0
B101149,Services,Bank,36,71417.0,2,6,0.771,0.827,4,609607.0,0.427,16.3,1,0
B101150,Trade,SACCO,26,59891.0,68,3,0.531,0.662,1,161204.0,0.135,12.1,0,0
B101151,Personal/Household,Digital Lender,24,50767.0,82,1,0.883,0.561,1,286164.0,0.282,179.5,0,0
B101152,Trade,Bank,38,55788.0,3,4,0.793,0.538,2,158629.0,0.142,17.7,0,0
B101153,Trade,SACCO,42,16348.0,60,2,0.838,0.727,2,76731.0,0.235,12.1,0,0
B101154,Manufacturing,Digital Lender,37,33287.0,37,2,0.607,0.157,1,114894.0,0.173,252.0,0,0
B101155,Trade,Digital Lender,52,19463.0,34,2,0.946,0.859,2,101078.0,0.26,224.9,0,0
B101156,Trade,MFI,28,16119.0,44,2,0.725,0.752,0,68581.0,0.213,23.8,0,0
B101157,Trade,MFI,37,32537.0,20,2,0.849,0.687,2,133098.0,0.205,19.4,0,0
B101158,Real Estate,Digital Lender,18,23680.0,0,2,0.871,0.558,2,157697.0,0.333,182.8,0,0
B101159,Personal/Household,Bank,37,27135.0,65,0,0.908,0.669,2,182325.0,0.336,16.0,0,0
B101160,Trade,Bank,50,22584.0,6,0,0.668,0.444,0,49415.0,0.109,15.2,1,0
B101161,Transport,Bank,25,14914.0,41,1,0.394,0.397,5,71320.0,0.239,13.8,0,0
B101162,Personal/Household,Digital Lender,43,75602.0,20,2,0.688,0.696,2,522410.0,0.345,98.1,0,0
B101163,Trade,Bank,49,32393.0,8,3,0.594,0.53,1,178971.0,0.276,13.5,0,0
B101164,Trade,Bank,28,13451.0,16,0,0.944,0.595,1,47029.0,0.175,11.7,0,1
B101165,Personal/Household,SACCO,40,32862.0,20,1,0.641,0.675,2,68476.0,0.104,17.6,0,0
B101166,Personal/Household,Bank,51,68649.0,43,3,0.843,0.23,2,568346.0,0.414,15.1,0,0
B101167,Manufacturing,Bank,37,50378.0,50,0,0.934,0.864,2,144079.0,0.143,15.7,0,0
B101168,Personal/Household,MFI,43,22353.0,11,1,0.499,0.66,1,49350.0,0.11,18.3,0,1
B101169,Trade,Bank,18,22650.0,74,0,0.611,0.827,1,141861.0,0.313,15.3,0,0
B101170,Real Estate,Digital Lender,41,17564.0,16,1,0.928,0.905,1,136163.0,0.388,168.7,0,0
B101171,Personal/Household,Bank,40,19767.0,35,0,0.831,0.256,1,104600.0,0.265,13.6,0,0
B101172,Agriculture,Digital Lender,22,20672.0,35,5,0.617,0.689,1,177652.0,0.43,73.6,0,0
B101173,Personal/Household,MFI,25,13259.0,26,2,0.877,0.604,1,36821.0,0.139,22.3,0,0
B101174,Manufacturing,Bank,41,23291.0,74,2,0.984,0.697,4,162085.0,0.348,14.8,0,0
B101175,Personal/Household,Bank,32,35925.0,17,4,0.607,0.694,2,215819.0,0.3,16.2,0,0
B101176,Real Estate,MFI,46,23678.0,129,1,0.56,0.849,2,203939.0,0.431,28.7,0,0
B101177,Agriculture,Bank,38,33508.0,35,1,0.939,0.696,2,73009.0,0.109,14.4,0,0
B101178,Trade,Bank,36,72552.0,16,0,0.548,0.817,1,326609.0,0.225,15.5,0,0
B101179,Trade,Digital Lender,33,81603.0,73,2,0.858,0.905,3,258812.0,0.159,239.7,0,0
B101180,Personal/Household,MFI,38,28642.0,64,2,0.848,0.349,2,158969.0,0.277,9.5,0,0
B101181,Trade,Digital Lender,43,48248.0,52,2,0.918,0.668,2,270444.0,0.28,186.8,0,0
B101182,Trade,Bank,40,27129.0,4,1,0.845,0.896,4,152117.0,0.28,14.9,0,0
B101183,Trade,Bank,31,22735.0,8,3,0.858,0.923,3,69439.0,0.153,15.5,0,0
B101184,Trade,SACCO,47,16087.0,42,2,0.782,0.678,0,121824.0,0.379,16.1,0,0
B101185,Personal/Household,Bank,42,31183.0,102,4,0.945,0.716,2,161118.0,0.258,13.9,0,1
B101186,Real Estate,Bank,39,53982.0,36,3,0.443,0.743,1,202642.0,0.188,14.4,0,1
B101187,Services,Bank,36,14751.0,17,4,0.84,0.422,1,42436.0,0.144,14.0,1,0
B101188,Trade,Bank,40,25390.0,51,2,0.701,0.848,1,204450.0,0.403,15.7,0,0
B101189,Transport,Digital Lender,18,24725.0,2,3,0.451,0.88,1,203212.0,0.411,130.1,0,0
B101190,Real Estate,Bank,37,34057.0,31,2,0.842,0.712,2,79892.0,0.117,14.6,0,0
B101191,Real Estate,Digital Lender,51,34356.0,5,6,0.706,0.222,2,223167.0,0.325,108.7,0,1
B101192,Personal/Household,Bank,37,39954.0,11,0,0.512,0.569,3,187550.0,0.235,15.0,0,0
B101193,Services,Bank,36,84401.0,12,2,0.734,0.484,4,488686.0,0.289,16.5,0,0
B101194,Personal/Household,Bank,29,18421.0,7,1,0.79,0.745,1,95981.0,0.261,12.0,1,0
B101195,Trade,MFI,40,17872.0,85,1,0.878,0.732,0,119096.0,0.333,17.1,0,0
B101196,Agriculture,Digital Lender,33,34066.0,26,2,0.714,0.473,4,222930.0,0.327,133.6,0,0
B101197,Transport,Digital Lender,48,66105.0,99,4,0.617,0.673,1,348531.0,0.264,176.8,0,0
B101198,Agriculture,Bank,26,13302.0,74,3,0.618,0.401,2,23614.0,0.089,14.9,0,0
B101199,Personal/Household,MFI,30,35677.0,43,2,0.593,0.794,3,252305.0,0.354,13.2,0,0
B101200,Manufacturing,Digital Lender,29,26616.0,71,3,0.836,0.65,1,73815.0,0.139,108.8,0,1
B101201,Manufacturing,Bank,53,47565.0,17,2,0.793,0.633,2,361971.0,0.38,16.0,0,1
B101202,Personal/Household,MFI,33,42003.0,4,2,0.907,0.793,1,114638.0,0.136,20.1,1,0
B101203,Personal/Household,Bank,30,30537.0,24,3,0.777,0.867,1,101537.0,0.166,15.2,0,0
B101204,Trade,MFI,18,38876.0,16,0,0.911,0.848,2,87039.0,0.112,25.6,0,0
B101205,Trade,MFI,26,20701.0,80,1,0.811,0.612,4,106011.0,0.256,16.4,0,0
B101206,Transport,Bank,40,46172.0,29,2,0.819,0.652,1,147194.0,0.159,18.5,1,1
B101207,Manufacturing,Digital Lender,40,63741.0,27,3,0.754,0.62,0,412870.0,0.324,205.2,0,1
B101208,Agriculture,MFI,28,31416.0,36,1,0.857,0.746,1,156468.0,0.249,11.2,0,0
B101209,Real Estate,Digital Lender,29,23757.0,2,0,0.384,0.743,3,192583.0,0.405,244.2,0,1
B101210,Personal/Household,SACCO,54,27451.0,24,2,0.794,0.699,2,41240.0,0.075,10.0,0,1
B101211,Personal/Household,Bank,62,45905.0,21,1,0.905,0.287,1,320805.0,0.349,13.9,0,0
B101212,Manufacturing,MFI,46,29056.0,1,4,0.909,0.59,3,44094.0,0.076,15.5,0,0
B101213,Real Estate,Bank,51,15370.0,13,1,0.644,0.662,2,102648.0,0.334,13.6,0,0
B101214,Agriculture,Digital Lender,53,50194.0,47,2,0.525,0.524,2,238888.0,0.238,157.1,0,0
B101215,Manufacturing,Bank,57,17317.0,16,2,0.593,0.798,2,148702.0,0.429,15.7,0,0
B101216,Agriculture,Digital Lender,32,37552.0,20,6,0.921,0.569,2,173138.0,0.231,127.3,0,0
B101217,Manufacturing,SACCO,26,10652.0,7,0,0.84,0.816,2,61998.0,0.291,11.5,0,0
B101218,Transport,SACCO,53,31555.0,1,5,0.595,0.586,2,148817.0,0.236,10.0,0,0
B101219,Trade,MFI,25,28636.0,2,1,0.618,0.433,2,218071.0,0.381,23.5,0,0
B101220,Trade,MFI,25,10078.0,28,1,0.779,0.44,0,70800.0,0.351,25.5,0,0
B101221,Trade,SACCO,25,35705.0,4,0,0.968,0.431,2,299148.0,0.419,12.9,0,0
B101222,Services,SACCO,34,16224.0,44,1,0.789,0.679,4,36133.0,0.111,12.1,0,0
B101223,Transport,Bank,18,31151.0,68,0,0.801,0.598,1,98135.0,0.158,15.3,0,0
B101224,Trade,SACCO,21,23707.0,23,1,0.838,0.539,1,211003.0,0.445,11.2,0,1
B101225,Services,Bank,29,13170.0,22,2,0.54,0.426,2,20027.0,0.076,13.5,0,0
B101226,Real Estate,SACCO,23,16728.0,3,2,0.789,0.444,2,89088.0,0.266,15.9,0,0
B101227,Real Estate,MFI,46,17481.0,50,3,0.742,0.695,6,141719.0,0.405,20.5,1,0
B101228,Services,Bank,35,51038.0,6,3,0.779,0.644,2,219860.0,0.215,15.0,0,0
B101229,Trade,SACCO,41,47084.0,18,4,0.756,0.661,8,281515.0,0.299,11.6,0,0
B101230,Trade,MFI,40,99407.0,8,1,0.694,0.688,3,529962.0,0.267,22.2,0,0
B101231,Transport,MFI,33,22437.0,4,3,0.602,0.883,0,177123.0,0.395,17.8,0,0
B101232,Trade,SACCO,45,22043.0,74,3,0.457,0.708,0,126073.0,0.286,19.6,0,0
B101233,Transport,SACCO,40,32022.0,48,0,0.704,0.535,3,103838.0,0.162,12.0,0,0
B101234,Trade,SACCO,32,24455.0,2,2,0.978,0.883,3,181121.0,0.37,15.2,0,0
B101235,Trade,Bank,18,21581.0,26,1,0.848,0.685,0,90754.0,0.21,14.2,0,0
B101236,Trade,Bank,40,30636.0,6,3,0.462,0.765,0,246297.0,0.402,15.2,0,0
B101237,Real Estate,SACCO,22,43782.0,3,1,0.96,0.68,4,173361.0,0.198,14.9,0,1
B101238,Trade,Bank,39,9305.0,1,1,0.643,0.608,0,66716.0,0.358,15.6,1,0
B101239,Trade,Bank,36,21705.0,13,3,0.991,0.648,0,51811.0,0.119,14.8,0,0
B101240,Personal/Household,Bank,21,13745.0,55,4,0.625,0.687,1,99191.0,0.361,14.5,1,0
B101241,Agriculture,Bank,38,27321.0,64,1,0.868,0.796,2,212085.0,0.388,10.8,0,0
B101242,Agriculture,Digital Lender,37,37720.0,67,2,0.956,0.885,0,314104.0,0.416,297.4,0,0
B101243,Trade,Bank,37,54958.0,24,1,0.667,0.833,0,223938.0,0.204,13.4,0,0
B101244,Agriculture,Bank,36,23422.0,35,1,0.644,0.781,2,182507.0,0.39,16.1,0,0
B101245,Agriculture,Digital Lender,28,31522.0,3,3,0.953,0.346,1,283473.0,0.45,136.9,0,0
B101246,Transport,Digital Lender,41,11788.0,18,7,0.749,0.725,6,32045.0,0.136,95.9,0,0
B101247,Trade,Bank,28,18523.0,27,1,0.555,0.784,1,135053.0,0.365,15.2,1,0
B101248,Services,Digital Lender,24,33320.0,3,0,0.564,0.533,2,85234.0,0.128,133.4,0,0
B101249,Services,Bank,42,14080.0,22,1,0.845,0.649,0,97659.0,0.347,15.5,0,0
B101250,Trade,Digital Lender,44,58709.0,98,2,0.883,0.833,0,236526.0,0.201,8.0,0,0
B101251,Trade,Bank,41,39653.0,26,2,0.454,0.65,2,154201.0,0.194,15.1,0,0
B101252,Trade,MFI,33,18079.0,54,1,0.709,0.494,4,131701.0,0.364,16.2,0,0
B101253,Transport,Bank,18,13158.0,7,2,0.939,0.683,2,117785.0,0.448,15.8,1,0
B101254,Trade,SACCO,50,20018.0,20,3,0.867,0.776,0,133149.0,0.333,10.2,0,0
B101255,Personal/Household,Bank,18,18131.0,23,3,0.732,0.621,2,36746.0,0.101,15.7,0,0
B101256,Personal/Household,MFI,41,15224.0,4,2,0.36,0.71,1,48285.0,0.159,17.6,0,0
B101257,Personal/Household,SACCO,56,13715.0,38,0,0.795,0.71,0,51247.0,0.187,15.4,0,0
B101258,Manufacturing,Bank,36,26194.0,53,2,0.969,0.492,1,53812.0,0.103,17.4,0,0
B101259,Services,Digital Lender,38,44478.0,21,3,0.726,0.653,0,71267.0,0.08,173.0,0,0
B101260,Trade,Bank,39,20109.0,4,2,0.922,0.394,2,172513.0,0.429,16.6,0,1
B101261,Real Estate,Bank,37,37975.0,11,0,0.854,0.693,0,68240.0,0.09,11.3,0,0
B101262,Agriculture,Bank,59,24828.0,12,0,0.814,0.644,3,140272.0,0.282,15.0,0,0
B101263,Services,Bank,27,41638.0,31,0,0.685,0.651,0,340940.0,0.409,19.3,0,0
B101264,Manufacturing,Bank,25,19292.0,3,1,0.428,0.791,4,90631.0,0.235,17.7,0,0
B101265,Personal/Household,MFI,32,34702.0,13,2,0.763,0.683,2,172003.0,0.248,18.6,1,0
B101266,Trade,SACCO,52,31763.0,13,1,0.698,0.717,1,105784.0,0.167,13.0,0,0
B101267,Services,MFI,29,62898.0,4,1,0.741,0.623,2,484508.0,0.385,12.9,0,0
B101268,Manufacturing,MFI,39,40429.0,1,3,0.551,0.588,0,231271.0,0.286,22.2,0,0
B101269,Manufacturing,Digital Lender,46,34228.0,56,3,0.681,0.886,1,66114.0,0.097,354.0,0,0
B101270,Services,Bank,43,13247.0,7,5,0.869,0.822,0,39802.0,0.15,11.4,0,1
B101271,Real Estate,SACCO,45,22273.0,9,2,0.88,0.741,0,50196.0,0.113,11.0,0,0
B101272,Real Estate,Digital Lender,49,19145.0,13,3,0.56,0.774,0,53204.0,0.139,321.2,0,0
B101273,Transport,Bank,38,18916.0,3,2,0.705,0.754,1,114508.0,0.303,12.2,0,0
B101274,Trade,SACCO,30,29987.0,43,2,0.742,0.706,3,65091.0,0.109,15.2,0,1
B101275,Agriculture,Digital Lender,36,33943.0,4,2,0.947,0.318,0,127456.0,0.188,141.8,1,0
B101276,Trade,MFI,32,34682.0,22,2,0.875,0.718,2,149728.0,0.216,18.7,0,0
B101277,Trade,Digital Lender,60,59504.0,12,4,0.744,0.581,2,119407.0,0.1,88.0,0,0
B101278,Personal/Household,Bank,30,38791.0,13,1,0.645,0.761,4,65771.0,0.085,13.4,0,0
B101279,Transport,MFI,40,15134.0,11,1,0.914,0.6,1,92870.0,0.307,18.2,0,0
B101280,Agriculture,Bank,20,33236.0,3,2,0.811,0.511,1,162115.0,0.244,10.6,0,0
B101281,Real Estate,Bank,36,41003.0,25,2,0.531,0.901,1,188805.0,0.23,14.0,1,0
B101282,Real Estate,Digital Lender,32,59528.0,17,2,0.849,0.671,2,490872.0,0.412,278.6,0,0
B101283,Transport,Bank,42,27315.0,54,3,0.689,0.415,2,165440.0,0.303,13.8,0,0
B101284,Services,Digital Lender,42,27462.0,13,3,0.668,0.401,1,80637.0,0.147,209.6,0,0
B101285,Services,SACCO,49,53820.0,61,2,0.464,0.787,2,199183.0,0.185,9.2,0,0
B101286,Real Estate,Digital Lender,48,32801.0,8,1,0.679,0.54,3,126066.0,0.192,335.5,0,1
B101287,Agriculture,Digital Lender,34,12343.0,14,2,0.823,0.52,0,31966.0,0.129,47.7,0,0
B101288,Real Estate,MFI,26,10970.0,5,3,0.806,0.579,2,94746.0,0.432,23.2,1,1
B101289,Manufacturing,Digital Lender,27,81832.0,5,2,0.98,0.608,1,279992.0,0.171,68.2,0,0
B101290,Real Estate,Digital Lender,38,11585.0,33,2,0.556,0.599,2,29637.0,0.128,165.0,0,0
B101291,Transport,MFI,37,27120.0,18,2,0.804,0.423,0,66164.0,0.122,12.8,0,0
B101292,Manufacturing,SACCO,38,48325.0,10,2,0.876,0.803,0,316280.0,0.327,13.7,1,0
B101293,Agriculture,Bank,30,11265.0,85,1,0.703,0.69,1,63734.0,0.283,14.1,0,0
B101294,Agriculture,Bank,49,16402.0,25,1,0.742,0.611,2,96386.0,0.294,12.9,0,0
B101295,Agriculture,Bank,20,14977.0,67,4,0.824,0.826,3,112768.0,0.376,16.6,0,0
B101296,Trade,MFI,29,80067.0,90,2,0.78,0.465,2,687051.0,0.429,29.5,0,0
B101297,Trade,Bank,24,90218.0,28,3,0.758,0.721,2,594322.0,0.329,16.3,0,0
B101298,Personal/Household,MFI,33,19855.0,2,0,0.582,0.875,1,159208.0,0.401,17.4,0,0
B101299,Real Estate,SACCO,47,40893.0,45,2,0.625,0.653,2,233063.0,0.285,14.6,0,0
B101300,Trade,SACCO,32,35222.0,84,2,0.767,0.765,5,156086.0,0.222,9.4,0,0
B101301,Manufacturing,Digital Lender,36,25478.0,31,1,0.731,0.634,0,208990.0,0.41,278.5,0,0
B101302,Personal/Household,Digital Lender,42,12152.0,2,4,0.508,0.935,2,90257.0,0.371,182.8,0,0
B101303,Agriculture,Digital Lender,32,105779.0,46,6,0.812,0.504,0,292005.0,0.138,127.8,1,0
B101304,Personal/Household,SACCO,39,10951.0,39,1,0.793,0.631,2,97140.0,0.443,12.7,0,0
B101305,Services,Bank,38,33412.0,6,0,0.456,0.443,1,290298.0,0.434,17.8,0,0
B101306,Transport,Digital Lender,24,20823.0,8,1,0.791,0.169,2,177925.0,0.427,91.0,0,0
B101307,Transport,Bank,30,51763.0,18,0,0.462,0.543,1,273559.0,0.264,17.8,0,0
B101308,Trade,Bank,39,47348.0,2,1,0.903,0.452,1,87443.0,0.092,13.3,0,0
B101309,Services,Bank,48,17355.0,11,0,0.721,0.583,1,125775.0,0.362,16.0,0,1
B101310,Real Estate,MFI,48,19253.0,55,2,0.839,0.651,2,104100.0,0.27,17.7,0,0
B101311,Services,SACCO,56,12675.0,36,1,0.901,0.809,1,86387.0,0.341,14.7,0,0
B101312,Manufacturing,Bank,40,33095.0,53,3,0.781,0.599,0,236575.0,0.357,14.2,0,0
B101313,Trade,Digital Lender,31,43958.0,26,4,0.935,0.662,2,224517.0,0.255,185.3,1,0
B101314,Trade,Bank,34,23320.0,1,0,0.78,0.838,5,58016.0,0.124,14.7,0,0
B101315,Personal/Household,Bank,34,25987.0,14,5,0.504,0.68,2,103834.0,0.2,14.3,0,0
B101316,Manufacturing,Bank,31,84907.0,15,0,0.735,0.877,4,280444.0,0.165,12.5,0,0
B101317,Trade,Bank,39,49758.0,63,1,0.875,0.568,2,288351.0,0.29,15.9,0,0
B101318,Personal/Household,Digital Lender,39,62397.0,7,3,0.751,0.688,2,436011.0,0.349,233.2,0,1
B101319,Personal/Household,Bank,23,8664.0,16,2,0.501,0.643,4,14430.0,0.083,10.9,0,0
B101320,Manufacturing,Bank,46,40173.0,1,3,0.752,0.934,0,185802.0,0.231,12.0,0,0
B101321,Real Estate,Bank,18,34141.0,20,1,0.936,0.777,0,206022.0,0.302,11.9,0,0
B101322,Trade,Digital Lender,33,14934.0,111,2,0.9,0.572,2,91272.0,0.306,311.9,0,0
B101323,Personal/Household,Digital Lender,46,16745.0,7,1,0.731,0.885,1,98699.0,0.295,106.2,0,0
B101324,Agriculture,SACCO,41,26367.0,17,1,0.548,0.866,1,118617.0,0.225,11.8,0,1
B101325,Personal/Household,SACCO,31,14213.0,1,1,0.804,0.459,1,95551.0,0.336,16.6,0,0
B101326,Agriculture,Digital Lender,55,19163.0,32,2,0.94,0.554,0,53701.0,0.14,162.8,0,0
B101327,Manufacturing,Bank,31,23066.0,14,1,0.634,0.794,4,190742.0,0.413,15.9,0,1
B101328,Agriculture,Bank,18,40759.0,24,1,0.774,0.702,3,141000.0,0.173,18.1,0,0
B101329,Trade,MFI,40,20156.0,17,1,0.434,0.419,2,100406.0,0.249,24.9,0,0
B101330,Personal/Household,Bank,18,23249.0,27,1,0.891,0.767,3,67791.0,0.146,14.8,1,0
B101331,Manufacturing,MFI,27,52229.0,9,2,0.598,0.498,3,418054.0,0.4,24.1,0,0
B101332,Manufacturing,MFI,41,11267.0,12,3,0.817,0.733,1,85464.0,0.379,14.8,0,0
B101333,Services,Bank,30,33692.0,4,3,0.508,0.407,2,209375.0,0.311,16.5,0,0
B101334,Services,MFI,41,36834.0,19,1,0.405,0.68,1,154254.0,0.209,18.7,0,0
B101335,Personal/Household,Bank,23,37394.0,172,2,0.892,0.723,0,186644.0,0.25,12.4,1,0
B101336,Trade,Bank,44,22567.0,51,0,0.85,0.614,2,200086.0,0.443,17.6,0,0
B101337,Transport,Digital Lender,18,16553.0,12,1,0.83,0.563,2,63600.0,0.192,290.6,0,0
B101338,Personal/Household,SACCO,48,68578.0,24,3,0.902,0.727,0,480701.0,0.35,8.0,0,0
B101339,Agriculture,Bank,30,18563.0,8,3,0.827,0.713,4,140945.0,0.38,16.9,0,1
B101340,Trade,Bank,50,16085.0,65,2,0.696,0.845,2,40366.0,0.125,14.6,0,0
B101341,Personal/Household,Bank,27,30065.0,3,3,0.718,0.759,0,85036.0,0.141,18.8,0,0
B101342,Manufacturing,Bank,54,19801.0,24,4,0.801,0.619,3,48352.0,0.122,11.2,0,0
B101343,Manufacturing,Bank,25,52994.0,11,1,0.832,0.682,0,471940.0,0.445,15.0,0,0
B101344,Services,Bank,18,25698.0,32,1,0.741,0.793,0,71330.0,0.139,13.1,0,0
B101345,Transport,Digital Lender,35,56912.0,12,0,0.744,0.639,1,507302.0,0.446,160.8,0,1
B101346,Real Estate,Digital Lender,47,38056.0,22,2,0.953,0.715,3,297266.0,0.391,202.0,0,0
B101347,Agriculture,Digital Lender,43,24016.0,5,4,0.776,0.91,1,158554.0,0.33,199.2,0,0
B101348,Real Estate,SACCO,47,54869.0,14,0,0.968,0.574,2,225836.0,0.206,13.2,0,1
B101349,Trade,SACCO,43,20786.0,57,2,0.647,0.83,2,115160.0,0.277,12.1,1,0
B101350,Personal/Household,SACCO,27,24932.0,8,3,0.768,0.654,1,126950.0,0.255,15.3,0,1
B101351,Personal/Household,Digital Lender,43,39777.0,31,1,0.956,0.636,2,232531.0,0.292,43.9,0,1
B101352,Agriculture,SACCO,36,33679.0,41,2,0.671,0.932,1,79129.0,0.117,15.0,0,0
B101353,Agriculture,SACCO,28,20527.0,172,0,0.77,0.888,1,99461.0,0.242,13.1,0,0
B101354,Personal/Household,Digital Lender,37,12772.0,25,5,0.594,0.681,1,88565.0,0.347,165.2,0,0
B101355,Trade,MFI,34,29429.0,58,1,0.787,0.799,3,86319.0,0.147,15.1,0,0
B101356,Manufacturing,Bank,49,19932.0,11,0,0.862,0.767,4,45330.0,0.114,16.5,0,0
B101357,Real Estate,Bank,30,30221.0,46,2,0.774,0.452,2,50410.0,0.083,15.6,0,0
B101358,Personal/Household,MFI,29,23587.0,20,2,0.775,0.841,1,74104.0,0.157,24.4,0,0
B101359,Trade,Bank,28,20037.0,4,1,0.827,0.696,3,104203.0,0.26,16.3,0,0
B101360,Transport,Bank,54,25656.0,47,3,0.718,0.828,5,174606.0,0.34,17.3,0,0
B101361,Agriculture,Bank,29,28556.0,3,3,0.535,0.685,3,74354.0,0.13,12.9,0,1
B101362,Transport,Bank,48,43576.0,59,0,0.737,0.608,2,80995.0,0.093,14.4,0,0
B101363,Trade,Digital Lender,25,37525.0,7,0,0.709,0.483,1,281544.0,0.375,73.1,0,0
B101364,Real Estate,Bank,40,94083.0,66,0,0.697,0.438,1,174368.0,0.093,12.5,0,1
B101365,Manufacturing,Bank,38,32138.0,82,1,0.727,0.543,1,221616.0,0.345,17.3,0,0
B101366,Trade,MFI,47,20535.0,10,2,0.927,0.738,2,162288.0,0.395,25.3,0,0
B101367,Trade,Bank,46,27134.0,19,2,0.599,0.595,4,121318.0,0.224,14.1,0,0
B101368,Trade,SACCO,36,40643.0,1,1,0.906,0.711,3,300291.0,0.369,14.9,0,0
B101369,Agriculture,SACCO,30,51631.0,9,1,0.962,0.477,1,231169.0,0.224,13.3,0,1
B101370,Trade,Bank,51,62181.0,22,3,0.793,0.557,1,366164.0,0.294,14.8,0,0
B101371,Services,MFI,29,16995.0,7,0,0.862,0.574,0,147416.0,0.434,14.2,0,0
B101372,Real Estate,Bank,18,60136.0,13,0,0.941,0.823,2,364524.0,0.303,12.3,0,0
B101373,Personal/Household,SACCO,18,28989.0,45,2,0.667,0.592,3,151429.0,0.261,12.0,0,0
B101374,Services,Digital Lender,19,17857.0,3,3,0.711,0.506,2,140911.0,0.395,133.3,0,1
B101375,Trade,Digital Lender,41,26580.0,111,4,0.825,0.66,2,111877.0,0.21,148.3,0,0
B101376,Transport,Bank,57,57868.0,60,2,0.84,0.523,0,117679.0,0.102,17.8,0,0
B101377,Personal/Household,SACCO,18,38235.0,1,3,0.92,0.41,1,277100.0,0.362,14.8,0,1
B101378,Transport,Digital Lender,27,15266.0,70,5,0.919,0.892,3,130064.0,0.426,124.3,1,1
B101379,Real Estate,Digital Lender,36,15329.0,10,1,0.699,0.646,1,101884.0,0.332,216.4,0,0
B101380,Real Estate,Bank,50,15097.0,25,0,0.425,0.65,0,80108.0,0.265,16.9,0,0
B101381,Trade,MFI,27,19884.0,48,4,0.834,0.597,2,144950.0,0.364,21.4,0,0
B101382,Manufacturing,Bank,41,31027.0,9,4,0.701,0.82,1,170807.0,0.275,15.5,0,1
B101383,Services,Bank,32,16004.0,22,0,0.896,0.657,2,36647.0,0.114,12.4,0,0
B101384,Services,SACCO,61,23492.0,44,0,0.579,0.818,2,178322.0,0.38,16.8,0,0
B101385,Trade,MFI,36,64287.0,5,1,0.728,0.782,2,218498.0,0.17,20.3,0,0
B101386,Personal/Household,Bank,39,72388.0,40,3,0.86,0.712,3,590419.0,0.408,16.3,0,0
B101387,Agriculture,Digital Lender,36,69756.0,7,0,0.9,0.554,0,260386.0,0.187,255.9,0,0
B101388,Services,MFI,31,11079.0,3,4,0.937,0.416,5,35855.0,0.162,17.8,1,1
B101389,Trade,Digital Lender,44,74649.0,67,3,0.784,0.763,2,403635.0,0.27,303.9,0,0
B101390,Services,Digital Lender,23,31271.0,7,2,0.662,0.519,2,84162.0,0.135,90.9,0,0
B101391,Personal/Household,Digital Lender,18,31035.0,4,2,0.626,0.233,3,94778.0,0.153,306.8,0,0
B101392,Trade,Digital Lender,33,52360.0,1,4,0.79,0.552,1,179973.0,0.172,8.0,0,0
B101393,Trade,Bank,43,43779.0,127,1,0.803,0.811,2,256472.0,0.293,13.7,0,0
B101394,Personal/Household,Bank,29,10638.0,8,1,0.917,0.352,2,73723.0,0.346,14.1,0,0
B101395,Trade,Digital Lender,37,21229.0,29,2,0.904,0.581,3,112245.0,0.264,220.3,1,0
B101396,Manufacturing,Bank,23,24310.0,38,2,0.897,0.751,1,171345.0,0.352,13.6,0,0
B101397,Services,Bank,46,14305.0,29,3,0.769,0.679,4,82902.0,0.29,15.1,0,0
B101398,Manufacturing,SACCO,42,51454.0,8,1,0.764,0.652,1,377661.0,0.367,12.3,0,0
B101399,Real Estate,Bank,35,65605.0,5,0,0.853,0.81,2,582473.0,0.444,14.1,0,0
B101400,Real Estate,Bank,37,29560.0,21,1,0.881,0.664,1,133763.0,0.226,15.4,0,0
B101401,Trade,MFI,21,35039.0,24,3,0.831,0.702,2,309376.0,0.441,17.3,0,0
B101402,Services,Bank,22,29549.0,77,1,0.777,0.595,1,191478.0,0.324,16.2,0,0
B101403,Agriculture,SACCO,34,31399.0,0,2,0.96,0.932,2,98094.0,0.156,12.6,1,0
B101404,Trade,Bank,40,54980.0,2,0,0.595,0.871,1,270130.0,0.246,13.4,0,0
B101405,Agriculture,MFI,41,11260.0,16,5,0.866,0.671,2,82337.0,0.366,20.0,0,0
B101406,Services,Bank,31,38846.0,24,1,0.618,0.726,2,147420.0,0.19,17.2,0,0
B101407,Trade,SACCO,42,29927.0,40,3,0.64,0.536,3,143279.0,0.239,14.5,0,1
B101408,Personal/Household,Bank,49,20082.0,19,1,0.629,0.797,2,133749.0,0.333,14.1,1,0
B101409,Personal/Household,Bank,34,22542.0,41,1,0.72,0.502,3,189549.0,0.42,15.9,0,1
B101410,Personal/Household,Digital Lender,38,81455.0,5,3,0.854,0.421,2,539027.0,0.331,8.0,0,0
B101411,Services,Bank,33,14327.0,2,4,0.879,0.913,4,104723.0,0.365,16.2,1,0
B101412,Personal/Household,SACCO,34,27100.0,9,0,0.497,0.827,0,122858.0,0.227,10.8,1,0
B101413,Services,Bank,37,72854.0,60,2,0.85,0.422,5,447994.0,0.307,13.8,0,0
B101414,Trade,Bank,52,14786.0,3,1,0.543,0.44,2,95550.0,0.323,13.6,0,0
B101415,Personal/Household,Bank,44,23135.0,53,0,0.839,0.87,3,57495.0,0.124,14.2,0,0
B101416,Manufacturing,Digital Lender,43,30433.0,45,1,0.723,0.844,2,191051.0,0.314,13.8,0,0
B101417,Manufacturing,Bank,30,37308.0,32,0,0.934,0.429,5,105513.0,0.141,15.1,0,0
B101418,Services,Bank,26,28448.0,1,1,0.563,0.619,2,79135.0,0.139,15.7,0,0
B101419,Services,MFI,39,18170.0,33,1,0.966,0.332,2,158865.0,0.437,28.9,0,0
B101420,Personal/Household,Bank,47,38028.0,7,0,0.872,0.595,5,91047.0,0.12,16.4,0,0
B101421,Manufacturing,Digital Lender,52,28132.0,19,2,0.877,0.772,3,78438.0,0.139,29.8,0,0
B101422,Real Estate,Digital Lender,18,41993.0,21,3,0.333,0.556,3,126363.0,0.15,69.0,0,0
B101423,Real Estate,MFI,59,49416.0,3,3,0.775,0.771,1,154287.0,0.156,13.2,0,1
B101424,Agriculture,MFI,39,13129.0,171,2,0.678,0.743,1,90362.0,0.344,28.8,0,0
B101425,Real Estate,Bank,44,52482.0,36,3,0.589,0.784,5,241532.0,0.23,14.9,0,0
B101426,Trade,Digital Lender,18,25847.0,4,0,0.836,0.675,0,229955.0,0.445,218.5,0,0
B101427,Trade,MFI,33,46811.0,7,1,0.707,0.408,0,329588.0,0.352,13.3,0,0
B101428,Personal/Household,Bank,43,39012.0,51,3,0.939,0.645,3,137841.0,0.177,13.6,0,0
B101429,Real Estate,Digital Lender,23,82433.0,111,4,0.924,0.846,2,174286.0,0.106,90.7,0,0
B101430,Services,Digital Lender,18,29835.0,31,1,0.781,0.573,3,187832.0,0.315,50.0,0,0
B101431,Transport,MFI,38,23818.0,24,3,0.851,0.728,1,88149.0,0.185,16.4,0,0
B101432,Trade,Bank,35,22424.0,3,2,0.679,0.514,1,60623.0,0.135,15.2,0,0
B101433,Trade,SACCO,49,16808.0,15,0,0.574,0.66,1,71457.0,0.213,14.6,0,1
B101434,Trade,Digital Lender,33,46372.0,24,5,0.836,0.572,3,201041.0,0.217,268.3,0,0
B101435,Services,MFI,34,16224.0,18,2,0.7,0.598,0,81821.0,0.252,21.2,0,1
B101436,Trade,Bank,42,46149.0,50,2,0.863,0.756,3,166503.0,0.18,13.9,0,0
B101437,Manufacturing,Bank,45,26293.0,16,2,0.736,0.731,0,164897.0,0.314,16.8,0,0
B101438,Services,Bank,28,11274.0,94,1,0.516,0.394,3,86458.0,0.383,15.6,0,1
B101439,Services,Bank,44,67410.0,26,0,0.801,0.621,2,507291.0,0.376,16.3,0,0
B101440,Agriculture,Digital Lender,30,8000.0,20,4,0.715,0.477,2,24058.0,0.15,164.1,0,0
B101441,Trade,Bank,35,28425.0,1,2,0.805,0.683,1,123898.0,0.218,16.8,0,0
B101442,Trade,Bank,42,33816.0,35,1,0.988,0.707,3,247927.0,0.367,17.6,0,0
B101443,Trade,Digital Lender,43,8364.0,23,4,0.85,0.501,0,57060.0,0.341,45.1,0,0
B101444,Trade,MFI,38,37899.0,37,1,0.741,0.602,2,178470.0,0.235,11.8,0,0
B101445,Manufacturing,Bank,24,20571.0,22,2,0.78,0.673,3,58248.0,0.142,12.0,0,0
B101446,Services,Digital Lender,18,25934.0,57,3,0.947,0.309,4,75799.0,0.146,136.9,0,1
B101447,Manufacturing,Bank,33,62234.0,2,5,0.609,0.863,2,463093.0,0.372,14.3,0,0
B101448,Transport,Digital Lender,45,32161.0,31,1,0.694,0.495,0,64789.0,0.101,241.9,0,0
B101449,Trade,Bank,39,24519.0,43,2,0.842,0.723,3,73947.0,0.151,18.4,1,0
B101450,Personal/Household,MFI,37,27072.0,10,3,0.437,0.606,3,54561.0,0.101,17.7,0,0
B101451,Transport,SACCO,35,78973.0,2,3,0.923,0.841,1,160408.0,0.102,11.3,0,0
B101452,Personal/Household,Bank,38,37143.0,71,1,0.795,0.64,2,62633.0,0.084,15.7,0,0
B101453,Services,MFI,25,18287.0,17,1,0.56,0.732,5,115504.0,0.316,22.1,0,0
B101454,Agriculture,Bank,43,22730.0,63,2,0.886,0.776,2,172094.0,0.379,11.8,0,0
B101455,Trade,MFI,43,15451.0,17,4,0.702,0.632,3,130422.0,0.422,25.1,0,0
B101456,Agriculture,Bank,31,23192.0,16,4,0.915,0.682,3,160738.0,0.347,13.6,0,0
B101457,Real Estate,Digital Lender,39,71994.0,43,2,0.751,0.381,2,625852.0,0.435,221.3,0,0
B101458,Services,SACCO,18,27133.0,14,0,0.569,0.707,2,212800.0,0.392,18.7,0,0
B101459,Agriculture,MFI,37,14252.0,12,0,0.656,0.67,2,90342.0,0.317,22.8,0,0
B101460,Personal/Household,Bank,34,37685.0,119,2,0.648,0.811,1,129217.0,0.171,13.8,0,0
B101461,Manufacturing,MFI,48,23959.0,0,2,0.601,0.494,1,65391.0,0.136,19.2,0,0
B101462,Trade,MFI,33,40489.0,9,1,0.626,0.874,2,173688.0,0.214,25.0,0,0
B101463,Agriculture,Bank,44,26022.0,29,0,0.791,0.522,0,51185.0,0.098,12.6,0,0
B101464,Transport,SACCO,31,65834.0,39,3,0.873,0.873,0,558173.0,0.424,14.5,0,0
B101465,Transport,Bank,18,18018.0,44,1,0.667,0.544,1,48101.0,0.133,14.6,0,0
B101466,Real Estate,Bank,33,15665.0,20,3,0.778,0.874,0,31528.0,0.101,16.0,0,0
B101467,Agriculture,SACCO,37,49796.0,17,1,0.752,0.256,3,112055.0,0.113,10.4,0,1
B101468,Personal/Household,Bank,37,9878.0,2,2,0.764,0.841,5,31573.0,0.16,14.1,0,0
B101469,Trade,Bank,37,27050.0,3,0,0.767,0.767,3,43124.0,0.08,17.7,0,0
B101470,Services,SACCO,30,46182.0,74,1,0.74,0.713,1,245812.0,0.266,16.1,0,0
B101471,Trade,SACCO,32,8894.0,22,1,0.509,0.606,1,73454.0,0.413,15.5,0,0
B101472,Trade,Bank,24,30809.0,4,1,0.875,0.673,1,255021.0,0.414,14.9,0,0
B101473,Manufacturing,Bank,18,13059.0,80,4,0.69,0.899,1,76198.0,0.292,15.0,0,0
B101474,Manufacturing,MFI,34,10779.0,8,2,0.851,0.824,3,66738.0,0.31,20.6,0,0
B101475,Manufacturing,SACCO,28,16543.0,30,1,0.706,0.515,2,37616.0,0.114,14.5,0,0
B101476,Real Estate,MFI,46,26880.0,35,1,0.662,0.64,3,204302.0,0.38,21.3,0,0
B101477,Services,SACCO,18,20166.0,132,0,0.754,0.595,4,152334.0,0.378,13.7,0,1
B101478,Manufacturing,Digital Lender,38,54660.0,7,3,0.964,0.654,2,324449.0,0.297,207.9,0,0
B101479,Real Estate,Digital Lender,56,31111.0,13,3,0.823,0.552,3,66037.0,0.106,183.2,0,0
B101480,Real Estate,Bank,33,22722.0,17,2,0.759,0.773,2,37176.0,0.082,14.1,0,0
B101481,Trade,Bank,35,14466.0,31,3,0.77,0.909,2,63523.0,0.22,14.4,0,0
B101482,Transport,Bank,39,33633.0,22,2,0.448,0.86,1,278260.0,0.414,11.1,0,0
B101483,Agriculture,Bank,40,92263.0,12,1,0.723,0.516,0,523572.0,0.284,14.5,0,0
B101484,Transport,Bank,31,20199.0,37,1,0.691,0.523,3,162947.0,0.403,10.9,0,0
B101485,Trade,Digital Lender,25,21546.0,31,1,0.808,0.684,4,135139.0,0.314,125.8,0,0
B101486,Services,Bank,42,16591.0,22,2,0.702,0.525,1,96274.0,0.29,15.9,0,0
B101487,Real Estate,Bank,18,57028.0,14,0,0.702,0.499,2,143435.0,0.126,11.6,0,0
B101488,Services,MFI,43,49506.0,4,2,0.578,0.786,1,123647.0,0.125,19.1,0,0
B101489,Real Estate,Digital Lender,31,23261.0,10,2,0.364,0.723,1,209295.0,0.45,320.5,0,1
B101490,Trade,Bank,35,21387.0,14,1,0.493,0.489,1,125783.0,0.294,14.2,0,0
B101491,Personal/Household,Digital Lender,30,17692.0,9,4,0.764,0.742,2,35729.0,0.101,106.8,0,0
B101492,Transport,Digital Lender,49,25359.0,60,2,0.917,0.954,1,216860.0,0.428,193.3,0,0
B101493,Personal/Household,MFI,37,52101.0,13,0,0.225,0.872,2,189978.0,0.182,20.7,0,0
B101494,Real Estate,SACCO,32,30419.0,62,1,0.661,0.781,3,101851.0,0.167,12.7,0,0
B101495,Transport,MFI,32,60367.0,24,0,0.679,0.647,2,410396.0,0.34,20.4,0,1
B101496,Personal/Household,Bank,34,20008.0,10,3,0.953,0.549,1,115753.0,0.289,17.6,0,0
B101497,Transport,MFI,59,8333.0,2,3,0.643,0.721,0,31169.0,0.187,15.8,0,0
B101498,Agriculture,Bank,22,124609.0,1,2,0.714,0.637,1,450742.0,0.181,13.4,0,0
B101499,Transport,SACCO,46,33457.0,4,2,0.788,0.75,1,130140.0,0.194,15.8,0,0
B101500,Transport,Digital Lender,41,45624.0,47,4,0.722,0.771,1,136681.0,0.15,128.8,0,0
B101501,Services,Bank,50,19281.0,6,3,0.824,0.545,1,78126.0,0.203,17.2,0,1
B101502,Agriculture,MFI,41,14053.0,61,4,0.852,0.833,4,24512.0,0.087,25.3,0,0
B101503,Real Estate,Bank,35,32374.0,51,5,0.602,0.468,1,160109.0,0.247,19.2,1,1
B101504,Personal/Household,Bank,45,9942.0,12,0,0.755,0.407,1,26368.0,0.133,20.5,0,0
B101505,Manufacturing,SACCO,37,25671.0,0,2,0.973,0.697,2,57363.0,0.112,9.2,0,0
B101506,Personal/Household,Bank,43,52170.0,2,0,0.808,0.5,3,184932.0,0.177,13.3,0,0
B101507,Real Estate,Digital Lender,49,38050.0,35,4,0.837,0.536,3,190257.0,0.25,178.0,0,0
B101508,Trade,Bank,36,34207.0,46,4,0.988,0.537,2,191918.0,0.281,14.1,0,0
B101509,Personal/Household,Digital Lender,31,77579.0,31,1,0.792,0.831,3,592596.0,0.382,144.6,0,0
B101510,Trade,Bank,29,36550.0,10,7,0.842,0.63,2,90522.0,0.124,15.6,1,1
B101511,Trade,Bank,40,10431.0,128,0,0.932,0.764,1,77169.0,0.37,18.4,0,0
B101512,Transport,Digital Lender,26,27392.0,18,1,0.649,0.556,1,63915.0,0.117,133.0,0,0
B101513,Personal/Household,MFI,32,85727.0,8,0,0.852,0.918,3,445304.0,0.26,24.1,0,0
B101514,Services,Bank,25,25080.0,10,2,0.772,0.629,1,162054.0,0.323,11.4,0,0
B101515,Agriculture,Digital Lender,40,82889.0,1,4,0.784,0.878,1,380331.0,0.229,106.8,1,0
B101516,Trade,Bank,27,52209.0,67,2,0.629,0.635,2,453266.0,0.434,16.3,0,0
B101517,Services,Bank,22,23750.0,27,2,0.882,0.561,1,42677.0,0.09,16.5,0,0
B101518,Trade,MFI,24,16411.0,4,2,0.771,0.732,4,131643.0,0.401,13.3,0,0
B101519,Trade,MFI,29,35844.0,5,1,0.497,0.871,2,92710.0,0.129,14.4,0,0
B101520,Agriculture,SACCO,30,59801.0,15,2,0.935,0.875,2,232920.0,0.195,9.4,0,0
B101521,Manufacturing,Digital Lender,38,12478.0,59,3,0.982,0.677,1,104173.0,0.417,272.5,0,0
B101522,Services,MFI,33,31768.0,90,1,0.817,0.684,5,225019.0,0.354,14.4,0,0
B101523,Personal/Household,Bank,39,9674.0,4,1,0.593,0.556,3,23320.0,0.121,16.8,1,0
B101524,Personal/Household,Bank,40,24667.0,31,0,0.65,0.649,3,140416.0,0.285,14.2,0,0
B101525,Trade,Bank,42,11967.0,15,1,0.554,0.756,1,102725.0,0.429,14.9,0,0
B101526,Agriculture,SACCO,18,40507.0,41,2,0.834,0.604,1,172585.0,0.213,8.0,0,0
B101527,Real Estate,Bank,24,20354.0,4,1,0.747,0.866,3,158151.0,0.388,13.5,0,0
B101528,Trade,SACCO,41,56214.0,53,3,0.566,0.765,0,113135.0,0.101,17.2,0,0
B101529,Agriculture,SACCO,37,22087.0,3,1,0.679,0.939,4,173050.0,0.392,11.8,0,0
B101530,Agriculture,Digital Lender,45,21008.0,113,4,0.819,0.839,5,157536.0,0.375,25.3,0,0
B101531,Trade,Bank,20,12230.0,51,3,0.636,0.57,2,38617.0,0.158,14.8,1,0
B101532,Manufacturing,Bank,30,36867.0,13,2,0.842,0.587,2,222163.0,0.301,14.6,0,0
B101533,Personal/Household,Digital Lender,32,38974.0,51,1,0.722,0.575,2,237472.0,0.305,343.0,0,0
B101534,Trade,MFI,37,49854.0,36,0,0.922,0.732,0,288131.0,0.289,23.9,0,0
B101535,Manufacturing,MFI,35,42632.0,38,2,0.759,0.649,2,182095.0,0.214,20.0,0,0
B101536,Personal/Household,SACCO,40,37075.0,35,2,0.765,0.635,2,321320.0,0.433,14.4,0,0
B101537,Personal/Household,Digital Lender,34,41263.0,41,2,0.761,0.58,1,209014.0,0.253,149.3,0,0
B101538,Personal/Household,Bank,49,43619.0,10,1,0.855,0.44,1,158539.0,0.182,14.5,0,0
B101539,Real Estate,Digital Lender,52,48982.0,14,6,0.783,0.513,3,425084.0,0.434,81.6,0,0
B101540,Personal/Household,Bank,24,12834.0,73,0,0.954,0.465,2,79249.0,0.309,15.1,0,0
B101541,Agriculture,Digital Lender,35,23063.0,34,3,0.482,0.401,0,146868.0,0.318,148.7,0,1
B101542,Agriculture,Bank,43,12177.0,39,3,0.649,0.641,4,75775.0,0.311,14.3,0,0
B101543,Trade,Bank,41,35692.0,41,0,0.775,0.829,2,257427.0,0.361,12.6,0,0
B101544,Real Estate,Bank,31,72873.0,5,1,0.735,0.588,0,532682.0,0.365,17.0,0,0
B101545,Real Estate,Digital Lender,38,48678.0,6,7,0.935,0.545,4,267709.0,0.275,8.0,1,1
B101546,Agriculture,Digital Lender,19,21293.0,62,2,0.653,0.752,2,145597.0,0.342,315.8,0,0
B101547,Personal/Household,Bank,35,39261.0,94,5,0.827,0.813,0,90210.0,0.115,15.2,0,0
B101548,Agriculture,Bank,20,36023.0,21,0,0.461,0.593,2,230404.0,0.32,13.9,0,0
B101549,Agriculture,Bank,40,33800.0,22,1,0.58,0.425,2,128794.0,0.191,14.4,0,0
B101550,Trade,Bank,24,14518.0,5,2,0.798,0.96,1,59514.0,0.205,18.1,0,0
B101551,Real Estate,Digital Lender,37,61287.0,57,2,0.822,0.73,4,442282.0,0.361,188.1,0,0
B101552,Agriculture,Bank,38,15554.0,9,0,0.751,0.605,2,42420.0,0.136,11.9,0,1
B101553,Agriculture,Digital Lender,36,24301.0,21,2,0.847,0.831,2,103499.0,0.213,103.9,0,0
B101554,Agriculture,Digital Lender,29,50389.0,47,0,0.638,0.648,0,236713.0,0.235,142.1,0,0
B101555,Personal/Household,Bank,33,24212.0,3,2,0.626,0.811,3,53324.0,0.11,15.0,0,0
B101556,Services,MFI,47,31058.0,67,1,0.829,0.417,5,157665.0,0.254,22.3,0,0
B101557,Manufacturing,Digital Lender,31,31754.0,15,4,0.823,0.594,2,125858.0,0.198,202.3,0,0
B101558,Transport,Digital Lender,35,30830.0,20,4,0.65,0.594,1,180553.0,0.293,63.3,0,0
B101559,Personal/Household,SACCO,29,31675.0,20,1,0.921,0.648,4,244567.0,0.386,8.3,0,0
B101560,Services,Bank,45,33445.0,25,3,0.695,0.886,2,120197.0,0.18,11.2,0,0
B101561,Transport,Bank,36,30980.0,59,2,0.738,0.473,2,239124.0,0.386,13.9,0,0
B101562,Services,Digital Lender,27,18169.0,8,4,0.817,0.748,1,139694.0,0.384,215.3,0,0
B101563,Services,Bank,35,12676.0,8,0,0.88,0.468,2,112879.0,0.445,16.5,1,0
B101564,Personal/Household,SACCO,33,51481.0,63,3,0.693,0.653,3,357755.0,0.347,8.0,0,1
B101565,Real Estate,SACCO,49,52790.0,38,1,0.915,0.51,1,153217.0,0.145,12.1,1,0
B101566,Trade,MFI,35,35797.0,13,2,0.787,0.472,4,205673.0,0.287,23.4,0,0
B101567,Trade,Bank,21,35633.0,18,4,0.834,0.49,1,238873.0,0.335,15.4,1,0
B101568,Real Estate,Bank,40,17973.0,71,0,0.781,0.506,2,52388.0,0.146,17.4,0,0
B101569,Manufacturing,Digital Lender,53,8000.0,17,3,0.668,0.401,1,44666.0,0.279,214.4,0,0
B101570,Real Estate,Bank,47,25932.0,38,1,0.913,0.666,0,106651.0,0.206,15.0,0,0
B101571,Manufacturing,Bank,24,10472.0,56,0,0.693,0.813,2,23422.0,0.112,15.3,0,0
B101572,Manufacturing,Digital Lender,32,32906.0,17,1,0.699,0.37,1,244780.0,0.372,210.4,0,0
B101573,Personal/Household,SACCO,35,60921.0,87,1,0.628,0.344,4,510953.0,0.419,11.0,0,0
B101574,Trade,MFI,35,21187.0,17,2,0.936,0.637,3,100191.0,0.236,17.7,0,0
B101575,Agriculture,Digital Lender,39,21867.0,79,0,0.872,0.582,1,131818.0,0.301,89.9,0,0
B101576,Personal/Household,MFI,32,17099.0,8,1,0.918,0.557,1,62551.0,0.183,18.6,0,0
B101577,Personal/Household,Digital Lender,26,30465.0,10,1,0.706,0.748,2,250581.0,0.411,226.4,0,0
B101578,Services,Digital Lender,45,29194.0,30,2,0.934,0.496,1,169559.0,0.29,40.7,0,0
B101579,Personal/Household,Bank,24,16975.0,130,0,0.626,0.557,2,86842.0,0.256,12.4,0,0
B101580,Services,Bank,27,49115.0,2,0,0.722,0.486,1,409552.0,0.417,9.9,0,0
B101581,Agriculture,Bank,24,131440.0,18,4,0.663,0.467,0,362586.0,0.138,15.0,0,0
B101582,Real Estate,SACCO,41,57206.0,5,3,0.641,0.792,1,227341.0,0.199,11.1,0,0
B101583,Agriculture,SACCO,36,27978.0,32,1,0.532,0.939,2,106276.0,0.19,10.7,0,0
B101584,Transport,MFI,44,27795.0,67,2,0.581,0.677,1,237406.0,0.427,21.9,0,0
B101585,Services,Digital Lender,27,22416.0,53,1,0.82,0.781,2,102097.0,0.228,159.7,0,0
B101586,Agriculture,MFI,22,22164.0,32,1,0.838,0.78,1,186175.0,0.42,10.9,0,1
B101587,Manufacturing,Digital Lender,31,50362.0,42,6,0.951,0.677,1,451124.0,0.448,268.1,0,0
B101588,Agriculture,SACCO,33,51583.0,9,0,0.83,0.339,1,374317.0,0.363,15.9,0,0
B101589,Trade,MFI,37,15627.0,93,1,0.909,0.61,3,37598.0,0.12,26.0,0,0
B101590,Trade,Bank,18,36369.0,4,0,0.403,0.877,2,123933.0,0.17,14.3,0,1
B101591,Trade,SACCO,40,54782.0,31,2,0.802,0.596,1,283654.0,0.259,8.0,0,0
B101592,Services,SACCO,26,24524.0,15,4,0.931,0.698,4,84710.0,0.173,12.4,0,0
B101593,Real Estate,Bank,29,26467.0,66,0,0.749,0.565,0,104153.0,0.197,10.9,0,1
B101594,Personal/Household,Digital Lender,47,43599.0,120,3,0.908,0.531,1,192917.0,0.221,8.0,0,0
B101595,Personal/Household,MFI,18,44286.0,4,2,0.925,0.739,3,296590.0,0.335,25.0,0,0
B101596,Trade,Bank,38,37646.0,18,3,0.877,0.626,3,102234.0,0.136,14.6,0,0
B101597,Trade,Digital Lender,38,34195.0,1,0,0.576,0.784,2,181093.0,0.265,187.7,0,0
B101598,Personal/Household,Bank,27,36817.0,4,0,0.693,0.528,1,234372.0,0.318,17.3,0,0
B101599,Agriculture,SACCO,31,25521.0,2,2,0.721,0.56,1,204158.0,0.4,13.9,0,0
B101600,Services,SACCO,47,16079.0,71,3,0.58,0.855,5,135668.0,0.422,20.6,0,0
B101601,Trade,Bank,55,12630.0,6,0,0.82,0.78,2,86196.0,0.341,12.2,0,0
B101602,Transport,MFI,46,41256.0,35,2,0.924,0.85,2,179562.0,0.218,16.5,0,0
B101603,Personal/Household,Bank,54,31556.0,38,1,0.62,0.796,1,85433.0,0.135,13.2,0,0
B101604,Agriculture,Bank,28,38198.0,20,5,0.899,0.922,1,199154.0,0.261,16.4,1,0
B101605,Agriculture,SACCO,19,18847.0,76,4,0.916,0.434,1,125620.0,0.333,10.3,1,0
B101606,Services,Bank,34,31458.0,2,1,0.911,0.67,2,223297.0,0.355,12.1,0,0
B101607,Agriculture,Digital Lender,43,31047.0,55,2,0.702,0.687,2,276565.0,0.445,211.7,0,0
B101608,Real Estate,Bank,18,60081.0,18,3,0.583,0.554,3,523680.0,0.436,13.8,0,1
B101609,Real Estate,Bank,26,47499.0,50,2,0.769,0.896,0,106224.0,0.112,16.5,0,0
B101610,Agriculture,Digital Lender,27,19792.0,52,3,0.85,0.374,2,149194.0,0.377,304.8,0,0
B101611,Personal/Household,MFI,39,39242.0,1,5,0.829,0.416,2,110646.0,0.141,17.1,0,0
B101612,Personal/Household,SACCO,37,19716.0,31,3,0.797,0.649,0,130412.0,0.331,10.6,0,0
B101613,Agriculture,SACCO,27,8000.0,4,3,0.86,0.445,2,46285.0,0.289,14.9,0,0
B101614,Personal/Household,Digital Lender,37,76824.0,7,2,0.556,0.775,1,602246.0,0.392,68.6,0,0
B101615,Trade,Bank,24,24192.0,22,4,0.722,0.491,3,144605.0,0.299,14.7,0,1
B101616,Trade,Bank,31,52665.0,10,1,0.69,0.837,4,396174.0,0.376,13.0,0,0
B101617,Manufacturing,Digital Lender,22,20666.0,8,3,0.83,0.737,2,157562.0,0.381,162.3,0,0
B101618,Services,Bank,33,19072.0,8,1,0.646,0.741,1,90310.0,0.237,14.8,0,0
B101619,Trade,SACCO,27,22013.0,6,1,0.393,0.627,2,40930.0,0.093,14.3,0,0
B101620,Trade,SACCO,42,34165.0,59,0,0.821,0.955,0,278344.0,0.407,13.5,0,0
B101621,Manufacturing,MFI,35,32757.0,25,1,0.968,0.854,2,58735.0,0.09,19.3,0,0
B101622,Personal/Household,Digital Lender,33,39094.0,82,1,0.805,0.817,4,153437.0,0.196,186.1,1,0
B101623,Trade,Digital Lender,53,22629.0,8,1,0.701,0.679,3,63548.0,0.14,108.2,0,0
B101624,Real Estate,Bank,39,30401.0,17,3,0.716,0.713,3,49322.0,0.081,14.9,0,0
B101625,Personal/Household,SACCO,31,18700.0,22,2,0.794,0.523,6,40727.0,0.109,16.0,0,0
B101626,Agriculture,SACCO,29,66710.0,25,0,0.445,0.798,2,578063.0,0.433,11.0,0,1
B101627,Trade,Bank,23,14433.0,1,2,0.928,0.372,0,98196.0,0.34,13.3,0,0
B101628,Trade,Digital Lender,34,18919.0,42,0,0.817,0.968,3,57100.0,0.151,73.6,0,0
B101629,Real Estate,MFI,38,23556.0,6,1,0.648,0.507,0,106611.0,0.226,22.8,0,0
B101630,Real Estate,Bank,18,110626.0,7,1,0.704,0.637,2,329379.0,0.149,14.5,0,0
B101631,Personal/Household,Digital Lender,21,45331.0,30,2,0.724,0.84,2,327428.0,0.361,75.3,0,0
B101632,Transport,Digital Lender,30,18593.0,38,3,0.295,0.78,4,30953.0,0.083,163.1,0,0
B101633,Personal/Household,Bank,24,46733.0,62,3,0.89,0.843,0,132280.0,0.142,14.4,0,0
B101634,Services,Digital Lender,35,39486.0,7,4,0.828,0.69,0,164080.0,0.208,8.0,0,0
B101635,Real Estate,Bank,37,34564.0,39,1,0.577,0.667,2,273408.0,0.396,15.7,0,0
B101636,Real Estate,Bank,34,43595.0,7,1,0.873,0.938,3,139529.0,0.16,16.7,0,0
B101637,Services,Bank,41,30698.0,19,2,0.834,0.719,4,107029.0,0.174,16.6,0,0
B101638,Agriculture,Digital Lender,29,32661.0,18,2,0.793,0.625,4,158433.0,0.243,253.7,0,0
B101639,Personal/Household,Bank,35,12656.0,13,1,0.818,0.677,1,35038.0,0.138,13.5,0,0
B101640,Personal/Household,Bank,25,65756.0,7,2,0.874,0.826,3,505117.0,0.384,10.4,0,0
B101641,Trade,SACCO,38,23246.0,55,1,0.791,0.621,0,140748.0,0.303,13.5,0,0
B101642,Real Estate,MFI,36,15056.0,53,3,0.868,0.911,3,111123.0,0.369,19.4,0,0
B101643,Trade,Bank,23,22530.0,48,5,0.861,0.493,0,200506.0,0.445,14.5,0,0
B101644,Trade,Bank,33,23035.0,16,1,0.69,0.632,4,50379.0,0.109,11.5,0,1
B101645,Real Estate,Digital Lender,35,19136.0,20,2,0.46,0.952,4,109716.0,0.287,69.8,0,0
B101646,Agriculture,SACCO,38,45602.0,100,3,0.879,0.823,1,134172.0,0.147,11.9,0,0
B101647,Personal/Household,Digital Lender,38,50808.0,11,5,0.926,0.59,5,79973.0,0.079,39.5,0,0
B101648,Services,Bank,28,10122.0,51,1,0.845,0.89,5,67435.0,0.333,12.8,0,0
B101649,Personal/Household,MFI,43,22401.0,22,1,0.788,0.975,2,153585.0,0.343,19.4,0,0
B101650,Agriculture,Digital Lender,40,23302.0,4,2,0.516,0.775,2,37257.0,0.08,192.0,0,1
B101651,Agriculture,Bank,28,27047.0,14,1,0.654,0.787,2,200906.0,0.371,15.4,0,0
B101652,Agriculture,Bank,24,75999.0,22,1,0.647,0.732,2,445451.0,0.293,12.5,0,0
B101653,Trade,Bank,29,19006.0,3,1,0.521,0.691,1,104421.0,0.275,13.8,0,0
B101654,Services,Bank,20,70216.0,9,3,0.53,0.561,1,174912.0,0.125,14.0,0,1
B101655,Real Estate,Bank,37,27435.0,2,1,0.696,0.862,3,234652.0,0.428,14.1,1,0
B101656,Agriculture,Digital Lender,47,70576.0,70,4,0.792,0.616,1,170343.0,0.121,188.5,0,0
B101657,Personal/Household,MFI,49,25059.0,52,0,0.703,0.657,6,212698.0,0.424,15.5,0,1
B101658,Real Estate,SACCO,24,23495.0,11,4,0.731,0.561,2,155384.0,0.331,18.0,0,1
B101659,Trade,Bank,43,29365.0,42,2,0.471,0.884,4,218206.0,0.372,16.5,0,0
B101660,Trade,SACCO,36,60521.0,14,0,0.413,0.771,1,289943.0,0.24,14.4,0,0
B101661,Transport,MFI,18,32438.0,34,2,0.748,0.618,3,254437.0,0.392,26.0,1,0
B101662,Personal/Household,Digital Lender,32,33359.0,52,7,0.783,0.648,3,291681.0,0.437,105.7,0,0
B101663,Trade,MFI,31,42200.0,11,2,0.985,0.767,2,95601.0,0.113,18.5,0,0
B101664,Services,Digital Lender,47,18327.0,15,1,0.748,0.862,3,128720.0,0.351,76.5,0,0
B101665,Personal/Household,Bank,26,35781.0,69,2,0.514,0.675,3,210536.0,0.294,14.0,0,0
B101666,Personal/Household,MFI,41,21047.0,14,0,0.717,0.717,3,134667.0,0.32,20.6,0,0
B101667,Agriculture,Digital Lender,34,66782.0,27,4,0.929,0.751,1,239154.0,0.179,108.0,0,0
B101668,Trade,SACCO,21,37431.0,1,1,0.726,0.929,3,176444.0,0.236,16.3,0,0
B101669,Personal/Household,SACCO,29,43521.0,39,2,0.924,0.838,2,176673.0,0.203,11.2,0,0
B101670,Agriculture,Digital Lender,50,9685.0,30,2,0.779,0.669,2,51232.0,0.264,166.7,0,0
B101671,Transport,Digital Lender,33,43858.0,7,4,0.85,0.749,1,344082.0,0.392,9.7,0,0
B101672,Personal/Household,Bank,44,26967.0,46,3,0.692,0.469,1,138824.0,0.257,13.0,1,0
B101673,Trade,Bank,44,13488.0,41,2,0.822,0.582,4,26329.0,0.098,16.0,0,1
B101674,Personal/Household,MFI,31,31327.0,28,0,0.874,0.751,1,139161.0,0.222,22.7,0,0
B101675,Services,Digital Lender,22,12899.0,45,3,0.732,0.62,3,59169.0,0.229,65.4,0,0
B101676,Personal/Household,MFI,23,41609.0,11,3,0.394,0.841,3,100895.0,0.121,26.0,1,1
B101677,Real Estate,Bank,50,65427.0,3,2,0.884,0.726,1,513066.0,0.392,13.4,0,0
B101678,Personal/Household,MFI,37,11105.0,70,0,0.763,0.511,2,52959.0,0.238,15.9,0,0
B101679,Manufacturing,Bank,18,29246.0,98,1,0.753,0.934,3,139354.0,0.238,12.6,0,0
B101680,Personal/Household,Bank,43,27155.0,14,4,0.687,0.948,2,51231.0,0.094,14.1,0,0
B101681,Personal/Household,Bank,18,9954.0,31,1,0.801,0.684,0,59627.0,0.299,13.3,0,0
B101682,Personal/Household,Bank,27,49221.0,15,2,0.42,0.856,3,175133.0,0.178,14.6,0,0
B101683,Agriculture,SACCO,36,41946.0,17,4,0.781,0.681,4,82408.0,0.098,11.4,0,0
B101684,Trade,Bank,60,90613.0,11,0,0.62,0.67,1,345213.0,0.19,15.8,0,0
B101685,Agriculture,Bank,43,39061.0,31,2,0.801,0.854,0,155369.0,0.199,15.6,0,0
B101686,Manufacturing,MFI,30,18335.0,24,0,0.585,0.375,3,140837.0,0.384,13.8,1,0
B101687,Manufacturing,Bank,35,39454.0,3,2,0.755,0.577,1,106082.0,0.134,13.4,0,1
B101688,Transport,Bank,44,60273.0,56,0,0.791,0.76,1,200468.0,0.166,16.0,0,0
B101689,Real Estate,Bank,49,23025.0,1,2,0.529,0.795,1,98871.0,0.215,15.6,0,0
B101690,Personal/Household,Bank,33,47516.0,24,2,0.625,0.841,1,355104.0,0.374,14.2,0,0
B101691,Services,SACCO,33,8142.0,1,0,0.781,0.914,2,27232.0,0.167,15.5,0,0
B101692,Agriculture,Bank,27,66922.0,43,2,0.532,0.833,3,124356.0,0.093,11.8,0,0
B101693,Personal/Household,Bank,42,46176.0,31,1,0.83,0.87,3,99764.0,0.108,15.5,0,0
B101694,Transport,Bank,45,8000.0,96,1,0.721,0.53,1,35689.0,0.223,16.0,0,0
B101695,Manufacturing,Bank,18,36697.0,15,4,0.534,0.691,0,195609.0,0.267,12.9,0,0
B101696,Trade,Bank,31,9971.0,54,4,0.697,0.569,3,27610.0,0.138,14.6,0,0
B101697,Personal/Household,Bank,23,21246.0,32,3,0.791,0.88,0,138275.0,0.325,15.5,0,0
B101698,Services,Bank,37,43191.0,45,0,0.86,0.85,2,356150.0,0.412,11.3,0,0
B101699,Personal/Household,Bank,23,27589.0,46,2,0.944,0.521,1,191189.0,0.346,19.0,0,0
B101700,Services,Digital Lender,22,59346.0,54,2,0.942,0.774,0,103575.0,0.087,318.0,0,0
B101701,Services,Bank,46,30793.0,81,2,0.827,0.71,3,209955.0,0.341,14.0,0,0
B101702,Agriculture,Bank,33,29126.0,3,2,0.669,0.815,0,233243.0,0.4,13.9,0,0
B101703,Transport,MFI,34,54403.0,38,2,0.748,0.644,2,321630.0,0.296,25.3,0,0
B101704,Real Estate,Bank,39,24694.0,2,4,0.823,0.949,2,37612.0,0.076,15.0,0,0
B101705,Services,Digital Lender,45,29324.0,2,2,0.913,0.926,3,46031.0,0.078,256.1,0,0
B101706,Trade,Bank,31,31529.0,99,0,0.547,0.582,4,47727.0,0.076,17.1,0,0
B101707,Real Estate,MFI,31,28649.0,31,1,0.698,0.552,3,220584.0,0.385,19.3,0,0
B101708,Personal/Household,Digital Lender,31,56281.0,0,0,0.928,0.616,0,342492.0,0.304,8.0,1,0
B101709,Agriculture,Bank,46,20604.0,9,1,0.727,0.757,1,91119.0,0.221,13.5,0,0
B101710,Personal/Household,Bank,34,18832.0,25,3,0.92,0.256,2,151072.0,0.401,16.1,1,0
B101711,Real Estate,SACCO,32,16582.0,13,1,0.989,0.539,1,82354.0,0.248,8.0,0,0
B101712,Services,Digital Lender,39,9154.0,32,1,0.959,0.856,1,33887.0,0.185,124.6,0,0
B101713,Services,Bank,53,67242.0,5,2,0.499,0.768,1,198762.0,0.148,16.4,0,0
B101714,Agriculture,SACCO,36,18116.0,9,1,0.638,0.891,4,103092.0,0.285,14.1,0,0
B101715,Personal/Household,Bank,32,26076.0,9,0,0.669,0.522,1,170598.0,0.327,15.1,0,0
B101716,Agriculture,SACCO,54,70045.0,90,0,0.945,0.791,1,174277.0,0.124,8.6,0,0
B101717,Transport,Bank,48,27501.0,2,2,0.9,0.898,2,217943.0,0.396,11.5,0,0
B101718,Transport,SACCO,47,39455.0,7,1,0.733,0.616,2,346269.0,0.439,10.6,0,0
B101719,Personal/Household,Bank,30,13612.0,32,1,0.868,0.546,1,50663.0,0.186,16.5,0,0
B101720,Trade,MFI,29,64157.0,34,1,0.798,0.598,2,244860.0,0.191,19.8,0,0
B101721,Agriculture,Bank,18,27809.0,1,1,0.846,0.646,3,236439.0,0.425,14.3,0,0
B101722,Personal/Household,SACCO,45,16982.0,32,1,0.499,0.411,1,139680.0,0.411,8.0,0,0
B101723,Manufacturing,SACCO,36,16976.0,38,0,0.893,0.451,1,132731.0,0.391,16.0,0,0
B101724,Manufacturing,Digital Lender,18,75319.0,23,3,0.813,0.655,0,340471.0,0.226,179.4,0,0
B101725,Trade,Digital Lender,47,21539.0,3,1,0.781,0.736,1,49388.0,0.115,99.2,0,0
B101726,Agriculture,MFI,32,17186.0,28,4,0.604,0.639,2,106032.0,0.308,14.6,1,0
B101727,Personal/Household,SACCO,33,23431.0,3,1,0.809,0.728,2,57452.0,0.123,9.9,0,0
B101728,Trade,Bank,20,30484.0,15,0,0.676,0.703,1,168698.0,0.277,11.8,0,0
B101729,Real Estate,Digital Lender,40,32322.0,21,0,0.76,0.328,1,118328.0,0.183,137.4,1,1
B101730,Services,SACCO,40,37964.0,35,3,0.246,0.734,1,245675.0,0.324,10.0,0,1
B101731,Trade,MFI,35,33831.0,13,0,0.835,0.632,0,191973.0,0.284,24.9,0,0
B101732,Personal/Household,MFI,31,42443.0,20,1,0.851,0.831,2,161624.0,0.19,26.1,0,0
B101733,Agriculture,Digital Lender,61,25591.0,50,2,0.825,0.764,3,195601.0,0.382,145.8,0,0
B101734,Personal/Household,Digital Lender,23,92939.0,4,4,0.861,0.581,2,242929.0,0.131,188.3,0,0
B101735,Personal/Household,Digital Lender,28,22728.0,94,2,0.825,0.811,0,170592.0,0.375,8.0,1,0
B101736,Services,MFI,42,62556.0,66,0,0.677,0.823,3,348978.0,0.279,20.8,0,0
B101737,Trade,Bank,25,21387.0,89,3,0.782,0.548,2,164035.0,0.383,15.3,0,0
B101738,Manufacturing,Digital Lender,24,13558.0,17,2,0.516,0.609,3,35674.0,0.132,150.0,0,0
B101739,Personal/Household,SACCO,46,11886.0,7,0,0.668,0.356,0,40363.0,0.17,8.0,1,0
B101740,Agriculture,MFI,41,35143.0,44,1,0.623,0.635,0,116460.0,0.166,21.8,0,0
B101741,Agriculture,SACCO,40,56335.0,24,1,0.685,0.773,1,324531.0,0.288,16.6,0,0
B101742,Trade,SACCO,37,15787.0,36,0,0.818,0.683,1,73096.0,0.231,16.7,0,0
B101743,Services,SACCO,28,18350.0,61,1,0.728,0.627,1,130329.0,0.355,15.4,0,0
B101744,Personal/Household,MFI,32,36768.0,15,1,0.936,0.581,2,320544.0,0.436,16.8,0,0
B101745,Transport,Digital Lender,34,29691.0,29,3,0.874,0.675,3,245772.0,0.414,204.5,0,0
B101746,Personal/Household,Digital Lender,43,21545.0,13,3,0.851,0.867,2,108117.0,0.251,238.6,1,0
B101747,Manufacturing,MFI,39,14712.0,22,3,0.666,0.901,2,57019.0,0.194,27.5,0,0
B101748,Real Estate,Bank,26,35242.0,80,3,0.639,0.943,2,217833.0,0.309,13.3,1,0
B101749,Real Estate,MFI,43,42579.0,1,4,0.93,0.811,1,295403.0,0.347,15.5,0,0
B101750,Transport,SACCO,18,38967.0,2,2,0.721,0.815,2,347619.0,0.446,11.0,0,1
B101751,Trade,MFI,32,30169.0,51,0,0.854,0.606,3,157407.0,0.261,20.6,0,0
B101752,Services,Digital Lender,24,16637.0,43,1,0.891,0.472,1,142198.0,0.427,148.8,0,0
B101753,Personal/Household,Bank,26,35348.0,28,0,0.769,0.921,1,143741.0,0.203,20.4,0,0
B101754,Agriculture,Bank,54,33925.0,8,0,0.529,0.614,1,125686.0,0.185,18.8,0,0
B101755,Manufacturing,Digital Lender,20,14440.0,5,1,0.736,0.594,2,108393.0,0.375,268.5,0,0
B101756,Trade,Digital Lender,27,25178.0,9,0,0.582,0.681,2,183818.0,0.365,181.4,0,0
B101757,Services,MFI,40,36371.0,37,2,0.605,0.628,2,103476.0,0.142,15.3,0,0
B101758,Services,Bank,30,28480.0,14,1,0.873,0.783,2,187528.0,0.329,14.2,0,0
B101759,Services,MFI,37,10114.0,13,4,0.918,0.874,3,21686.0,0.107,23.1,0,0
B101760,Agriculture,MFI,49,20906.0,23,3,0.518,0.675,1,76728.0,0.183,17.5,0,0
B101761,Trade,MFI,42,20155.0,23,1,0.831,0.569,0,175576.0,0.436,22.8,0,0
B101762,Trade,Bank,30,40441.0,32,2,0.796,0.755,3,197122.0,0.244,14.2,0,0
B101763,Trade,Bank,34,124133.0,39,3,0.736,0.635,3,318427.0,0.128,14.4,0,1
B101764,Trade,SACCO,40,32006.0,88,1,0.77,0.455,2,172410.0,0.269,13.9,0,0
B101765,Trade,SACCO,41,15385.0,6,2,0.815,0.695,1,77826.0,0.253,10.4,0,0
B101766,Services,SACCO,35,27220.0,17,1,0.942,0.699,1,169459.0,0.311,8.0,0,0
B101767,Trade,Bank,39,29907.0,8,1,0.698,0.443,0,54458.0,0.091,15.4,0,0
B101768,Trade,Bank,39,45077.0,33,5,0.875,0.674,1,211514.0,0.235,13.4,0,0
B101769,Personal/Household,Bank,34,58875.0,13,0,0.799,0.84,2,122642.0,0.104,15.9,0,0
B101770,Transport,Digital Lender,29,63899.0,40,5,0.659,0.314,4,514288.0,0.402,8.0,0,0
B101771,Personal/Household,Bank,42,39954.0,48,1,0.754,0.447,0,316642.0,0.396,17.2,0,0
B101772,Transport,SACCO,38,29720.0,3,2,0.917,0.78,2,142735.0,0.24,13.8,1,0
B101773,Services,MFI,18,67230.0,49,0,0.87,0.843,1,148845.0,0.111,20.2,0,0
B101774,Transport,Digital Lender,27,24560.0,10,2,0.565,0.799,1,189131.0,0.385,127.3,0,0
B101775,Manufacturing,Bank,30,30637.0,8,1,0.67,0.713,0,164231.0,0.268,11.8,0,0
B101776,Personal/Household,MFI,33,26007.0,15,1,0.643,0.447,1,56384.0,0.108,21.7,0,0
B101777,Real Estate,Digital Lender,47,9208.0,16,2,0.748,0.663,1,36823.0,0.2,77.5,0,0
B101778,Agriculture,Bank,67,59842.0,9,3,0.921,0.883,2,218793.0,0.183,17.8,0,1
B101779,Real Estate,SACCO,18,43111.0,0,1,0.738,0.589,3,183716.0,0.213,10.5,0,0
B101780,Trade,Bank,38,8075.0,11,1,0.566,0.901,1,57601.0,0.357,13.0,0,0
B101781,Personal/Household,Digital Lender,36,51584.0,59,3,0.736,0.825,5,323880.0,0.314,64.5,1,0
B101782,Agriculture,SACCO,33,25162.0,2,2,0.713,0.614,2,85580.0,0.17,8.3,0,0
B101783,Trade,Bank,40,51211.0,9,0,0.838,0.665,2,215279.0,0.21,13.3,0,0
B101784,Agriculture,Digital Lender,36,30998.0,31,0,0.449,0.397,1,263652.0,0.425,266.2,0,1
B101785,Personal/Household,SACCO,31,14093.0,6,1,0.56,0.342,2,109630.0,0.389,17.9,0,0
B101786,Agriculture,MFI,35,30167.0,6,2,0.831,0.343,1,63296.0,0.105,21.7,0,0
B101787,Personal/Household,Bank,41,18140.0,8,0,0.904,0.784,2,54872.0,0.151,16.8,0,0
B101788,Personal/Household,Bank,40,15175.0,24,1,0.658,0.459,2,75783.0,0.25,17.8,0,0
B101789,Trade,SACCO,37,47900.0,31,3,0.713,0.573,0,364422.0,0.38,14.6,0,0
B101790,Personal/Household,MFI,29,36877.0,57,1,0.903,0.773,0,281924.0,0.382,26.0,0,0
B101791,Agriculture,Digital Lender,63,67756.0,20,4,0.678,0.515,0,172958.0,0.128,140.1,0,0
B101792,Trade,Bank,39,23935.0,38,3,0.703,0.732,2,159918.0,0.334,15.1,0,0
B101793,Personal/Household,SACCO,43,17508.0,48,1,0.781,0.726,5,65160.0,0.186,8.0,0,0
B101794,Services,Bank,30,42249.0,1,3,0.719,0.803,5,125679.0,0.149,19.1,0,1
B101795,Agriculture,SACCO,37,18797.0,8,1,0.763,0.428,3,81830.0,0.218,14.0,0,0
B101796,Manufacturing,Bank,37,25069.0,6,3,0.808,0.687,3,65813.0,0.131,17.2,0,0
B101797,Agriculture,Bank,18,39688.0,24,1,0.639,0.933,0,255243.0,0.322,13.7,0,0
B101798,Manufacturing,Bank,28,27743.0,16,0,0.529,0.877,2,77398.0,0.139,15.0,0,0
B101799,Transport,SACCO,28,22724.0,17,1,0.498,0.663,0,182838.0,0.402,8.2,0,0
B101800,Transport,Bank,29,13746.0,7,4,0.48,0.651,3,66038.0,0.24,13.2,0,0
B101801,Transport,Digital Lender,24,49776.0,26,4,0.676,0.764,2,125949.0,0.127,183.3,0,0
B101802,Trade,Bank,35,24279.0,82,3,0.827,0.411,1,166648.0,0.343,12.3,0,1
B101803,Personal/Household,MFI,49,41771.0,35,1,0.872,0.642,0,372153.0,0.445,18.9,0,0
B101804,Transport,SACCO,36,38843.0,27,3,0.684,0.701,2,347801.0,0.448,12.0,0,0
B101805,Personal/Household,Bank,23,54188.0,15,1,0.681,0.564,2,374926.0,0.346,18.6,0,0
B101806,Trade,Bank,25,26119.0,51,2,0.677,0.815,0,64210.0,0.123,16.1,0,0
B101807,Real Estate,Bank,31,24557.0,17,4,0.722,0.783,1,200065.0,0.407,11.3,0,1
B101808,Real Estate,SACCO,21,16163.0,41,2,0.642,0.556,0,105056.0,0.325,14.7,1,0
B101809,Trade,Digital Lender,38,22060.0,85,5,0.598,0.671,3,168173.0,0.381,8.0,0,0
B101810,Agriculture,Bank,49,35869.0,13,1,0.962,0.317,0,194795.0,0.272,16.3,1,1
B101811,Real Estate,SACCO,29,18970.0,10,2,0.811,0.404,1,105176.0,0.277,16.5,0,0
B101812,Personal/Household,SACCO,36,35372.0,61,2,0.893,0.581,1,119884.0,0.169,17.2,1,0
B101813,Agriculture,SACCO,31,66637.0,120,1,0.899,0.892,0,126909.0,0.095,11.7,1,0
B101814,Personal/Household,MFI,29,23275.0,2,2,0.869,0.817,1,46220.0,0.099,17.8,0,0
B101815,Manufacturing,Digital Lender,37,14430.0,48,3,0.406,0.601,2,56796.0,0.197,215.1,0,0
B101816,Personal/Household,MFI,28,23686.0,29,1,0.897,0.744,3,151126.0,0.319,18.4,0,1
B101817,Real Estate,Digital Lender,27,13596.0,21,2,0.681,0.832,0,66204.0,0.243,363.4,0,0
B101818,Manufacturing,Bank,19,61934.0,12,0,0.604,0.843,2,368188.0,0.297,15.8,0,0
B101819,Transport,Digital Lender,36,31153.0,37,1,0.623,0.684,2,273501.0,0.439,114.4,0,0
B101820,Services,Digital Lender,46,19917.0,33,6,0.831,0.602,2,176432.0,0.443,115.0,0,0
B101821,Manufacturing,Digital Lender,42,21853.0,4,2,0.858,0.774,3,55491.0,0.127,167.8,0,0
B101822,Manufacturing,Bank,50,15519.0,43,4,0.73,0.556,0,129789.0,0.418,14.5,0,0
B101823,Transport,Digital Lender,28,51851.0,49,3,0.913,0.797,0,242956.0,0.234,147.8,0,0
B101824,Personal/Household,Bank,44,81671.0,39,3,0.864,0.517,2,510692.0,0.313,14.0,1,0
B101825,Trade,SACCO,24,13072.0,21,2,0.393,0.272,1,20018.0,0.077,9.9,0,0
B101826,Manufacturing,Bank,42,52775.0,81,2,0.889,0.733,3,302394.0,0.286,16.6,0,0
B101827,Manufacturing,SACCO,51,25972.0,13,1,0.533,0.734,4,96449.0,0.186,15.0,0,0
B101828,Services,MFI,40,59702.0,54,3,0.587,0.823,2,122601.0,0.103,18.1,1,1
B101829,Manufacturing,Bank,52,10844.0,89,5,0.584,0.895,3,95278.0,0.439,16.0,0,0
B101830,Real Estate,Bank,29,33657.0,22,0,0.389,0.844,1,231230.0,0.344,13.4,0,0
B101831,Services,Bank,34,23758.0,12,2,0.457,0.582,0,183477.0,0.386,17.5,0,0
B101832,Real Estate,MFI,26,42723.0,25,4,0.886,0.418,1,221076.0,0.259,16.7,1,0
B101833,Trade,Digital Lender,35,30749.0,5,4,0.358,0.378,1,263743.0,0.429,295.1,0,0
B101834,Trade,SACCO,38,30099.0,36,3,0.928,0.752,3,236059.0,0.392,10.8,0,0
B101835,Trade,Digital Lender,35,28049.0,25,3,0.59,0.715,2,113982.0,0.203,317.0,0,0
B101836,Trade,Digital Lender,30,70211.0,9,2,0.702,0.529,2,236127.0,0.168,124.7,0,0
B101837,Real Estate,Bank,30,27005.0,30,1,0.871,0.633,1,49027.0,0.091,13.9,0,1
B101838,Personal/Household,MFI,38,47827.0,4,1,0.799,0.637,0,384301.0,0.402,17.6,0,0
B101839,Personal/Household,MFI,33,42011.0,1,4,0.715,0.575,3,134060.0,0.16,23.4,0,1
B101840,Trade,Bank,23,48477.0,61,0,0.841,0.731,2,179685.0,0.185,17.5,0,0
B101841,Manufacturing,SACCO,18,17016.0,1,1,0.948,0.91,0,65082.0,0.191,14.6,0,0
B101842,Trade,SACCO,29,43868.0,9,2,0.732,0.552,1,358163.0,0.408,8.8,0,0
B101843,Services,SACCO,21,35785.0,57,2,0.857,0.722,1,260079.0,0.363,10.3,0,0
B101844,Trade,SACCO,27,15457.0,81,2,0.879,0.816,0,110549.0,0.358,9.4,0,0
B101845,Transport,Bank,31,26455.0,5,1,0.493,0.847,2,77477.0,0.146,15.1,1,0
B101846,Agriculture,Digital Lender,34,105015.0,5,3,0.841,0.753,1,392037.0,0.187,104.4,0,1
B101847,Transport,Bank,28,23969.0,100,0,0.914,0.784,1,143288.0,0.299,14.4,0,0
B101848,Real Estate,Digital Lender,57,24289.0,1,1,0.808,0.485,5,80516.0,0.166,8.0,0,0
B101849,Personal/Household,Bank,22,38097.0,47,2,0.722,0.953,3,305537.0,0.401,12.1,0,0
B101850,Agriculture,MFI,47,22082.0,108,2,0.737,0.593,2,33924.0,0.077,21.3,0,0
B101851,Services,MFI,33,32120.0,16,1,0.847,0.553,3,66440.0,0.103,20.7,0,0
B101852,Manufacturing,Bank,28,23228.0,14,2,0.798,0.422,3,91434.0,0.197,15.1,0,0
B101853,Personal/Household,Bank,41,37098.0,6,1,0.794,0.535,3,300855.0,0.405,19.6,0,0
B101854,Personal/Household,Bank,30,28738.0,72,2,0.816,0.661,1,222385.0,0.387,16.0,0,0
B101855,Services,MFI,27,86994.0,17,2,0.777,0.619,1,669263.0,0.385,15.5,0,0
B101856,Agriculture,Digital Lender,53,30495.0,130,3,0.717,0.693,3,56426.0,0.093,18.4,0,0
B101857,Agriculture,Bank,18,26306.0,35,1,0.835,0.415,3,213552.0,0.406,13.7,0,0
B101858,Agriculture,MFI,33,52375.0,28,0,0.911,0.704,1,178022.0,0.17,23.1,0,0
B101859,Agriculture,Digital Lender,37,13834.0,66,2,0.781,0.727,3,22006.0,0.08,75.7,0,0
B101860,Transport,MFI,49,75391.0,42,3,0.709,0.529,1,514986.0,0.342,18.1,0,0
B101861,Services,Digital Lender,31,17263.0,16,4,0.842,0.753,2,111715.0,0.324,73.7,0,1
B101862,Services,MFI,62,57288.0,17,2,0.762,0.629,0,513818.0,0.448,24.1,0,0
B101863,Manufacturing,MFI,43,66246.0,31,1,0.805,0.863,1,151331.0,0.114,23.1,0,0
B101864,Transport,Bank,18,22266.0,10,0,0.85,0.817,3,111716.0,0.251,12.9,0,0
B101865,Personal/Household,Bank,20,23474.0,29,2,0.61,0.689,2,188129.0,0.401,13.5,0,0
B101866,Services,SACCO,37,28000.0,71,1,0.672,0.41,0,50470.0,0.09,12.2,0,0
B101867,Trade,Digital Lender,24,41850.0,10,2,0.9,0.557,1,70390.0,0.084,215.6,0,0
B101868,Manufacturing,Bank,40,17173.0,6,0,0.593,0.598,1,60659.0,0.177,16.7,0,0
B101869,Personal/Household,Digital Lender,30,27999.0,23,2,0.921,0.899,2,233542.0,0.417,126.8,0,0
B101870,Agriculture,Bank,23,25025.0,15,1,0.551,0.8,3,130809.0,0.261,13.0,0,0
B101871,Real Estate,MFI,25,15784.0,62,2,0.894,0.536,2,69544.0,0.22,23.5,0,0
B101872,Services,Digital Lender,44,16735.0,37,3,0.849,0.25,2,139353.0,0.416,109.1,0,0
B101873,Services,Digital Lender,18,31906.0,12,3,0.71,0.68,0,191812.0,0.301,207.4,0,0
B101874,Services,MFI,45,31596.0,10,2,0.553,0.552,3,274729.0,0.435,20.4,0,0
B101875,Personal/Household,Bank,46,19532.0,18,2,0.823,0.784,4,110919.0,0.284,15.9,0,0
B101876,Agriculture,Bank,32,31057.0,28,3,0.682,0.612,1,99824.0,0.161,15.3,0,0
B101877,Agriculture,Bank,21,20831.0,30,1,0.638,0.558,1,35600.0,0.085,12.2,0,0
B101878,Manufacturing,Digital Lender,41,61017.0,39,3,0.745,0.577,1,122410.0,0.1,121.0,0,0
B101879,Manufacturing,Bank,30,28095.0,10,3,0.923,0.759,2,210848.0,0.375,16.0,0,1
B101880,Manufacturing,SACCO,20,54374.0,13,1,0.744,0.683,1,335780.0,0.309,16.0,0,0
B101881,Transport,Bank,54,11720.0,7,2,0.975,0.595,2,61867.0,0.264,15.8,1,1
B101882,Real Estate,MFI,26,35508.0,2,3,0.575,0.688,0,159724.0,0.225,14.0,1,1
B101883,Personal/Household,Bank,20,41268.0,35,1,0.822,0.763,1,156715.0,0.19,16.8,0,0
B101884,Agriculture,MFI,38,27561.0,88,2,0.913,0.554,1,185324.0,0.336,22.7,0,0
B101885,Agriculture,MFI,34,22107.0,16,3,0.773,0.466,2,142723.0,0.323,17.5,0,1
B101886,Trade,Digital Lender,50,27320.0,22,1,0.828,0.651,2,87987.0,0.161,221.2,0,0
B101887,Trade,Digital Lender,31,44728.0,34,1,0.909,0.238,2,181814.0,0.203,250.5,0,0
B101888,Personal/Household,SACCO,31,15279.0,78,2,0.958,0.593,1,22972.0,0.075,8.0,0,0
B101889,Real Estate,Bank,38,43707.0,2,1,0.922,0.724,3,141770.0,0.162,14.1,0,0
B101890,Agriculture,Digital Lender,37,35422.0,11,0,0.706,0.681,0,293939.0,0.415,137.4,0,0
B101891,Personal/Household,Digital Lender,37,25760.0,38,5,0.792,0.737,3,197515.0,0.383,151.3,0,0
B101892,Manufacturing,Digital Lender,38,26372.0,69,7,0.365,0.522,4,209087.0,0.396,85.9,0,0
B101893,Trade,MFI,37,30762.0,26,1,0.717,0.874,3,61353.0,0.1,17.4,0,0
B101894,Agriculture,Bank,31,74031.0,14,2,0.719,0.301,0,460105.0,0.311,13.7,0,0
B101895,Trade,Digital Lender,43,36005.0,39,5,0.465,0.836,0,218381.0,0.303,95.3,0,0
B101896,Transport,Bank,31,17704.0,20,0,0.852,0.694,0,114008.0,0.322,15.6,0,0
B101897,Agriculture,Bank,43,23402.0,8,2,0.87,0.762,2,81573.0,0.174,14.1,0,0
B101898,Trade,Bank,49,15843.0,52,0,0.724,0.712,2,139632.0,0.441,14.9,0,1
B101899,Trade,MFI,28,10516.0,41,1,0.837,0.748,2,52571.0,0.25,16.0,0,0
B101900,Transport,Bank,59,15691.0,10,4,0.933,0.848,0,32276.0,0.103,14.8,0,0
B101901,Trade,SACCO,28,31763.0,34,2,0.898,0.845,1,202515.0,0.319,17.8,0,0
B101902,Personal/Household,SACCO,28,59915.0,29,4,0.388,0.744,1,104256.0,0.087,14.8,0,0
B101903,Trade,MFI,40,51414.0,0,3,0.601,0.42,4,321506.0,0.313,17.3,0,1
B101904,Transport,Bank,39,15750.0,8,3,0.914,0.557,0,28502.0,0.09,13.7,0,0
B101905,Real Estate,Digital Lender,36,19174.0,6,1,0.829,0.603,3,42785.0,0.112,262.0,0,0
B101906,Real Estate,MFI,43,17743.0,7,0,0.63,0.519,2,75944.0,0.214,22.7,0,0
B101907,Trade,MFI,38,8000.0,8,3,0.787,0.713,3,32400.0,0.202,18.9,0,1
B101908,Personal/Household,MFI,56,27114.0,56,0,0.655,0.913,2,72262.0,0.133,18.1,0,0
B101909,Services,Bank,34,46249.0,14,2,0.942,0.802,1,255247.0,0.276,17.5,0,0
B101910,Trade,SACCO,26,25879.0,24,1,0.61,0.537,2,136959.0,0.265,17.1,0,0
B101911,Trade,Bank,29,14805.0,55,2,0.726,0.766,0,95330.0,0.322,14.0,0,0
B101912,Services,Digital Lender,40,18679.0,41,0,0.61,0.579,3,108497.0,0.29,231.0,0,0
B101913,Manufacturing,Bank,40,24813.0,6,1,0.69,0.797,1,162391.0,0.327,15.1,0,0
B101914,Trade,Digital Lender,37,45416.0,17,1,0.59,0.649,1,390064.0,0.429,274.6,0,0
B101915,Trade,SACCO,27,26888.0,104,2,0.756,0.531,3,58887.0,0.109,14.4,1,0
B101916,Transport,Bank,46,42159.0,16,1,0.529,0.458,4,294053.0,0.349,17.0,0,0
B101917,Personal/Household,MFI,54,28432.0,15,0,0.356,0.453,3,150417.0,0.265,19.3,0,0
B101918,Transport,Bank,35,33868.0,44,0,0.874,0.298,3,139455.0,0.206,15.3,0,1
B101919,Services,Digital Lender,53,17728.0,34,1,0.905,0.977,0,41785.0,0.118,180.6,0,0
B101920,Manufacturing,Digital Lender,44,20390.0,7,2,0.685,0.699,3,140274.0,0.344,270.2,1,0
B101921,Agriculture,MFI,57,14903.0,22,1,0.597,0.924,5,36883.0,0.124,23.4,0,1
B101922,Real Estate,MFI,40,41395.0,74,2,0.925,0.861,0,242365.0,0.293,21.7,0,0
B101923,Agriculture,Digital Lender,36,25333.0,35,3,0.841,0.699,1,97615.0,0.193,133.7,0,0
B101924,Agriculture,SACCO,43,8000.0,38,1,0.344,0.917,0,28753.0,0.18,18.8,0,0
B101925,Trade,MFI,31,38740.0,12,1,0.858,0.536,0,94197.0,0.122,19.1,0,0
B101926,Agriculture,Bank,39,50806.0,43,0,0.89,0.833,3,410583.0,0.404,13.6,0,0
B101927,Personal/Household,Bank,48,19026.0,34,1,0.799,0.437,0,97307.0,0.256,18.3,0,0
B101928,Trade,SACCO,43,38722.0,20,1,0.892,0.781,2,239929.0,0.31,13.3,0,0
B101929,Real Estate,SACCO,35,26493.0,93,1,0.748,0.681,2,99712.0,0.188,16.6,0,0
B101930,Transport,Digital Lender,37,9276.0,40,0,0.784,0.616,1,40821.0,0.22,304.9,0,0
B101931,Transport,MFI,43,87041.0,130,2,0.849,0.642,2,216581.0,0.124,20.6,0,0
B101932,Personal/Household,SACCO,42,26581.0,20,0,0.633,0.514,1,176642.0,0.332,10.2,0,0
B101933,Personal/Household,MFI,43,33216.0,17,3,0.644,0.698,0,278268.0,0.419,22.6,0,0
B101934,Personal/Household,Digital Lender,38,21088.0,44,4,0.636,0.675,5,135821.0,0.322,205.1,0,0
B101935,Trade,MFI,27,25272.0,12,1,0.564,0.762,3,207922.0,0.411,20.9,0,1
B101936,Real Estate,Digital Lender,28,32497.0,7,3,0.58,0.873,1,51719.0,0.08,197.4,0,1
B101937,Transport,Bank,40,16758.0,2,1,0.849,0.833,2,100826.0,0.301,11.9,0,0
B101938,Agriculture,SACCO,43,75484.0,20,1,0.882,0.696,2,169675.0,0.112,12.6,0,0
B101939,Trade,Digital Lender,42,47145.0,0,1,0.732,0.93,2,94876.0,0.101,84.1,1,0
B101940,Agriculture,Digital Lender,28,39508.0,14,3,0.878,0.837,0,340903.0,0.431,163.1,0,1
B101941,Real Estate,Bank,33,27502.0,4,6,0.824,0.604,2,232870.0,0.423,13.8,0,1
B101942,Real Estate,SACCO,23,19562.0,17,1,0.612,0.515,2,149970.0,0.383,10.0,0,0
B101943,Trade,Bank,21,52394.0,9,1,0.778,0.753,0,275798.0,0.263,15.9,0,0
B101944,Personal/Household,Bank,36,41601.0,40,2,0.702,0.363,3,235633.0,0.283,12.0,0,0
B101945,Services,Digital Lender,49,23869.0,3,5,0.694,0.78,0,158825.0,0.333,305.9,0,1
B101946,Trade,Digital Lender,36,16375.0,93,3,0.723,0.858,3,124862.0,0.381,282.7,0,0
B101947,Services,Bank,54,12497.0,3,2,0.788,0.597,2,83172.0,0.333,14.1,0,0
B101948,Trade,Digital Lender,33,30204.0,52,1,0.6,0.947,2,58936.0,0.098,85.8,0,0
B101949,Services,MFI,35,25928.0,1,1,0.775,0.432,2,75698.0,0.146,21.0,0,0
B101950,Services,Digital Lender,25,57073.0,3,5,0.801,0.551,2,377099.0,0.33,60.7,0,1
B101951,Trade,Digital Lender,32,51314.0,16,3,0.782,0.427,4,281853.0,0.275,82.9,0,0
B101952,Personal/Household,Digital Lender,23,30376.0,8,0,0.708,0.65,3,68802.0,0.113,89.5,0,0
B101953,Services,Digital Lender,20,28435.0,4,0,0.768,0.811,5,153931.0,0.271,20.7,0,0
B101954,Services,Digital Lender,23,15778.0,3,3,0.891,0.425,0,106639.0,0.338,133.3,0,0
B101955,Services,SACCO,36,53292.0,68,5,0.938,0.883,4,288804.0,0.271,14.1,0,0
B101956,Manufacturing,Bank,28,28819.0,26,1,0.752,0.444,2,77550.0,0.135,15.3,0,0
B101957,Trade,Bank,30,41477.0,17,3,0.694,0.235,0,208140.0,0.251,14.8,0,0
B101958,Personal/Household,Digital Lender,39,56797.0,16,4,0.623,0.798,1,220741.0,0.194,139.9,0,0
B101959,Transport,Bank,20,21784.0,50,5,0.741,0.745,1,150710.0,0.346,9.0,0,1
B101960,Transport,Digital Lender,36,18857.0,150,4,0.781,0.404,2,66632.0,0.177,234.9,1,0
B101961,Real Estate,Bank,43,115588.0,37,1,0.975,0.821,1,298524.0,0.129,15.0,0,0
B101962,Manufacturing,Digital Lender,44,41232.0,23,4,0.848,0.313,1,254983.0,0.309,115.4,0,0
B101963,Trade,MFI,40,25509.0,26,3,0.755,0.588,3,161006.0,0.316,18.4,1,0
B101964,Personal/Household,Digital Lender,34,58803.0,12,3,0.853,0.498,0,160571.0,0.137,87.3,0,0
B101965,Trade,Digital Lender,29,25096.0,26,0,0.907,0.864,1,102594.0,0.204,39.5,0,0
B101966,Personal/Household,MFI,34,35561.0,30,2,0.933,0.838,1,53903.0,0.076,18.8,0,1
B101967,Personal/Household,SACCO,52,21752.0,6,2,0.668,0.931,1,100847.0,0.232,8.0,0,0
B101968,Real Estate,Bank,38,29456.0,24,1,0.633,0.779,2,150418.0,0.255,13.3,0,0
B101969,Manufacturing,Digital Lender,34,25572.0,35,0,0.717,0.571,1,113666.0,0.222,8.8,0,0
B101970,Agriculture,Digital Lender,41,19662.0,48,3,0.901,0.555,2,56155.0,0.143,195.0,0,0
B101971,Services,Bank,35,33982.0,27,1,0.843,0.387,2,303520.0,0.447,17.9,0,0
B101972,Personal/Household,Bank,37,20927.0,3,0,0.765,0.62,1,134703.0,0.322,11.4,0,0
B101973,Agriculture,MFI,33,40815.0,2,4,0.757,0.77,0,220622.0,0.27,22.7,0,1
B101974,Trade,Bank,31,25147.0,5,2,0.403,0.419,4,197340.0,0.392,16.5,0,1
B101975,Trade,Digital Lender,45,11544.0,7,1,0.514,0.946,3,40243.0,0.174,294.2,0,0
B101976,Real Estate,Bank,18,41834.0,39,1,0.944,0.712,2,112822.0,0.135,15.6,0,0
B101977,Services,Digital Lender,40,42221.0,32,3,0.753,0.665,3,203310.0,0.241,63.5,0,0
B101978,Personal/Household,Digital Lender,30,102688.0,15,3,0.812,0.536,2,770155.0,0.375,116.5,0,0
B101979,Trade,Digital Lender,18,30024.0,34,4,0.922,0.701,2,199508.0,0.332,148.1,0,0
B101980,Personal/Household,SACCO,25,32887.0,15,1,0.817,0.66,2,112804.0,0.171,10.1,0,0
B101981,Agriculture,Bank,35,38686.0,62,2,0.905,0.551,1,161368.0,0.209,17.6,0,0
B101982,Personal/Household,Digital Lender,36,52096.0,18,3,0.66,0.68,1,329086.0,0.316,77.2,0,0
B101983,Agriculture,SACCO,42,50335.0,70,1,0.644,0.86,2,403549.0,0.401,14.9,0,0
B101984,Transport,Digital Lender,43,35431.0,17,2,0.691,0.741,2,242974.0,0.343,131.4,0,0
B101985,Services,Bank,20,29198.0,76,3,0.501,0.428,2,138209.0,0.237,15.4,0,0
B101986,Agriculture,Bank,39,47262.0,16,2,0.95,0.674,0,159432.0,0.169,15.5,0,0
B101987,Personal/Household,Digital Lender,42,28537.0,0,2,0.576,0.769,2,143542.0,0.251,94.0,0,0
B101988,Services,Digital Lender,37,14632.0,27,4,0.908,0.722,3,25965.0,0.089,248.1,0,0
B101989,Trade,Bank,40,13021.0,0,0,0.832,0.546,1,34554.0,0.133,13.6,0,0
B101990,Trade,SACCO,18,25304.0,8,4,0.847,0.35,1,109361.0,0.216,13.4,0,1
B101991,Transport,Bank,25,31761.0,8,0,0.467,0.497,2,211177.0,0.332,13.8,0,0
B101992,Agriculture,MFI,49,115800.0,32,2,0.721,0.732,4,982674.0,0.424,17.5,0,0
B101993,Trade,Bank,32,27833.0,37,0,0.793,0.768,3,87490.0,0.157,16.8,0,0
B101994,Real Estate,Bank,57,30505.0,26,2,0.546,0.718,7,137473.0,0.225,12.5,0,0
B101995,Personal/Household,Bank,22,23804.0,11,0,0.861,0.823,1,151223.0,0.318,16.0,0,0
B101996,Agriculture,Bank,51,41787.0,18,0,0.878,0.764,3,181893.0,0.218,14.0,0,0
B101997,Agriculture,MFI,29,34689.0,8,1,0.731,0.642,3,282052.0,0.407,20.7,0,1
B101998,Personal/Household,Bank,44,20929.0,76,1,0.707,0.636,2,91836.0,0.219,15.0,0,0
B101999,Manufacturing,MFI,32,17046.0,77,1,0.808,0.642,0,131378.0,0.385,24.6,0,0
B102000,Personal/Household,MFI,36,23830.0,5,1,0.832,0.758,4,214020.0,0.449,22.0,0,0
B102001,Real Estate,SACCO,41,18698.0,28,1,0.842,0.703,1,40915.0,0.109,17.1,0,0
B102002,Services,SACCO,29,26183.0,28,3,0.728,0.669,1,71571.0,0.137,8.6,0,0
B102003,Transport,Bank,43,32139.0,30,1,0.845,0.404,0,74817.0,0.116,15.7,0,0
B102004,Trade,Bank,32,22569.0,61,0,0.78,0.644,2,88207.0,0.195,12.4,1,1
B102005,Services,Digital Lender,37,66169.0,23,0,0.701,0.822,0,318412.0,0.241,245.7,0,1
B102006,Manufacturing,Digital Lender,18,56256.0,81,1,0.96,0.488,2,259743.0,0.231,309.3,0,0
B102007,Trade,Digital Lender,32,26206.0,0,2,0.475,0.292,0,186677.0,0.356,348.7,0,0
B102008,Trade,Digital Lender,48,17496.0,39,2,0.581,0.633,3,148632.0,0.425,240.1,1,0
B102009,Personal/Household,SACCO,42,29249.0,27,5,0.753,0.7,0,224618.0,0.384,13.1,0,0
B102010,Trade,Digital Lender,44,27624.0,10,1,0.969,0.529,0,199754.0,0.362,130.7,0,0
B102011,Agriculture,MFI,36,28723.0,1,2,0.949,0.594,2,175808.0,0.306,17.7,1,0
B102012,Trade,Digital Lender,52,23887.0,4,1,0.515,0.675,2,166009.0,0.347,192.5,0,0
B102013,Real Estate,Digital Lender,38,16694.0,5,4,0.703,0.483,3,117540.0,0.352,129.8,1,1
B102014,Real Estate,Digital Lender,28,30309.0,86,7,0.905,0.495,3,59200.0,0.098,131.3,0,0
B102015,Manufacturing,MFI,44,24515.0,41,1,0.661,0.608,2,219405.0,0.447,31.8,0,0
B102016,Agriculture,Bank,44,25743.0,3,2,0.529,0.761,0,162878.0,0.316,15.1,0,1
B102017,Trade,Bank,41,31310.0,8,1,0.758,0.783,2,143262.0,0.229,14.2,0,0
B102018,Transport,Bank,31,28620.0,92,2,0.744,0.851,1,63445.0,0.111,12.4,1,0
B102019,Agriculture,Digital Lender,38,30937.0,16,4,0.984,0.666,2,262991.0,0.425,176.0,1,1
B102020,Transport,SACCO,49,23898.0,68,1,0.743,0.762,3,49985.0,0.105,17.2,0,0
B102021,Trade,Bank,40,36246.0,7,1,0.808,0.449,3,262101.0,0.362,11.8,0,1
B102022,Trade,SACCO,20,20034.0,11,3,0.908,0.408,1,89275.0,0.223,13.0,0,1
B102023,Agriculture,Bank,29,16344.0,38,1,0.929,0.321,3,109338.0,0.334,11.1,0,1
B102024,Real Estate,MFI,28,18224.0,13,0,0.875,0.876,2,115068.0,0.316,24.2,0,1
B102025,Real Estate,Bank,27,20493.0,27,0,0.932,0.76,1,73605.0,0.18,14.1,0,1
B102026,Personal/Household,MFI,18,14643.0,25,4,0.741,0.754,3,127847.0,0.437,15.0,0,0
B102027,Agriculture,SACCO,54,11720.0,16,1,0.656,0.729,1,27692.0,0.118,11.9,1,1
B102028,Manufacturing,SACCO,26,39218.0,27,0,0.324,0.63,4,73821.0,0.094,12.7,0,0
B102029,Transport,Digital Lender,27,59924.0,41,2,0.598,0.884,5,471694.0,0.394,243.6,0,0
B102030,Trade,Bank,18,40406.0,21,2,0.748,0.816,0,216576.0,0.268,14.6,0,0
B102031,Manufacturing,SACCO,44,22795.0,14,3,0.583,0.803,1,110037.0,0.241,13.9,0,0
B102032,Agriculture,Bank,34,11568.0,62,0,0.848,0.7,1,46219.0,0.2,13.8,0,0
B102033,Real Estate,MFI,31,33043.0,21,1,0.676,0.656,2,65748.0,0.099,18.3,0,0
B102034,Trade,SACCO,32,12283.0,5,1,0.795,0.779,2,22854.0,0.093,8.0,0,0
B102035,Personal/Household,SACCO,41,28349.0,41,2,0.643,0.865,2,58099.0,0.102,13.2,0,0
B102036,Services,Digital Lender,30,19153.0,4,2,0.59,0.667,2,35749.0,0.093,228.7,0,0
B102037,Trade,Bank,18,8482.0,2,0,0.985,0.547,2,25824.0,0.152,12.9,0,0
B102038,Transport,Digital Lender,22,67124.0,3,3,0.789,0.287,3,143625.0,0.107,54.9,0,1
B102039,Personal/Household,Bank,22,14903.0,34,2,0.861,0.86,6,49335.0,0.166,17.4,1,1
B102040,Agriculture,MFI,38,24448.0,99,1,0.631,0.705,2,67567.0,0.138,19.7,1,0
B102041,Personal/Household,Digital Lender,44,27697.0,69,3,0.846,0.535,2,158460.0,0.286,141.5,0,1
B102042,Transport,SACCO,50,22954.0,109,2,0.881,0.404,0,73087.0,0.159,16.8,0,0
B102043,Services,Digital Lender,19,38389.0,6,1,0.849,0.665,1,192632.0,0.251,29.9,0,0
B102044,Services,Digital Lender,41,19781.0,31,3,0.874,0.387,4,43501.0,0.11,128.8,1,1
B102045,Trade,Bank,29,36682.0,4,0,0.915,0.752,4,130501.0,0.178,14.8,0,0
B102046,Real Estate,Digital Lender,64,35425.0,21,6,0.758,0.796,0,228265.0,0.322,8.0,0,0
B102047,Manufacturing,Digital Lender,49,13936.0,8,2,0.857,0.592,2,38151.0,0.137,141.3,0,0
B102048,Trade,MFI,52,33851.0,18,1,0.766,0.841,1,169891.0,0.251,23.2,0,0
B102049,Agriculture,Bank,43,16652.0,8,1,0.866,0.67,3,104133.0,0.313,14.1,0,0
B102050,Services,Bank,39,15661.0,65,2,0.459,0.555,2,73600.0,0.235,13.4,0,0
B102051,Trade,Digital Lender,31,34885.0,62,4,0.872,0.437,2,311668.0,0.447,214.2,0,0
B102052,Real Estate,Digital Lender,29,23752.0,20,3,0.39,0.667,2,64227.0,0.135,82.2,0,0
B102053,Personal/Household,Digital Lender,27,36502.0,128,1,0.901,0.752,1,151550.0,0.208,172.6,0,0
B102054,Agriculture,Bank,41,36679.0,9,2,0.86,0.681,4,164883.0,0.225,15.7,0,0
B102055,Real Estate,Bank,51,13556.0,3,0,0.687,0.799,3,65228.0,0.241,14.3,0,0
B102056,Services,MFI,31,44683.0,16,3,0.94,0.776,3,105034.0,0.118,19.7,1,0
B102057,Real Estate,Bank,28,34779.0,26,2,0.79,0.932,1,220522.0,0.317,12.4,0,1
B102058,Trade,Bank,20,21533.0,0,0,0.657,0.612,4,169510.0,0.394,13.5,0,1
B102059,Trade,Bank,37,27592.0,7,2,0.68,0.753,0,246431.0,0.447,14.8,0,0
B102060,Services,Bank,47,45389.0,22,0,0.775,0.932,2,264570.0,0.291,16.1,0,0
B102061,Agriculture,Bank,48,24940.0,71,3,0.665,0.56,2,66300.0,0.133,15.9,0,0
B102062,Manufacturing,Digital Lender,49,95167.0,48,4,0.777,0.724,6,207509.0,0.109,91.9,0,0
B102063,Trade,Bank,39,67500.0,90,1,0.816,0.761,0,306605.0,0.227,15.4,0,0
B102064,Real Estate,MFI,36,31705.0,0,0,0.814,0.895,2,70056.0,0.11,22.7,0,0
B102065,Services,SACCO,48,26229.0,53,1,0.762,0.847,2,111768.0,0.213,13.4,0,0
B102066,Manufacturing,Digital Lender,24,26861.0,25,1,0.932,0.651,2,240041.0,0.447,179.9,0,0
B102067,Services,Digital Lender,31,21368.0,14,2,0.621,0.852,2,96611.0,0.226,64.2,0,0
B102068,Agriculture,SACCO,52,31853.0,39,1,0.911,0.873,1,111132.0,0.174,12.9,0,0
B102069,Manufacturing,SACCO,24,43397.0,56,2,0.951,0.638,3,197587.0,0.228,15.6,0,0
B102070,Personal/Household,SACCO,35,14154.0,11,3,0.479,0.706,5,81612.0,0.288,14.1,0,0
B102071,Real Estate,SACCO,41,42342.0,33,1,0.896,0.893,1,147562.0,0.174,17.6,1,0
B102072,Agriculture,MFI,36,49685.0,2,1,0.715,0.367,2,262694.0,0.264,8.0,1,1
B102073,Personal/Household,MFI,46,40729.0,4,2,0.511,0.457,2,359669.0,0.442,18.3,0,0
B102074,Real Estate,MFI,50,27682.0,35,4,0.951,0.737,0,97943.0,0.177,19.0,0,0
B102075,Manufacturing,Bank,40,39809.0,17,0,0.854,0.544,2,180274.0,0.226,15.3,0,0
B102076,Services,Bank,49,60755.0,4,0,0.685,0.631,0,284302.0,0.234,14.3,0,0
B102077,Trade,Bank,26,28796.0,14,2,0.613,0.743,3,222884.0,0.387,13.3,0,0
B102078,Agriculture,MFI,33,30121.0,12,1,0.872,0.652,0,165003.0,0.274,11.4,0,0
B102079,Trade,MFI,59,96076.0,40,2,0.622,0.647,1,787853.0,0.41,16.2,0,0
B102080,Real Estate,MFI,54,35206.0,49,0,0.814,0.505,3,257006.0,0.365,20.6,1,0
B102081,Trade,Bank,22,17086.0,23,1,0.767,0.462,2,108970.0,0.319,14.0,0,0
B102082,Personal/Household,Bank,35,48057.0,18,4,0.631,0.768,2,76711.0,0.08,17.7,0,1
B102083,Trade,Bank,36,37089.0,102,0,0.718,0.662,1,184527.0,0.249,16.4,0,0
B102084,Transport,SACCO,39,20734.0,25,0,0.888,0.775,1,162328.0,0.391,12.7,1,0
B102085,Agriculture,Bank,48,16201.0,25,1,0.906,0.596,2,142025.0,0.438,13.5,0,0
B102086,Agriculture,Bank,53,33902.0,18,5,0.745,0.647,1,282344.0,0.416,16.3,0,0
B102087,Agriculture,Bank,35,28766.0,8,1,0.637,0.346,4,230772.0,0.401,12.8,0,0
B102088,Personal/Household,MFI,46,14998.0,40,0,0.86,0.571,3,92292.0,0.308,18.7,0,0
B102089,Real Estate,Bank,41,28320.0,48,2,0.864,0.595,1,98813.0,0.174,16.5,1,0
B102090,Agriculture,MFI,35,27356.0,14,3,0.734,0.598,3,150669.0,0.275,20.8,0,0
B102091,Personal/Household,MFI,18,28729.0,24,2,0.678,0.858,0,179982.0,0.313,14.0,0,0
B102092,Manufacturing,Digital Lender,45,38963.0,19,5,0.732,0.826,3,293824.0,0.377,132.8,0,0
B102093,Trade,SACCO,41,11282.0,8,0,0.691,0.6,2,26199.0,0.116,10.5,0,0
B102094,Services,Bank,39,16128.0,2,1,0.782,0.539,0,28020.0,0.087,15.2,0,0
B102095,Agriculture,Bank,25,22747.0,10,1,0.683,0.849,2,57902.0,0.127,10.5,0,0
B102096,Trade,Digital Lender,55,61660.0,46,1,0.879,0.617,2,444243.0,0.36,91.3,0,0
B102097,Manufacturing,Bank,37,109347.0,7,2,0.745,0.77,1,766391.0,0.35,14.5,0,0
B102098,Trade,Digital Lender,24,29812.0,17,5,0.904,0.689,2,230961.0,0.387,110.4,1,0
B102099,Agriculture,MFI,22,30487.0,3,1,0.774,0.907,2,126849.0,0.208,17.1,0,0
B102100,Personal/Household,Bank,42,8000.0,2,3,0.771,0.798,2,67459.0,0.422,13.4,0,0
B102101,Trade,Bank,42,48896.0,31,2,0.839,0.784,1,116933.0,0.12,14.9,0,0
B102102,Personal/Household,Digital Lender,30,38075.0,35,2,0.687,0.879,2,152192.0,0.2,126.8,0,0
B102103,Services,Digital Lender,40,34743.0,68,1,0.901,0.795,1,249514.0,0.359,37.1,0,0
B102104,Transport,Digital Lender,42,14982.0,38,1,0.752,0.778,2,96280.0,0.321,133.9,0,0
B102105,Personal/Household,Bank,36,88339.0,63,0,0.89,0.663,2,314901.0,0.178,13.7,0,1
B102106,Personal/Household,Digital Lender,28,68617.0,11,3,0.738,0.403,3,429662.0,0.313,143.6,1,1
B102107,Services,Bank,45,34958.0,24,0,0.865,0.681,2,256288.0,0.367,11.1,0,1
B102108,Agriculture,Bank,43,51308.0,51,0,0.641,0.677,3,248556.0,0.242,13.6,1,0
B102109,Trade,SACCO,41,30580.0,11,1,0.915,0.744,1,98681.0,0.161,11.5,0,0
B102110,Manufacturing,Digital Lender,27,46704.0,41,1,0.816,0.679,1,375197.0,0.402,280.0,0,0
B102111,Manufacturing,MFI,22,14487.0,43,2,0.816,0.433,1,58173.0,0.201,17.3,0,0
B102112,Trade,MFI,36,8514.0,2,3,0.625,0.805,3,73228.0,0.43,20.3,0,1
B102113,Transport,Bank,44,14791.0,37,3,0.858,0.755,1,119618.0,0.404,12.9,0,0
B102114,Trade,MFI,45,19081.0,112,4,0.634,0.882,3,62391.0,0.163,21.1,0,0
B102115,Services,Bank,41,20869.0,3,1,0.874,0.682,1,113906.0,0.273,13.5,0,0
B102116,Agriculture,Digital Lender,30,38043.0,65,3,0.442,0.56,1,218868.0,0.288,91.2,0,0
B102117,Trade,Bank,27,25809.0,29,4,0.749,0.398,2,50967.0,0.099,15.5,0,0
B102118,Trade,SACCO,35,29268.0,56,0,0.714,0.743,1,127331.0,0.218,19.8,0,0
B102119,Agriculture,Bank,35,15498.0,19,3,0.781,0.805,1,93249.0,0.301,15.6,0,0
B102120,Agriculture,MFI,46,14777.0,12,1,0.96,0.791,0,69832.0,0.236,23.9,0,0
B102121,Trade,Bank,30,30412.0,64,3,0.57,0.547,4,241267.0,0.397,17.4,1,1
B102122,Agriculture,MFI,31,22067.0,117,3,0.917,0.525,0,98145.0,0.222,18.3,0,1
B102123,Trade,MFI,56,29807.0,25,2,0.698,0.825,2,107344.0,0.18,15.2,0,0
B102124,Agriculture,SACCO,51,40112.0,28,2,0.425,0.762,1,349522.0,0.436,15.7,0,0
B102125,Real Estate,Digital Lender,26,73256.0,35,5,0.963,0.851,2,577587.0,0.394,191.6,0,1
B102126,Agriculture,Bank,50,29400.0,27,2,0.737,0.658,0,218088.0,0.371,15.3,0,0
B102127,Agriculture,SACCO,24,80607.0,27,2,0.564,0.838,1,209989.0,0.13,12.0,0,0
B102128,Trade,Digital Lender,31,37177.0,107,3,0.897,0.914,1,174354.0,0.234,198.3,0,1
B102129,Trade,Bank,32,43444.0,48,2,0.835,0.729,0,102889.0,0.118,14.9,0,0
B102130,Trade,Digital Lender,34,53061.0,52,4,0.868,0.758,2,141897.0,0.134,196.8,0,0
B102131,Personal/Household,Digital Lender,41,44173.0,27,3,0.875,0.738,3,350202.0,0.396,145.1,0,0
B102132,Services,Digital Lender,36,19131.0,23,4,0.845,0.856,0,65219.0,0.17,8.0,0,0
B102133,Services,MFI,41,53943.0,49,3,0.784,0.728,1,292165.0,0.271,10.5,0,0
B102134,Manufacturing,SACCO,31,24204.0,93,3,0.398,0.657,0,159213.0,0.329,12.6,0,0
B102135,Manufacturing,MFI,39,35099.0,2,2,0.504,0.762,2,62193.0,0.089,21.0,0,0
B102136,Agriculture,SACCO,36,31986.0,27,2,0.761,0.784,1,132831.0,0.208,8.2,0,0
B102137,Personal/Household,Digital Lender,21,55785.0,37,3,0.311,0.506,1,381747.0,0.342,98.2,0,0
B102138,Personal/Household,Bank,40,36908.0,61,0,0.884,0.561,3,179984.0,0.244,13.3,0,0
B102139,Personal/Household,Digital Lender,36,13872.0,8,2,0.496,0.503,2,83693.0,0.302,86.8,0,0
B102140,Services,MFI,28,93940.0,10,2,0.919,0.539,2,173547.0,0.092,18.8,0,0
B102141,Real Estate,Bank,31,47062.0,1,3,0.973,0.754,3,223704.0,0.238,10.6,0,1
B102142,Personal/Household,SACCO,31,21966.0,27,3,0.867,0.828,5,172706.0,0.393,13.7,0,1
B102143,Personal/Household,Digital Lender,33,15907.0,25,4,0.556,0.816,3,102279.0,0.321,8.0,0,0
B102144,Agriculture,MFI,53,50116.0,33,1,0.84,0.54,1,404846.0,0.404,17.9,0,0
B102145,Services,Digital Lender,56,16975.0,9,2,0.848,0.629,2,31924.0,0.094,86.3,0,0
B102146,Trade,Bank,18,46184.0,25,1,0.53,0.813,1,263541.0,0.285,16.6,0,0
B102147,Services,Digital Lender,40,53530.0,142,2,0.716,0.783,2,227949.0,0.213,262.4,0,0
B102148,Personal/Household,SACCO,45,20798.0,75,0,0.878,0.781,3,59151.0,0.142,14.8,0,0
B102149,Trade,Digital Lender,33,19802.0,32,1,0.978,0.784,1,120484.0,0.304,240.3,1,0
B102150,Transport,Bank,44,22957.0,29,4,0.986,0.496,4,182158.0,0.397,18.2,1,1
B102151,Trade,MFI,52,17259.0,38,3,0.651,0.684,1,50654.0,0.147,16.5,0,0
B102152,Personal/Household,Digital Lender,21,33734.0,29,2,0.769,0.801,1,200598.0,0.297,389.1,0,0
B102153,Personal/Household,Bank,36,36489.0,100,0,0.978,0.652,1,303902.0,0.416,13.4,0,0
B102154,Transport,MFI,55,44361.0,51,4,0.758,0.62,2,133797.0,0.151,18.5,0,0
B102155,Personal/Household,Digital Lender,23,18801.0,46,0,0.909,0.755,1,148205.0,0.394,44.8,0,0
B102156,Trade,SACCO,34,47192.0,17,2,0.66,0.678,1,85748.0,0.091,12.3,0,0
B102157,Agriculture,Digital Lender,31,17271.0,1,4,0.767,0.639,6,35994.0,0.104,8.5,1,1
B102158,Real Estate,SACCO,46,47177.0,7,0,0.792,0.734,3,342756.0,0.363,16.0,1,0
B102159,Trade,Digital Lender,47,13126.0,16,1,0.777,0.36,1,45334.0,0.173,43.8,0,0
B102160,Real Estate,MFI,37,70422.0,51,3,0.815,0.858,2,444849.0,0.316,20.4,0,1
B102161,Agriculture,SACCO,35,22318.0,34,2,0.692,0.665,2,170248.0,0.381,18.4,0,0
B102162,Real Estate,Digital Lender,18,41336.0,6,2,0.891,0.36,4,218475.0,0.264,223.0,0,1
B102163,Real Estate,SACCO,49,43181.0,31,2,0.927,0.601,1,208755.0,0.242,18.4,0,0
B102164,Personal/Household,Bank,31,14791.0,9,2,0.793,0.75,1,30433.0,0.103,12.4,0,0
B102165,Agriculture,Bank,34,47067.0,1,1,0.723,0.765,0,300086.0,0.319,13.4,0,0
B102166,Services,MFI,45,21962.0,33,5,0.873,0.711,1,132108.0,0.301,22.9,0,0
B102167,Real Estate,Digital Lender,37,25126.0,14,1,0.558,0.578,0,84718.0,0.169,112.4,0,0
B102168,Agriculture,MFI,45,20566.0,7,0,0.82,0.521,2,51135.0,0.124,16.3,0,0
B102169,Manufacturing,Digital Lender,41,72228.0,16,4,0.895,0.59,1,453089.0,0.314,38.0,0,0
B102170,Real Estate,Digital Lender,37,15623.0,9,4,0.765,0.823,1,123572.0,0.395,140.7,0,0
B102171,Agriculture,Bank,38,37671.0,8,2,0.894,0.734,1,280577.0,0.372,14.8,0,0
B102172,Manufacturing,SACCO,24,21099.0,11,3,0.906,0.719,4,51955.0,0.123,14.7,0,0
B102173,Trade,MFI,34,54181.0,119,3,0.681,0.837,1,167284.0,0.154,22.0,1,0
B102174,Agriculture,Bank,46,106590.0,8,1,0.853,0.652,2,168631.0,0.079,11.9,0,0
B102175,Manufacturing,MFI,26,21022.0,21,2,0.524,0.644,1,128271.0,0.305,21.5,0,0
B102176,Real Estate,MFI,28,32114.0,68,3,0.783,0.796,1,238925.0,0.372,18.4,0,0
B102177,Personal/Household,Digital Lender,26,24056.0,33,3,0.718,0.694,0,74565.0,0.155,348.2,0,0
B102178,Agriculture,MFI,37,52625.0,17,1,0.604,0.708,2,459853.0,0.437,19.7,0,0
B102179,Services,Bank,49,25932.0,39,2,0.319,0.446,2,183264.0,0.353,13.5,0,0
B102180,Personal/Household,MFI,40,48925.0,23,1,0.929,0.717,4,185584.0,0.19,17.9,0,0
B102181,Services,Digital Lender,18,23891.0,5,5,0.599,0.766,3,96766.0,0.203,8.0,0,1
B102182,Personal/Household,MFI,41,102135.0,31,1,0.795,0.687,0,275233.0,0.135,21.6,0,1
B102183,Trade,Bank,31,8908.0,23,1,0.653,0.555,3,54196.0,0.304,12.8,0,0
B102184,Manufacturing,Digital Lender,40,36581.0,104,1,0.682,0.847,1,221986.0,0.303,87.1,0,0
B102185,Trade,Bank,34,29561.0,40,1,0.932,0.515,4,54617.0,0.092,15.4,0,0
B102186,Personal/Household,Bank,26,28978.0,66,0,0.537,0.894,0,148062.0,0.255,15.0,0,0
B102187,Transport,MFI,34,34786.0,29,0,0.896,0.604,1,289616.0,0.416,30.4,0,0
B102188,Agriculture,SACCO,31,30704.0,9,1,0.783,0.498,1,231703.0,0.377,11.4,0,0
B102189,Services,Digital Lender,38,33539.0,20,2,0.963,0.753,3,272438.0,0.406,115.5,0,0
B102190,Trade,Bank,26,37215.0,18,3,0.888,0.45,6,112234.0,0.151,13.7,0,1
B102191,Manufacturing,Digital Lender,24,77803.0,34,1,0.499,0.711,4,325632.0,0.209,133.4,0,0
B102192,Personal/Household,SACCO,42,8000.0,30,2,0.81,0.694,0,62663.0,0.392,12.9,0,0
B102193,Trade,Digital Lender,46,82116.0,100,2,0.94,0.392,3,513073.0,0.312,273.6,1,1
B102194,Transport,Digital Lender,41,121527.0,22,3,0.764,0.73,2,513598.0,0.211,210.2,0,0
B102195,Personal/Household,Digital Lender,29,11349.0,18,4,0.924,0.786,2,30358.0,0.134,197.6,0,0
B102196,Trade,Bank,28,30526.0,18,5,0.925,0.862,1,241884.0,0.396,14.0,0,0
B102197,Manufacturing,Bank,28,63210.0,78,1,0.889,0.583,0,97819.0,0.077,13.4,0,1
B102198,Agriculture,Digital Lender,44,49276.0,47,4,0.741,0.931,4,109240.0,0.111,24.2,0,1
B102199,Transport,SACCO,27,74751.0,2,1,0.793,0.686,2,201098.0,0.135,9.3,0,0
B102200,Trade,MFI,44,36482.0,5,3,0.775,0.924,0,214531.0,0.294,22.2,0,0
B102201,Services,Digital Lender,41,9720.0,66,3,0.63,0.587,1,49091.0,0.252,8.0,1,0
B102202,Services,Digital Lender,47,60934.0,4,1,0.803,0.909,4,526374.0,0.432,124.5,0,0
B102203,Trade,SACCO,46,42172.0,8,1,0.724,0.52,2,279191.0,0.331,14.2,0,0
B102204,Agriculture,Digital Lender,40,66602.0,8,2,0.685,0.857,1,407102.0,0.306,37.7,0,0
B102205,Transport,Bank,20,12789.0,17,1,0.511,0.751,1,110546.0,0.432,16.1,0,0
B102206,Personal/Household,Digital Lender,41,15233.0,64,1,0.933,0.76,1,23329.0,0.077,39.5,0,0
B102207,Real Estate,Digital Lender,36,30003.0,17,2,0.819,0.57,1,245424.0,0.409,141.9,0,0
B102208,Trade,Bank,31,61895.0,88,3,0.424,0.746,1,197141.0,0.159,13.1,0,0
B102209,Trade,Bank,49,72141.0,36,3,0.957,0.808,1,222437.0,0.154,12.9,0,0
B102210,Services,Digital Lender,33,19947.0,15,5,0.799,0.327,3,36179.0,0.091,27.8,1,1
B102211,Real Estate,MFI,30,23777.0,2,2,0.76,0.824,0,95702.0,0.201,20.1,1,0
B102212,Personal/Household,Bank,46,144290.0,64,2,0.764,0.855,3,455845.0,0.158,14.1,0,0
B102213,Manufacturing,Bank,31,21938.0,32,2,0.754,0.966,2,51781.0,0.118,13.8,0,0
B102214,Services,Bank,29,43107.0,16,3,0.547,0.553,0,344860.0,0.4,19.3,0,0
B102215,Trade,Bank,24,23190.0,44,0,0.603,0.841,2,105683.0,0.228,14.7,0,0
B102216,Trade,Digital Lender,27,38604.0,24,0,0.408,0.813,3,221450.0,0.287,271.6,0,0
B102217,Services,SACCO,28,18463.0,13,1,0.783,0.736,2,124339.0,0.337,15.9,0,0
B102218,Services,SACCO,41,18755.0,0,1,0.914,0.717,3,85467.0,0.228,12.0,0,0
B102219,Agriculture,Bank,25,24248.0,11,0,0.782,0.677,0,198938.0,0.41,14.3,1,1
B102220,Agriculture,MFI,18,22029.0,19,3,0.793,0.621,2,95958.0,0.218,16.9,0,0
B102221,Real Estate,Bank,38,25153.0,8,0,0.81,0.253,3,206878.0,0.411,16.4,0,1
B102222,Real Estate,Digital Lender,29,39704.0,15,3,0.923,0.575,0,166220.0,0.209,79.2,0,0
B102223,Trade,Digital Lender,35,84095.0,12,3,0.951,0.612,0,464173.0,0.276,96.1,0,0
B102224,Services,MFI,48,21487.0,16,0,0.928,0.88,2,132823.0,0.309,19.6,0,0
B102225,Agriculture,Digital Lender,36,17263.0,69,7,0.395,0.685,5,46236.0,0.134,312.7,0,0
B102226,Personal/Household,Bank,50,29889.0,50,2,0.568,0.758,5,191793.0,0.321,15.6,0,0
B102227,Trade,Bank,34,18616.0,24,1,0.726,0.716,2,60720.0,0.163,13.4,0,1
B102228,Trade,Digital Lender,45,12097.0,0,3,0.853,0.6,2,30355.0,0.125,68.4,0,0
B102229,Transport,Bank,30,53388.0,19,6,0.747,0.69,4,382585.0,0.358,14.7,0,1
B102230,Agriculture,Digital Lender,36,31079.0,5,3,0.907,0.576,2,169199.0,0.272,85.0,0,1
B102231,Transport,Bank,26,32800.0,25,0,0.787,0.83,2,268398.0,0.409,16.5,1,0
B102232,Trade,Digital Lender,27,10302.0,19,2,0.96,0.692,1,21917.0,0.106,345.5,0,0
B102233,Services,Bank,33,21555.0,24,3,0.762,0.338,1,141017.0,0.327,17.1,0,0
B102234,Personal/Household,Bank,22,13647.0,64,6,0.756,0.606,1,107340.0,0.393,14.8,0,1
B102235,Personal/Household,MFI,37,29400.0,31,3,0.949,0.806,0,159643.0,0.271,15.8,0,0
B102236,Trade,Digital Lender,32,32012.0,52,2,0.891,0.511,2,277216.0,0.433,126.0,0,0
B102237,Agriculture,SACCO,37,32000.0,29,1,0.864,0.897,3,206577.0,0.323,10.0,0,0
B102238,Agriculture,SACCO,22,20603.0,24,2,0.317,0.665,4,130008.0,0.315,15.7,0,1
B102239,Manufacturing,Bank,42,18599.0,34,0,0.744,0.536,3,95999.0,0.258,16.1,1,0
B102240,Agriculture,Bank,52,26735.0,32,1,0.789,0.938,0,90808.0,0.17,13.4,0,0
B102241,Trade,Bank,50,36183.0,11,1,0.635,0.696,1,98264.0,0.136,10.1,0,0
B102242,Agriculture,Digital Lender,54,21621.0,9,4,0.814,0.797,1,141432.0,0.327,39.0,0,1
B102243,Agriculture,Bank,35,17755.0,8,5,0.804,0.672,0,69069.0,0.194,16.7,0,1
B102244,Real Estate,Bank,31,18177.0,18,1,0.723,0.678,3,152670.0,0.42,13.4,0,0
B102245,Trade,SACCO,40,20699.0,1,0,0.849,0.842,2,84513.0,0.204,12.9,0,0
B102246,Agriculture,SACCO,33,23180.0,28,3,0.629,0.79,3,100164.0,0.216,12.7,0,0
B102247,Transport,MFI,18,16252.0,26,1,0.963,0.664,2,93083.0,0.286,18.0,0,0
B102248,Real Estate,Bank,43,23271.0,1,2,0.825,0.282,1,112778.0,0.242,16.6,1,1
B102249,Agriculture,MFI,33,58681.0,31,3,0.632,0.572,4,121271.0,0.103,21.2,0,0
B102250,Manufacturing,SACCO,20,25286.0,5,3,0.666,0.626,1,75854.0,0.15,18.8,0,0
B102251,Personal/Household,Bank,30,15042.0,47,2,0.833,0.785,1,103312.0,0.343,16.7,0,0
B102252,Agriculture,SACCO,33,8585.0,110,2,0.957,0.718,0,43953.0,0.256,9.3,0,0
B102253,Transport,Bank,35,81635.0,25,2,0.75,0.758,1,327614.0,0.201,13.0,0,0
B102254,Services,Digital Lender,35,55638.0,45,1,0.771,0.615,0,419294.0,0.377,242.0,0,0
B102255,Manufacturing,Digital Lender,49,34771.0,20,1,0.882,0.618,3,238375.0,0.343,147.6,1,0
B102256,Services,Bank,22,56358.0,5,3,0.56,0.465,2,181417.0,0.161,14.9,0,0
B102257,Personal/Household,MFI,33,39743.0,52,0,0.956,0.601,3,190142.0,0.239,21.9,0,0
B102258,Trade,MFI,26,28521.0,29,0,0.968,0.679,3,66211.0,0.116,20.8,0,0
B102259,Real Estate,Digital Lender,48,15031.0,11,2,0.822,0.384,6,90803.0,0.302,9.0,0,1
B102260,Personal/Household,MFI,29,84944.0,40,2,0.784,0.796,1,165256.0,0.097,27.7,0,0
B102261,Services,SACCO,32,23380.0,7,0,0.691,0.665,3,58085.0,0.124,12.7,0,0
B102262,Real Estate,Bank,45,24093.0,7,2,0.887,0.697,0,83756.0,0.174,14.0,0,0
B102263,Trade,Bank,48,30352.0,7,4,0.723,0.548,2,96920.0,0.16,14.2,0,1
B102264,Manufacturing,SACCO,50,30639.0,0,3,0.566,0.683,2,261719.0,0.427,8.5,0,0
B102265,Trade,SACCO,19,40786.0,27,0,0.805,0.717,5,173313.0,0.212,17.0,0,0
B102266,Personal/Household,Digital Lender,40,38283.0,34,4,0.865,0.603,1,153512.0,0.2,245.3,1,1
B102267,Manufacturing,Digital Lender,38,21649.0,19,3,0.676,0.808,1,163075.0,0.377,33.9,0,0
B102268,Personal/Household,SACCO,34,30159.0,58,0,0.932,0.238,3,267804.0,0.444,12.0,0,0
B102269,Personal/Household,MFI,36,40082.0,64,4,0.681,0.719,0,159923.0,0.199,21.5,0,0
B102270,Transport,Digital Lender,48,20659.0,31,2,0.756,0.583,0,81367.0,0.197,312.2,0,0
B102271,Transport,Digital Lender,45,65885.0,24,4,0.808,0.511,2,481106.0,0.365,188.9,0,0
B102272,Personal/Household,Digital Lender,44,29403.0,10,2,0.928,0.676,5,107396.0,0.183,95.5,0,0
B102273,Personal/Household,Digital Lender,37,71622.0,59,6,0.829,0.71,0,525480.0,0.367,40.9,0,0
B102274,Personal/Household,MFI,58,13826.0,32,1,0.657,0.842,2,30409.0,0.11,25.2,0,0
B102275,Trade,SACCO,31,42619.0,73,2,0.599,0.59,3,365837.0,0.429,10.9,1,0
B102276,Manufacturing,SACCO,19,18220.0,1,2,0.932,0.434,1,50695.0,0.139,13.4,1,1
B102277,Trade,Bank,32,20974.0,11,3,0.95,0.639,1,158968.0,0.379,13.1,0,0
B102278,Personal/Household,SACCO,36,48907.0,13,4,0.739,0.824,2,269536.0,0.276,13.6,0,0
B102279,Transport,MFI,48,26222.0,3,2,0.685,0.719,2,45435.0,0.087,22.6,0,0
B102280,Real Estate,MFI,30,124067.0,11,3,0.578,0.544,0,626311.0,0.252,17.1,0,0
B102281,Trade,Bank,40,39534.0,10,4,0.965,0.707,1,285875.0,0.362,15.4,1,1
B102282,Agriculture,SACCO,20,20279.0,18,3,0.759,0.631,2,129394.0,0.319,13.0,0,0
B102283,Personal/Household,SACCO,46,39573.0,50,2,0.908,0.825,0,166076.0,0.21,11.5,1,0
B102284,Trade,MFI,36,26096.0,25,0,0.889,0.844,2,128934.0,0.247,20.7,0,0
B102285,Trade,Bank,32,46987.0,43,2,0.606,0.757,1,89134.0,0.095,14.4,0,0
B102286,Services,MFI,56,25263.0,83,1,0.606,0.503,1,227191.0,0.45,16.4,0,1
B102287,Personal/Household,Bank,46,37185.0,106,1,0.787,0.49,0,255406.0,0.343,12.9,0,0
B102288,Trade,Bank,25,33161.0,14,2,0.907,0.696,4,235572.0,0.355,12.4,0,0
B102289,Agriculture,Bank,34,31043.0,36,3,0.754,0.662,0,60482.0,0.097,15.7,0,1
B102290,Services,Digital Lender,62,52733.0,13,3,0.916,0.95,3,127996.0,0.121,8.0,0,0
B102291,Personal/Household,MFI,55,11028.0,15,3,0.788,0.608,1,52354.0,0.237,19.8,0,0
B102292,Transport,SACCO,44,31371.0,13,1,0.699,0.783,3,55900.0,0.089,13.8,0,0
B102293,Agriculture,Digital Lender,18,20219.0,30,2,0.397,0.653,4,55172.0,0.136,188.0,0,0
B102294,Agriculture,MFI,48,14161.0,23,0,0.67,0.769,2,89481.0,0.316,20.5,0,0
B102295,Trade,Digital Lender,29,18755.0,5,1,0.947,0.856,2,41095.0,0.11,77.8,0,0
B102296,Personal/Household,Bank,48,21145.0,53,3,0.952,0.559,0,84963.0,0.201,15.5,0,0
B102297,Trade,Bank,28,26123.0,70,1,0.344,0.529,0,110424.0,0.211,14.7,0,0
B102298,Trade,Bank,40,35794.0,43,0,0.8,0.753,0,137504.0,0.192,13.8,0,0
B102299,Personal/Household,MFI,29,40065.0,1,1,0.68,0.797,3,76415.0,0.095,16.8,0,0
B102300,Services,Digital Lender,31,23742.0,79,2,0.831,0.98,1,128162.0,0.27,113.7,0,0
B102301,Personal/Household,SACCO,41,71079.0,24,2,0.862,0.553,1,480827.0,0.338,9.7,0,1
B102302,Real Estate,SACCO,22,24240.0,16,0,0.677,0.56,2,38084.0,0.079,13.4,0,0
B102303,Manufacturing,Bank,59,10193.0,20,0,0.547,0.803,1,23980.0,0.118,15.0,0,0
B102304,Real Estate,Digital Lender,25,24599.0,20,1,0.806,0.655,2,185613.0,0.377,8.0,0,0
B102305,Agriculture,MFI,24,30514.0,11,1,0.783,0.461,2,183552.0,0.301,18.6,0,0
B102306,Manufacturing,Bank,41,8000.0,93,2,0.817,0.846,4,47778.0,0.299,13.4,0,0
B102307,Real Estate,Digital Lender,48,57759.0,58,3,0.968,0.552,3,235631.0,0.204,79.5,0,0
B102308,Transport,MFI,32,28156.0,14,1,0.652,0.824,0,154288.0,0.274,17.8,0,0
B102309,Services,Bank,24,15775.0,1,0,0.96,0.854,2,90609.0,0.287,13.5,0,0
B102310,Services,Bank,26,17535.0,59,1,0.527,0.533,4,74088.0,0.211,14.9,0,0
B102311,Trade,Bank,25,45204.0,11,3,0.787,0.826,2,223267.0,0.247,14.0,0,0
B102312,Real Estate,Digital Lender,38,48347.0,8,3,0.764,0.763,4,420353.0,0.435,232.3,0,0
B102313,Trade,MFI,34,20810.0,43,2,0.972,0.537,0,34703.0,0.083,19.8,0,0
B102314,Agriculture,Digital Lender,39,14109.0,24,2,0.625,0.497,4,119125.0,0.422,159.3,0,0
B102315,Agriculture,Bank,39,31952.0,47,1,0.748,0.723,1,84965.0,0.133,10.1,1,0
B102316,Trade,SACCO,43,35345.0,67,1,0.372,0.889,3,189401.0,0.268,8.0,0,0
B102317,Personal/Household,SACCO,31,40575.0,16,1,0.771,0.793,4,312701.0,0.385,14.3,0,0
B102318,Manufacturing,SACCO,28,21813.0,9,1,0.635,0.648,1,61827.0,0.142,11.7,0,0
B102319,Services,MFI,37,27802.0,25,2,0.953,0.72,3,125069.0,0.225,20.7,1,0
B102320,Trade,MFI,34,30064.0,2,0,0.738,0.758,0,270207.0,0.449,24.3,0,0
B102321,Trade,SACCO,38,50602.0,38,2,0.898,0.452,2,115750.0,0.114,12.3,0,0
B102322,Real Estate,Digital Lender,28,61767.0,160,2,0.513,0.716,3,259358.0,0.21,83.1,0,0
B102323,Trade,Bank,41,71710.0,11,2,0.438,0.834,1,501052.0,0.349,13.7,0,0
B102324,Agriculture,MFI,23,60862.0,63,2,0.806,0.58,1,456445.0,0.375,19.4,0,0
B102325,Services,SACCO,31,80612.0,10,3,0.746,0.38,3,477761.0,0.296,15.7,0,1
B102326,Trade,Bank,46,51909.0,28,0,0.546,0.526,1,213846.0,0.206,14.5,0,0
B102327,Trade,Bank,24,21501.0,20,0,0.93,0.364,1,150097.0,0.349,11.5,0,0
B102328,Manufacturing,Digital Lender,46,69108.0,11,2,0.827,0.625,1,577591.0,0.418,208.0,0,0
B102329,Manufacturing,Bank,21,13946.0,22,2,0.837,0.651,1,81445.0,0.292,18.1,0,0
B102330,Transport,Bank,19,109148.0,16,1,0.677,0.891,4,429816.0,0.197,19.8,0,0
B102331,Agriculture,SACCO,20,17389.0,45,0,0.6,0.769,4,139463.0,0.401,12.7,0,1
B102332,Personal/Household,Bank,36,48446.0,46,1,0.439,0.796,2,269116.0,0.278,12.4,0,0
B102333,Trade,Bank,42,65798.0,30,1,0.803,0.604,1,105436.0,0.08,12.5,0,0
B102334,Real Estate,Bank,48,38277.0,30,2,0.953,0.731,1,237484.0,0.31,11.0,1,0
B102335,Personal/Household,Bank,47,9627.0,8,2,0.642,0.49,0,22817.0,0.118,13.9,0,0
B102336,Personal/Household,MFI,44,17652.0,10,1,0.541,0.568,0,46736.0,0.132,20.4,0,0
B102337,Agriculture,Digital Lender,27,36179.0,1,2,0.809,0.658,2,290277.0,0.401,271.8,0,0
B102338,Manufacturing,Bank,27,42175.0,12,1,0.806,0.721,1,213190.0,0.253,13.1,0,0
B102339,Trade,MFI,43,26948.0,23,3,0.835,0.447,5,181246.0,0.336,18.1,0,0
B102340,Trade,SACCO,49,30973.0,41,1,0.632,0.513,2,227586.0,0.367,16.6,0,0
B102341,Trade,Bank,25,13255.0,7,1,0.718,0.851,2,64735.0,0.244,15.2,0,0
B102342,Personal/Household,MFI,48,78897.0,24,3,0.568,0.821,1,485791.0,0.308,15.6,0,0
B102343,Agriculture,Bank,18,24152.0,8,1,0.655,0.281,2,80481.0,0.167,15.2,0,0
B102344,Personal/Household,Bank,39,45882.0,13,3,0.951,0.715,4,244086.0,0.266,12.2,0,1
B102345,Trade,Bank,34,64341.0,44,2,0.842,0.698,3,198732.0,0.154,15.9,0,0
B102346,Personal/Household,Bank,33,15752.0,7,1,0.958,0.7,3,71715.0,0.228,12.4,0,0
B102347,Personal/Household,Digital Lender,35,31902.0,101,4,0.903,0.605,2,158242.0,0.248,82.9,1,1
B102348,Trade,Digital Lender,26,34645.0,28,2,0.596,0.712,1,95748.0,0.138,246.5,0,0
B102349,Trade,Digital Lender,39,25799.0,34,2,0.771,0.567,2,71532.0,0.139,128.3,0,1
B102350,Trade,Bank,36,49516.0,22,4,0.661,0.489,0,110619.0,0.112,16.9,0,0
B102351,Personal/Household,Digital Lender,44,20599.0,2,2,0.849,0.607,0,79507.0,0.193,8.0,0,0
B102352,Agriculture,MFI,51,30645.0,6,0,0.929,0.634,1,230929.0,0.377,20.2,0,0
B102353,Manufacturing,Bank,36,24246.0,64,1,0.953,0.837,1,213229.0,0.44,15.6,0,0
B102354,Real Estate,Digital Lender,27,106836.0,3,1,0.727,0.656,1,457686.0,0.214,316.5,0,1
B102355,Personal/Household,Digital Lender,24,20650.0,6,3,0.839,0.768,1,120831.0,0.293,122.2,0,0
B102356,Manufacturing,Bank,52,44789.0,2,0,0.494,0.563,3,117027.0,0.131,15.1,0,0
B102357,Manufacturing,Digital Lender,51,79870.0,22,2,0.664,0.612,3,642923.0,0.402,57.8,0,0
B102358,Services,Bank,44,17942.0,9,0,0.662,0.908,2,75930.0,0.212,16.4,0,0
B102359,Trade,MFI,36,31333.0,8,1,0.8,0.789,3,83804.0,0.134,19.3,0,0
B102360,Personal/Household,Bank,43,17283.0,3,2,0.889,0.9,2,86040.0,0.249,14.4,0,0
B102361,Trade,Bank,48,9827.0,35,1,0.92,0.631,1,45641.0,0.232,16.8,0,0
B102362,Real Estate,Digital Lender,29,19307.0,1,3,0.784,0.788,3,42839.0,0.111,111.5,0,1
B102363,Services,MFI,35,21727.0,6,2,0.741,0.862,2,87760.0,0.202,20.0,0,0
B102364,Transport,Bank,24,22449.0,0,2,0.697,0.936,2,48295.0,0.108,15.0,0,1
B102365,Personal/Household,Digital Lender,34,25215.0,54,6,0.767,0.528,4,70009.0,0.139,171.1,0,0
B102366,Agriculture,Digital Lender,50,29833.0,24,5,0.952,0.613,1,61504.0,0.103,136.1,0,0
B102367,Real Estate,Digital Lender,46,15394.0,61,1,0.734,0.629,0,96509.0,0.313,266.8,0,0
B102368,Agriculture,Digital Lender,36,36076.0,26,1,0.595,0.505,2,292351.0,0.405,169.0,0,0
B102369,Manufacturing,Digital Lender,18,57950.0,40,2,0.678,0.857,1,102600.0,0.089,85.2,1,0
B102370,Real Estate,SACCO,28,61812.0,125,1,0.883,0.61,2,221281.0,0.179,15.5,0,0
B102371,Agriculture,Bank,36,25768.0,127,4,0.749,0.762,6,92680.0,0.18,16.9,0,0
B102372,Agriculture,Digital Lender,33,48613.0,68,4,0.853,0.847,3,364231.0,0.375,128.6,0,0
B102373,Agriculture,Bank,35,20444.0,4,2,0.657,0.897,1,63892.0,0.156,16.2,0,0
B102374,Agriculture,Bank,37,24616.0,31,1,0.526,0.507,3,212937.0,0.433,12.6,0,0
B102375,Trade,MFI,30,37019.0,94,3,0.53,0.484,1,80033.0,0.108,15.1,0,0
B102376,Personal/Household,Bank,35,24733.0,11,1,0.869,0.542,3,76286.0,0.154,21.4,0,0
B102377,Transport,SACCO,34,14837.0,4,0,0.695,0.567,1,121074.0,0.408,10.7,0,0
B102378,Trade,Digital Lender,28,47018.0,10,1,0.796,0.4,1,205264.0,0.218,141.3,0,0
B102379,Personal/Household,MFI,53,18850.0,0,1,0.757,0.836,2,59101.0,0.157,18.0,0,0
B102380,Personal/Household,MFI,30,22337.0,12,0,0.865,0.942,2,58988.0,0.132,12.8,1,0
B102381,Agriculture,MFI,18,53211.0,13,4,0.75,0.515,2,461985.0,0.434,17.4,0,0
B102382,Trade,SACCO,53,39951.0,92,3,0.884,0.79,1,168296.0,0.211,16.2,0,0
B102383,Trade,Bank,27,32757.0,19,1,0.468,0.826,2,137593.0,0.21,18.0,0,0
B102384,Trade,Bank,44,13252.0,123,0,0.889,0.343,2,37392.0,0.141,19.1,0,0
B102385,Personal/Household,SACCO,28,15681.0,24,2,0.748,0.624,5,73447.0,0.234,14.1,0,0
B102386,Services,MFI,41,36995.0,4,1,0.852,0.571,3,60635.0,0.082,20.0,1,0
B102387,Trade,MFI,35,42046.0,2,1,0.931,0.896,2,229291.0,0.273,23.7,0,0
B102388,Personal/Household,Bank,45,34172.0,15,1,0.756,0.856,1,212586.0,0.311,13.4,0,0
B102389,Trade,Bank,33,22913.0,43,3,0.868,0.747,2,39172.0,0.085,15.9,1,0
B102390,Transport,SACCO,28,22502.0,7,2,0.777,0.923,1,40083.0,0.089,12.2,0,0
B102391,Personal/Household,MFI,38,33480.0,33,1,0.924,0.558,2,258468.0,0.386,22.9,0,0
B102392,Agriculture,MFI,31,14936.0,118,2,0.389,0.574,0,32504.0,0.109,26.7,0,1
B102393,Trade,Digital Lender,18,31270.0,77,1,0.794,0.551,3,117791.0,0.188,257.2,0,0
B102394,Transport,SACCO,29,13852.0,39,1,0.712,0.653,1,106223.0,0.383,8.6,0,0
B102395,Services,Bank,64,16665.0,4,3,0.821,0.763,4,132228.0,0.397,13.1,0,1
B102396,Agriculture,SACCO,18,32795.0,2,1,0.927,0.396,2,149924.0,0.229,16.2,0,0
B102397,Trade,Bank,37,40977.0,5,5,0.8,0.672,3,260846.0,0.318,11.8,0,1
B102398,Trade,Bank,33,35882.0,13,0,0.907,0.804,1,230781.0,0.322,12.4,0,0
B102399,Manufacturing,SACCO,53,16107.0,30,3,0.847,0.622,2,116195.0,0.361,8.0,0,0
B102400,Transport,Bank,24,10625.0,17,0,0.77,0.632,0,70960.0,0.334,10.0,0,0
B102401,Personal/Household,Bank,36,29597.0,24,0,0.811,0.473,1,207895.0,0.351,14.5,0,0
B102402,Personal/Household,Digital Lender,42,10460.0,22,1,0.769,0.818,3,87017.0,0.416,107.6,0,0
B102403,Services,SACCO,33,49983.0,35,0,0.503,0.831,3,364999.0,0.365,14.9,0,0
B102404,Personal/Household,Digital Lender,27,16404.0,17,2,0.608,0.571,1,85256.0,0.26,107.8,0,0
B102405,Agriculture,Digital Lender,35,101601.0,11,0,0.854,0.666,2,317535.0,0.156,188.8,0,0
B102406,Manufacturing,Bank,32,17517.0,112,2,0.817,0.49,1,136033.0,0.388,13.4,0,0
B102407,Agriculture,SACCO,32,38354.0,10,2,0.932,0.315,1,187383.0,0.244,14.7,0,1
B102408,Agriculture,Bank,44,19828.0,7,0,0.803,0.821,3,165338.0,0.417,18.7,0,0
B102409,Services,SACCO,39,27106.0,26,2,0.756,0.846,7,166857.0,0.308,10.8,0,0
B102410,Personal/Household,Bank,41,32899.0,0,1,0.833,0.922,0,153206.0,0.233,14.1,0,0
B102411,Services,Bank,38,47723.0,7,3,0.672,0.383,2,362724.0,0.38,17.4,0,1
B102412,Real Estate,Bank,45,52090.0,6,3,0.588,0.462,3,345836.0,0.332,12.2,1,0
B102413,Manufacturing,Digital Lender,48,44357.0,29,1,0.385,0.704,3,216928.0,0.245,76.7,1,0
B102414,Manufacturing,Bank,32,52612.0,0,2,0.715,0.447,3,416247.0,0.396,14.3,0,0
B102415,Trade,SACCO,43,21187.0,3,2,0.893,0.84,0,107517.0,0.254,13.5,0,0
B102416,Agriculture,Digital Lender,22,42482.0,16,4,0.736,0.827,4,247100.0,0.291,131.6,0,0
B102417,Manufacturing,SACCO,18,24649.0,8,1,0.944,0.759,2,189318.0,0.384,11.4,0,0
B102418,Trade,MFI,53,51145.0,13,1,0.962,0.81,3,286418.0,0.28,22.4,0,0
B102419,Services,Bank,32,31684.0,15,1,0.722,0.871,4,235696.0,0.372,15.3,0,0
B102420,Trade,Digital Lender,38,41821.0,4,1,0.848,0.834,1,223036.0,0.267,292.2,0,0
B102421,Trade,MFI,23,34902.0,10,3,0.798,0.667,2,199107.0,0.285,11.4,0,0
B102422,Personal/Household,MFI,22,45171.0,20,2,0.699,0.864,1,102749.0,0.114,15.4,0,0
B102423,Trade,Digital Lender,28,19068.0,7,4,0.617,0.961,3,108332.0,0.284,99.5,0,0
B102424,Services,Bank,41,12525.0,72,5,0.924,0.602,2,74844.0,0.299,14.1,0,0
B102425,Personal/Household,MFI,30,51222.0,3,2,0.681,0.597,2,263525.0,0.257,16.8,0,0
B102426,Trade,Bank,32,62302.0,32,1,0.222,0.541,1,263471.0,0.211,18.7,0,0
B102427,Personal/Household,Bank,28,27896.0,46,2,0.738,0.699,3,124063.0,0.222,14.4,0,0
B102428,Transport,Bank,47,46449.0,0,0,0.843,0.729,0,122867.0,0.132,13.0,0,0
B102429,Personal/Household,SACCO,44,12135.0,16,3,0.797,0.504,1,20914.0,0.086,8.0,0,1
B102430,Personal/Household,Bank,30,21124.0,14,1,0.858,0.636,0,39593.0,0.094,14.3,0,0
B102431,Personal/Household,SACCO,42,31103.0,12,4,0.834,0.635,2,64335.0,0.103,14.7,0,0
B102432,Transport,Digital Lender,33,11448.0,59,2,0.828,0.504,1,69699.0,0.304,26.3,0,1
B102433,Agriculture,Digital Lender,32,12820.0,38,3,0.916,0.275,1,20782.0,0.081,157.6,0,0
B102434,Personal/Household,Bank,35,32431.0,1,0,0.963,0.59,1,219544.0,0.338,12.6,0,0
B102435,Services,Digital Lender,41,21309.0,8,5,0.927,0.396,2,75524.0,0.177,221.9,0,1
B102436,Transport,Bank,26,24571.0,12,2,0.74,0.898,0,206484.0,0.42,13.7,0,0
B102437,Transport,SACCO,40,23778.0,102,2,0.871,0.52,3,43020.0,0.09,13.6,0,0
B102438,Real Estate,Bank,60,14677.0,41,1,0.612,0.774,3,114004.0,0.388,12.4,0,0
B102439,Personal/Household,SACCO,37,26380.0,27,0,0.605,0.603,3,156823.0,0.297,12.8,1,0
B102440,Services,Bank,35,29509.0,13,2,0.871,0.768,2,80608.0,0.137,19.5,1,0
B102441,Trade,SACCO,34,21580.0,3,0,0.634,0.615,0,116852.0,0.271,9.8,0,0
B102442,Trade,Bank,40,22566.0,7,0,0.778,0.529,2,132902.0,0.294,10.1,0,0
B102443,Manufacturing,Bank,19,26577.0,21,3,0.899,0.471,2,183401.0,0.345,16.4,0,0
B102444,Manufacturing,SACCO,52,46671.0,83,3,0.911,0.437,2,175185.0,0.188,17.6,0,0
B102445,Manufacturing,Bank,45,28227.0,21,0,0.88,0.66,0,248453.0,0.44,13.8,0,0
B102446,Trade,SACCO,29,10306.0,33,1,0.869,0.626,3,51628.0,0.25,13.4,1,0
B102447,Real Estate,SACCO,35,15419.0,70,2,0.288,0.638,5,137597.0,0.446,14.6,0,0
B102448,Transport,SACCO,29,49637.0,17,1,0.755,0.812,1,369880.0,0.373,16.7,0,0
B102449,Transport,SACCO,38,20392.0,30,2,0.83,0.754,0,151455.0,0.371,10.8,0,0
B102450,Transport,Digital Lender,36,28320.0,47,5,0.914,0.746,2,161661.0,0.285,197.2,0,0
B102451,Personal/Household,Digital Lender,37,85707.0,58,3,0.949,0.841,1,753381.0,0.44,181.9,0,0
B102452,Transport,Bank,25,42087.0,37,2,0.938,0.844,2,306440.0,0.364,15.7,0,0
B102453,Personal/Household,MFI,30,9122.0,7,0,0.838,0.449,1,52194.0,0.286,19.4,1,1
B102454,Transport,SACCO,46,65821.0,20,3,0.485,0.671,3,247235.0,0.188,17.1,0,0
B102455,Manufacturing,Bank,30,32283.0,3,3,0.523,0.592,1,243120.0,0.377,14.8,0,0
B102456,Transport,Bank,18,36429.0,14,1,0.826,0.539,5,189148.0,0.26,13.9,0,0
B102457,Trade,Bank,33,35147.0,35,1,0.873,0.61,1,239745.0,0.341,16.5,0,0
B102458,Agriculture,MFI,59,49136.0,15,0,0.935,0.588,3,117871.0,0.12,16.3,1,0
B102459,Manufacturing,Bank,43,28457.0,11,4,0.918,0.676,0,217672.0,0.382,11.6,0,0
B102460,Personal/Household,SACCO,29,13163.0,16,0,0.924,0.461,3,57590.0,0.219,10.2,0,0
B102461,Transport,SACCO,34,35523.0,1,1,0.842,0.67,0,303040.0,0.427,22.9,0,0
B102462,Trade,SACCO,42,13905.0,100,3,0.69,0.517,1,22512.0,0.081,14.7,0,0
B102463,Transport,Bank,18,80751.0,12,4,0.955,0.848,1,659093.0,0.408,13.0,0,0
B102464,Agriculture,Digital Lender,26,24363.0,7,3,0.939,0.413,1,176567.0,0.362,75.2,0,0
B102465,Personal/Household,SACCO,39,28898.0,12,1,0.533,0.765,0,242721.0,0.42,17.5,0,0
B102466,Personal/Household,Bank,51,20500.0,7,1,0.945,0.623,2,50019.0,0.122,13.9,0,0
B102467,Transport,Bank,31,35830.0,3,1,0.743,0.451,2,115073.0,0.161,12.5,0,0
B102468,Transport,Bank,51,38174.0,32,2,0.804,0.506,0,300328.0,0.393,11.9,0,0
B102469,Agriculture,Digital Lender,27,20470.0,34,2,0.909,0.676,2,65750.0,0.161,58.9,0,0
B102470,Real Estate,Bank,18,38146.0,12,2,0.758,0.449,4,217342.0,0.285,13.4,0,1
B102471,Personal/Household,Bank,42,30861.0,2,1,0.736,0.354,2,276397.0,0.448,14.6,0,0
B102472,Personal/Household,Bank,40,28205.0,79,1,0.904,0.516,1,44369.0,0.079,18.1,0,0
B102473,Manufacturing,Bank,42,19666.0,11,1,0.697,0.269,2,88648.0,0.225,15.1,0,0
B102474,Agriculture,MFI,42,106182.0,21,3,0.67,0.923,2,554151.0,0.261,23.5,0,1
B102475,Trade,Digital Lender,37,56985.0,15,5,0.771,0.658,2,210609.0,0.185,64.9,0,0
B102476,Trade,MFI,32,44382.0,1,2,0.846,0.492,2,123598.0,0.139,13.7,0,0
B102477,Trade,Digital Lender,33,55247.0,66,1,0.823,0.78,4,361583.0,0.327,58.5,0,0
B102478,Agriculture,Bank,30,35065.0,7,3,0.658,0.615,2,138435.0,0.197,16.2,0,0
B102479,Services,MFI,31,24535.0,16,3,0.718,0.764,5,205739.0,0.419,16.5,0,1
B102480,Manufacturing,Digital Lender,18,8000.0,13,1,0.809,0.746,3,42021.0,0.263,122.0,1,0
B102481,Agriculture,SACCO,23,15208.0,30,4,0.715,0.905,3,124830.0,0.41,18.0,0,0
B102482,Trade,Digital Lender,33,97808.0,20,2,0.801,0.738,2,459655.0,0.235,42.8,0,0
B102483,Agriculture,Bank,18,56281.0,14,3,0.919,0.552,0,327128.0,0.291,18.0,0,0
B102484,Personal/Household,MFI,18,33232.0,9,1,0.611,0.431,2,146171.0,0.22,26.0,0,0
B102485,Real Estate,SACCO,32,12486.0,55,6,0.579,0.886,4,33610.0,0.135,16.4,0,0
B102486,Personal/Household,Bank,34,42156.0,3,2,0.762,0.661,1,178511.0,0.212,14.6,1,0
B102487,Personal/Household,Digital Lender,32,25516.0,0,0,0.693,0.59,0,212550.0,0.416,214.9,0,0
B102488,Trade,Bank,18,43646.0,2,0,0.965,0.414,2,92027.0,0.105,11.3,1,1
B102489,Transport,Bank,51,16130.0,29,3,0.699,0.351,3,115333.0,0.357,15.2,0,0
B102490,Services,Digital Lender,21,22709.0,20,3,0.641,0.728,0,141557.0,0.312,122.4,0,1
B102491,Real Estate,SACCO,27,48379.0,0,1,0.784,0.739,2,377689.0,0.39,10.1,0,1
B102492,Trade,Digital Lender,22,85845.0,11,3,0.655,0.34,3,621095.0,0.362,257.0,0,1
B102493,Services,Digital Lender,48,20699.0,64,2,0.499,0.691,2,122974.0,0.297,252.1,0,0
B102494,Services,Bank,39,17158.0,13,1,0.797,0.424,2,119527.0,0.348,13.6,1,0
B102495,Manufacturing,SACCO,30,52187.0,38,2,0.89,0.551,2,155930.0,0.149,15.3,0,0
B102496,Manufacturing,Digital Lender,30,14869.0,59,1,0.837,0.659,2,65778.0,0.221,150.4,0,0
B102497,Trade,Bank,37,15469.0,103,2,0.683,0.822,1,96755.0,0.313,17.4,0,0
B102498,Personal/Household,MFI,23,34416.0,7,0,0.752,0.931,0,182093.0,0.265,15.1,0,0
B102499,Manufacturing,Digital Lender,39,93632.0,9,2,0.727,0.9,1,510951.0,0.273,250.3,0,0
B102500,Trade,Bank,30,18642.0,11,1,0.739,0.558,3,43741.0,0.117,13.6,0,0
B102501,Personal/Household,Digital Lender,40,24261.0,39,2,0.809,0.58,2,114877.0,0.237,201.3,0,0
B102502,Services,MFI,40,31610.0,13,3,0.66,0.714,0,132836.0,0.21,20.8,0,0
B102503,Personal/Household,Digital Lender,29,22926.0,23,4,0.75,0.458,2,129498.0,0.282,223.0,0,0
B102504,Agriculture,SACCO,18,11251.0,138,0,0.456,0.906,1,18989.0,0.084,13.9,0,0
B102505,Trade,SACCO,33,46216.0,28,0,0.915,0.92,2,198392.0,0.215,14.1,0,0
B102506,Services,Digital Lender,21,32941.0,4,5,0.796,0.763,0,235746.0,0.358,163.3,0,0
B102507,Services,Bank,36,36380.0,2,1,0.841,0.805,2,178587.0,0.245,15.5,0,0
B102508,Manufacturing,SACCO,32,27503.0,23,0,0.894,0.784,0,166186.0,0.302,13.6,1,0
B102509,Transport,Digital Lender,29,68340.0,6,2,0.799,0.823,0,142700.0,0.104,183.7,1,0
B102510,Real Estate,Digital Lender,22,22528.0,36,2,0.805,0.889,0,137791.0,0.306,9.5,1,0
B102511,Real Estate,Digital Lender,47,16442.0,42,6,0.403,0.847,3,89618.0,0.273,120.3,0,0
B102512,Trade,SACCO,30,74239.0,18,2,0.802,0.718,0,134319.0,0.09,14.4,0,0
B102513,Trade,SACCO,59,8873.0,19,5,0.855,0.941,1,76084.0,0.429,13.8,0,0
B102514,Agriculture,MFI,35,27321.0,15,1,0.767,0.45,5,214361.0,0.392,25.2,0,0
B102515,Personal/Household,SACCO,39,28523.0,58,1,0.479,0.568,1,184288.0,0.323,18.6,0,0
B102516,Trade,SACCO,35,27917.0,5,2,0.54,0.829,4,243371.0,0.436,13.3,0,0
B102517,Agriculture,Bank,38,12668.0,2,1,0.602,0.832,1,95947.0,0.379,12.4,1,1
B102518,Manufacturing,Bank,46,15494.0,11,3,0.851,0.79,3,115325.0,0.372,14.5,0,1
B102519,Trade,SACCO,46,50357.0,34,2,0.814,0.597,1,406280.0,0.403,15.2,0,0
B102520,Trade,Bank,18,63700.0,6,0,0.846,0.714,2,158366.0,0.124,16.3,0,0
B102521,Manufacturing,Bank,44,23635.0,8,1,0.87,0.603,1,119379.0,0.253,14.0,0,0
B102522,Agriculture,Bank,40,17821.0,9,0,0.939,0.837,1,127105.0,0.357,11.8,0,0
B102523,Transport,Digital Lender,35,11141.0,7,3,0.933,0.687,3,26345.0,0.118,168.4,0,0
B102524,Services,Digital Lender,52,49877.0,18,2,0.862,0.665,3,348059.0,0.349,175.4,0,1
B102525,Trade,SACCO,53,51524.0,6,2,0.426,0.787,0,450395.0,0.437,16.6,0,0
B102526,Services,Digital Lender,44,8000.0,13,1,0.821,0.622,4,27977.0,0.175,242.2,0,0
B102527,Services,Digital Lender,30,8000.0,10,5,0.546,0.564,0,39628.0,0.248,68.7,0,0
B102528,Personal/Household,Bank,23,32056.0,95,1,0.55,0.576,4,129669.0,0.202,15.0,0,0
B102529,Transport,Bank,43,34420.0,25,2,0.663,0.939,1,281267.0,0.409,14.9,0,0
B102530,Transport,Bank,49,22867.0,19,1,0.9,0.493,0,39474.0,0.086,18.1,0,0
B102531,Transport,Bank,18,29199.0,111,0,0.665,0.49,1,239792.0,0.411,19.7,0,0
B102532,Personal/Household,SACCO,46,25952.0,17,0,0.728,0.928,1,225369.0,0.434,16.8,0,0
B102533,Trade,Bank,32,30168.0,106,1,0.497,0.687,0,151396.0,0.251,14.0,0,0
B102534,Services,Digital Lender,18,18115.0,12,1,0.874,0.713,1,61484.0,0.17,16.3,0,0
B102535,Transport,SACCO,40,29533.0,125,2,0.593,0.861,4,65670.0,0.111,13.0,0,0
B102536,Personal/Household,Bank,44,20519.0,19,1,0.431,0.68,3,131288.0,0.32,15.4,0,0
B102537,Agriculture,Digital Lender,31,19599.0,4,4,0.781,0.922,3,79275.0,0.202,15.7,0,1
B102538,Trade,Digital Lender,24,10649.0,54,0,0.817,0.506,2,54172.0,0.254,63.5,0,0
B102539,Manufacturing,Digital Lender,52,26996.0,33,1,0.739,0.627,1,172286.0,0.319,102.1,0,0
B102540,Manufacturing,Digital Lender,28,46242.0,5,2,0.863,0.424,2,148426.0,0.16,116.4,0,0
B102541,Real Estate,Digital Lender,47,24858.0,7,2,0.706,0.657,2,213640.0,0.43,101.0,0,0
B102542,Agriculture,SACCO,20,24479.0,33,1,0.755,0.788,1,49902.0,0.102,10.0,0,0
B102543,Agriculture,Digital Lender,39,59317.0,27,1,0.816,0.446,2,224112.0,0.189,96.0,0,0
B102544,Manufacturing,Bank,39,52247.0,57,2,0.82,0.531,1,402710.0,0.385,12.1,0,1
B102545,Agriculture,MFI,44,77190.0,42,3,0.868,0.86,0,561491.0,0.364,24.4,0,0
B102546,Services,MFI,50,102888.0,33,0,0.757,0.854,3,776656.0,0.377,15.8,0,0
B102547,Trade,Bank,27,30721.0,13,1,0.655,0.355,5,135111.0,0.22,12.5,0,1
B102548,Agriculture,Bank,40,15734.0,9,2,0.757,0.747,0,66884.0,0.213,17.7,0,0
B102549,Agriculture,Bank,21,22323.0,18,1,0.494,0.812,2,62196.0,0.139,10.1,1,1
B102550,Manufacturing,Bank,21,40748.0,56,0,0.892,0.579,4,243772.0,0.299,16.5,0,0
B102551,Manufacturing,Bank,29,65648.0,48,1,0.891,0.642,1,295200.0,0.225,16.7,0,0
B102552,Transport,MFI,39,16699.0,10,1,0.949,0.538,4,79609.0,0.238,21.9,0,0
B102553,Services,Digital Lender,52,34214.0,18,4,0.709,0.896,6,150436.0,0.22,60.9,0,0
B102554,Agriculture,SACCO,54,19224.0,100,0,0.745,0.576,2,42542.0,0.111,8.0,0,0
B102555,Personal/Household,SACCO,31,27429.0,92,2,0.946,0.844,1,161722.0,0.295,8.0,0,0
B102556,Trade,Bank,38,27204.0,42,0,0.705,0.69,2,149716.0,0.275,15.3,0,0
B102557,Agriculture,Digital Lender,44,36668.0,27,2,0.807,0.874,1,256577.0,0.35,163.7,0,1
B102558,Real Estate,Bank,43,90924.0,17,1,0.649,0.276,4,151998.0,0.084,13.8,0,0
B102559,Trade,Bank,33,38611.0,7,2,0.713,0.672,1,70460.0,0.091,13.8,0,0
B102560,Transport,MFI,36,23473.0,27,2,0.843,0.871,1,126471.0,0.269,15.1,0,0
B102561,Transport,Digital Lender,34,21436.0,2,2,0.829,0.771,1,74185.0,0.173,92.2,0,0
B102562,Personal/Household,Digital Lender,33,26770.0,65,3,0.715,0.464,2,175717.0,0.328,93.5,0,0
B102563,Manufacturing,Digital Lender,32,18409.0,75,2,0.753,0.433,1,64939.0,0.176,186.9,0,0
B102564,Transport,SACCO,34,32106.0,21,4,0.685,0.596,2,197048.0,0.307,12.7,0,0
B102565,Real Estate,MFI,31,8000.0,52,0,0.433,0.753,3,35943.0,0.225,16.6,0,0
B102566,Trade,SACCO,24,26472.0,22,3,0.739,0.76,3,77813.0,0.147,18.1,0,0
B102567,Trade,Bank,44,27650.0,79,3,0.691,0.515,2,84198.0,0.152,9.9,0,0
B102568,Transport,Bank,40,15704.0,74,2,0.804,0.89,1,118408.0,0.377,17.3,0,0
B102569,Services,Digital Lender,54,24096.0,5,3,0.74,0.708,1,176927.0,0.367,18.2,0,0
B102570,Trade,Digital Lender,39,55048.0,43,4,0.568,0.749,4,96512.0,0.088,51.7,0,0
B102571,Manufacturing,Bank,31,57275.0,14,2,0.889,0.735,3,197620.0,0.173,19.4,0,0
B102572,Personal/Household,Bank,29,22176.0,27,1,0.712,0.503,0,136382.0,0.307,10.6,0,0
B102573,Personal/Household,Bank,35,39653.0,30,0,0.481,0.719,3,74554.0,0.094,14.9,0,0
B102574,Manufacturing,MFI,41,13041.0,2,0,0.817,0.323,0,67678.0,0.259,20.4,0,0
B102575,Transport,Bank,33,25263.0,21,1,0.827,0.83,3,188607.0,0.373,15.3,0,0
B102576,Personal/Household,SACCO,20,33757.0,13,2,0.87,0.646,3,167189.0,0.248,9.3,0,0
B102577,Personal/Household,Bank,28,68859.0,82,2,0.967,0.708,1,486011.0,0.353,18.6,0,0
B102578,Trade,Bank,35,57299.0,20,3,0.866,0.594,2,265869.0,0.232,17.6,0,0
B102579,Services,Bank,42,33353.0,29,2,0.833,0.64,1,269284.0,0.404,15.0,0,1
B102580,Trade,Digital Lender,20,18010.0,26,2,0.539,0.838,4,75667.0,0.21,201.5,0,0
B102581,Personal/Household,Bank,38,62767.0,65,2,0.882,0.601,1,350968.0,0.28,14.7,0,0
B102582,Trade,MFI,37,24658.0,12,1,0.817,0.62,1,72122.0,0.146,24.3,0,1
B102583,Trade,SACCO,30,38050.0,54,1,0.811,0.709,5,314917.0,0.414,14.4,1,0
B102584,Trade,Digital Lender,29,27795.0,24,0,0.706,0.84,1,111843.0,0.201,103.2,0,1
B102585,Real Estate,Bank,28,88941.0,52,2,0.904,0.763,3,698250.0,0.393,15.6,0,0
B102586,Agriculture,SACCO,36,21258.0,21,0,0.757,0.538,1,88174.0,0.207,13.2,0,0
B102587,Trade,Bank,46,49214.0,21,0,0.822,0.512,2,257405.0,0.262,15.1,0,0
B102588,Real Estate,SACCO,47,28353.0,58,1,0.578,0.833,0,193808.0,0.342,13.2,0,1
B102589,Real Estate,MFI,24,40660.0,42,3,0.962,0.586,0,99441.0,0.122,16.2,0,0
B102590,Personal/Household,Digital Lender,33,72476.0,3,3,0.528,0.241,3,109978.0,0.076,8.0,0,1
B102591,Services,Digital Lender,18,9872.0,1,3,0.945,0.468,1,79394.0,0.402,208.4,0,0
B102592,Transport,Digital Lender,36,28682.0,7,2,0.741,0.668,4,92068.0,0.16,8.0,0,0
B102593,Trade,Digital Lender,41,18183.0,27,2,0.645,0.807,1,76101.0,0.209,262.4,0,0
B102594,Agriculture,Bank,51,37993.0,52,0,0.924,0.738,3,131500.0,0.173,12.5,0,0
B102595,Services,SACCO,18,43488.0,8,3,0.586,0.593,2,175708.0,0.202,11.5,0,0
B102596,Trade,Bank,24,22954.0,13,2,0.826,0.842,1,169311.0,0.369,15.2,0,0
B102597,Real Estate,Bank,36,22312.0,1,1,0.858,0.816,0,102269.0,0.229,16.3,0,0
B102598,Services,MFI,19,33259.0,41,2,0.931,0.484,1,127355.0,0.191,25.6,1,0
B102599,Services,SACCO,37,14761.0,11,2,0.944,0.67,2,41212.0,0.14,16.3,0,0
B102600,Real Estate,SACCO,41,35713.0,37,2,0.923,0.878,1,316142.0,0.443,13.8,0,0
B102601,Transport,Digital Lender,22,18963.0,44,2,0.879,0.728,1,130733.0,0.345,317.9,1,0
B102602,Real Estate,MFI,36,44512.0,18,1,0.451,0.679,1,353872.0,0.397,27.1,0,0
B102603,Personal/Household,Digital Lender,23,14403.0,77,3,0.918,0.521,1,68645.0,0.238,291.5,1,0
B102604,Trade,Digital Lender,49,21764.0,18,4,0.852,0.847,2,111990.0,0.257,243.2,1,0
B102605,Trade,Digital Lender,37,19670.0,5,0,0.673,0.981,1,119265.0,0.303,309.2,0,0
B102606,Transport,Bank,29,25236.0,2,3,0.325,0.617,3,159713.0,0.316,13.6,0,1
B102607,Agriculture,MFI,23,63385.0,62,0,0.669,0.9,2,157367.0,0.124,17.9,1,0
B102608,Transport,SACCO,39,47348.0,6,1,0.733,0.735,4,233117.0,0.246,17.4,0,0
B102609,Agriculture,Digital Lender,49,22838.0,16,1,0.87,0.554,1,149436.0,0.327,142.2,0,0
B102610,Services,Bank,27,22827.0,50,0,0.671,0.24,4,74558.0,0.163,17.8,0,1
B102611,Personal/Household,Bank,31,48384.0,16,3,0.567,0.402,1,140152.0,0.145,10.8,0,0
B102612,Manufacturing,Bank,27,15675.0,10,5,0.636,0.809,1,114770.0,0.366,12.5,0,1
B102613,Personal/Household,Bank,51,30101.0,49,2,0.947,0.387,1,107547.0,0.179,12.5,0,0
B102614,Agriculture,Digital Lender,18,21308.0,122,2,0.634,0.618,0,185019.0,0.434,281.0,0,0
B102615,Manufacturing,Bank,48,27053.0,16,0,0.831,0.901,4,80214.0,0.148,15.5,1,1
B102616,Trade,Bank,31,46398.0,28,0,0.585,0.835,2,413092.0,0.445,13.3,0,0
B102617,Personal/Household,SACCO,34,20577.0,43,2,0.983,0.664,1,92538.0,0.225,11.2,1,0
B102618,Personal/Household,MFI,32,50807.0,30,5,0.669,0.792,1,122276.0,0.12,18.2,0,0
B102619,Services,Bank,37,99685.0,28,1,0.802,0.547,5,846307.0,0.424,14.6,0,0
B102620,Personal/Household,SACCO,28,41448.0,6,1,0.892,0.834,2,368079.0,0.444,12.8,0,0
B102621,Services,MFI,46,28389.0,0,0,0.679,0.921,2,199001.0,0.35,20.8,1,0
B102622,Agriculture,Digital Lender,46,56186.0,25,3,0.887,0.873,5,473412.0,0.421,151.6,0,0
B102623,Services,SACCO,25,16157.0,44,3,0.597,0.465,0,25730.0,0.08,13.6,0,0
B102624,Manufacturing,Digital Lender,42,68637.0,8,4,0.712,0.568,4,263179.0,0.192,84.5,0,1
B102625,Real Estate,Bank,31,19650.0,11,2,0.664,0.661,1,151612.0,0.386,13.7,0,0
B102626,Manufacturing,Digital Lender,36,97973.0,23,1,0.617,0.406,2,348800.0,0.178,184.6,0,0
B102627,Agriculture,MFI,50,20042.0,11,3,0.709,0.502,0,45304.0,0.113,17.5,0,0
B102628,Agriculture,SACCO,28,42785.0,32,0,0.626,0.846,3,335458.0,0.392,9.5,1,1
B102629,Agriculture,MFI,44,12610.0,2,1,0.553,0.582,0,38786.0,0.154,17.4,0,0
B102630,Trade,Bank,40,26442.0,10,0,0.704,0.522,4,204805.0,0.387,15.4,0,0
B102631,Manufacturing,Bank,33,16419.0,25,0,0.917,0.627,2,93333.0,0.284,15.3,0,0
B102632,Services,Digital Lender,39,13456.0,42,2,0.569,0.474,1,44286.0,0.165,36.2,0,0
B102633,Transport,Digital Lender,37,57701.0,64,1,0.918,0.539,4,176346.0,0.153,64.1,0,0
B102634,Manufacturing,Bank,23,15136.0,16,1,0.961,0.458,0,119160.0,0.394,14.9,0,0
B102635,Real Estate,SACCO,29,19845.0,60,0,0.843,0.818,1,153872.0,0.388,15.1,0,0
B102636,Real Estate,SACCO,25,18613.0,18,2,0.569,0.72,2,74867.0,0.201,10.2,1,0
B102637,Trade,MFI,32,55649.0,120,2,0.786,0.787,1,104127.0,0.094,17.2,0,0
B102638,Personal/Household,Bank,48,52033.0,36,1,0.686,0.875,3,101780.0,0.098,14.8,1,0
B102639,Trade,Digital Lender,41,59794.0,39,0,0.713,0.391,5,422377.0,0.353,274.6,0,1
B102640,Personal/Household,SACCO,21,19292.0,9,5,0.784,0.467,4,79599.0,0.206,9.2,0,0
B102641,Personal/Household,SACCO,32,62460.0,57,0,0.983,0.662,4,220310.0,0.176,9.6,1,0
B102642,Manufacturing,SACCO,37,19202.0,125,0,0.816,0.766,4,52499.0,0.137,16.1,0,0
B102643,Personal/Household,SACCO,42,19632.0,26,2,0.654,0.826,2,169548.0,0.432,15.9,0,0
B102644,Agriculture,Bank,28,20246.0,18,0,0.81,0.352,1,158802.0,0.392,12.4,1,0
B102645,Services,Digital Lender,23,20655.0,3,4,0.721,0.42,2,123870.0,0.3,366.7,0,1
B102646,Personal/Household,Bank,34,28284.0,25,2,0.867,0.784,0,246194.0,0.435,19.2,0,0
B102647,Personal/Household,Digital Lender,41,18746.0,16,3,0.438,0.488,0,109928.0,0.293,133.6,1,0
B102648,Transport,Digital Lender,37,33768.0,67,2,0.696,0.742,2,186386.0,0.276,188.6,0,0
B102649,Personal/Household,SACCO,26,8000.0,34,0,0.728,0.505,3,14273.0,0.089,15.8,0,0
B102650,Services,SACCO,53,33708.0,26,2,0.774,0.823,2,141857.0,0.21,11.1,0,0
B102651,Real Estate,Bank,34,16329.0,43,2,0.743,0.625,2,37036.0,0.113,10.8,0,0
B102652,Personal/Household,MFI,37,20575.0,30,0,0.584,0.565,1,70499.0,0.171,21.1,0,0
B102653,Personal/Household,SACCO,28,20850.0,2,0,0.698,0.32,1,69305.0,0.166,12.0,0,1
B102654,Real Estate,Bank,46,49948.0,11,2,0.893,0.563,0,195494.0,0.196,19.8,0,0
B102655,Services,Bank,41,39243.0,10,0,0.747,0.514,0,98598.0,0.126,16.7,1,1
B102656,Real Estate,Digital Lender,38,27145.0,65,4,0.861,0.721,1,167193.0,0.308,155.2,0,0
B102657,Manufacturing,Bank,23,20063.0,40,0,0.319,0.544,0,157499.0,0.392,14.1,0,0
B102658,Trade,Bank,46,45733.0,75,0,0.564,0.561,0,208807.0,0.228,14.5,0,0
B102659,Agriculture,Bank,43,79785.0,24,2,0.576,0.733,4,384771.0,0.241,15.4,0,0
B102660,Personal/Household,SACCO,45,29278.0,33,4,0.662,0.634,1,229804.0,0.392,15.8,0,0
B102661,Real Estate,MFI,35,12344.0,3,3,0.634,0.809,3,32569.0,0.132,16.0,0,1
B102662,Real Estate,Digital Lender,34,20199.0,55,1,0.567,0.935,2,113908.0,0.282,176.8,0,0
B102663,Agriculture,MFI,33,40440.0,37,1,0.801,0.555,3,254200.0,0.314,18.7,0,0
B102664,Manufacturing,Bank,58,23307.0,101,0,0.722,0.406,0,157500.0,0.338,12.0,1,1
B102665,Personal/Household,MFI,30,18541.0,8,5,0.824,0.698,2,93225.0,0.251,13.5,0,1
B102666,Services,Bank,23,18102.0,39,0,0.976,0.46,2,146024.0,0.403,16.2,0,0
B102667,Trade,Digital Lender,31,31270.0,28,2,0.834,0.435,2,96929.0,0.155,67.8,0,0
B102668,Manufacturing,Bank,30,12790.0,40,3,0.762,0.556,1,42022.0,0.164,14.8,1,0
B102669,Real Estate,Bank,48,29171.0,15,4,0.591,0.711,5,125036.0,0.214,12.3,0,0
B102670,Transport,MFI,21,31215.0,4,2,0.5,0.445,2,166321.0,0.266,17.6,0,0
B102671,Real Estate,Bank,29,23220.0,9,1,0.542,0.642,4,143952.0,0.31,14.9,0,0
B102672,Real Estate,MFI,37,16755.0,69,2,0.811,0.625,1,59662.0,0.178,9.3,0,0
B102673,Real Estate,MFI,48,52058.0,80,0,0.86,0.781,1,315277.0,0.303,22.6,0,0
B102674,Transport,Digital Lender,42,14285.0,7,2,0.81,0.918,2,128235.0,0.449,186.6,0,0
B102675,Manufacturing,Bank,51,32696.0,56,0,0.869,0.786,3,269471.0,0.412,12.4,0,0
B102676,Real Estate,MFI,38,44368.0,16,0,0.986,0.854,1,141619.0,0.16,17.9,0,0
B102677,Personal/Household,SACCO,33,32458.0,8,0,0.437,0.75,3,229586.0,0.354,11.7,0,0
B102678,Personal/Household,Bank,44,58522.0,68,1,0.791,0.726,1,382317.0,0.327,16.2,0,0
B102679,Agriculture,SACCO,21,15923.0,39,0,0.76,0.747,1,83235.0,0.261,8.2,0,0
B102680,Personal/Household,Digital Lender,18,19245.0,48,5,0.938,0.661,1,167559.0,0.435,8.0,0,0
B102681,Personal/Household,Digital Lender,45,23071.0,16,1,0.807,0.643,4,43881.0,0.095,95.4,0,0
B102682,Trade,Digital Lender,37,181658.0,36,1,0.899,0.697,2,561446.0,0.155,192.7,0,0
B102683,Transport,SACCO,45,39312.0,17,0,0.908,0.733,3,83056.0,0.106,11.8,0,0
B102684,Agriculture,Bank,26,43576.0,93,1,0.771,0.681,6,84264.0,0.097,10.4,0,0
B102685,Personal/Household,Digital Lender,48,42589.0,26,2,0.715,0.351,1,278978.0,0.328,164.2,0,0
B102686,Agriculture,Bank,42,31050.0,3,1,0.726,0.819,4,52207.0,0.084,13.9,0,0
B102687,Transport,SACCO,35,52955.0,3,0,0.706,0.61,2,301560.0,0.285,8.3,0,0
B102688,Agriculture,Digital Lender,37,10629.0,4,6,0.723,0.665,1,64354.0,0.303,123.1,0,1
B102689,Manufacturing,Digital Lender,38,34625.0,34,2,0.715,0.375,3,129455.0,0.187,108.8,0,0
B102690,Services,Digital Lender,26,37629.0,12,4,0.813,0.989,0,60438.0,0.08,41.0,0,0
B102691,Real Estate,Bank,31,52065.0,17,2,0.912,0.777,1,317926.0,0.305,13.2,0,0
B102692,Personal/Household,SACCO,38,15747.0,29,2,0.679,0.384,0,117251.0,0.372,9.4,0,0
B102693,Services,Bank,31,16397.0,20,0,0.655,0.641,1,44347.0,0.135,13.4,0,0
B102694,Personal/Household,Digital Lender,20,16977.0,48,3,0.864,0.651,1,113474.0,0.334,37.5,0,0
B102695,Trade,SACCO,38,39627.0,69,0,0.519,0.75,0,288453.0,0.364,9.2,0,1
B102696,Personal/Household,Bank,43,39940.0,65,2,0.7,0.471,1,262166.0,0.328,15.6,0,0
B102697,Trade,Digital Lender,46,17634.0,55,1,0.714,0.548,4,39066.0,0.111,154.3,0,1
B102698,Real Estate,MFI,40,85208.0,39,3,0.772,0.859,1,299871.0,0.176,21.3,0,0
B102699,Personal/Household,MFI,43,34805.0,60,2,0.449,0.68,3,295320.0,0.424,21.2,1,0
B102700,Personal/Household,Digital Lender,45,31835.0,22,3,0.837,0.653,0,142140.0,0.223,128.2,0,0
B102701,Manufacturing,SACCO,36,26524.0,19,0,0.813,0.542,1,59413.0,0.112,11.8,0,0
B102702,Real Estate,SACCO,18,49601.0,39,2,0.449,0.711,2,228619.0,0.23,8.0,0,1
B102703,Personal/Household,Bank,47,36836.0,100,0,0.781,0.864,0,279297.0,0.379,15.3,0,0
B102704,Personal/Household,Bank,26,84071.0,51,2,0.719,0.651,2,221850.0,0.132,12.3,0,0
B102705,Real Estate,Bank,24,15250.0,49,1,0.904,0.574,1,119811.0,0.393,17.0,0,0
B102706,Services,Bank,24,12707.0,24,2,0.783,0.524,2,97788.0,0.385,13.1,0,0
B102707,Agriculture,Bank,60,19791.0,17,1,0.742,0.801,3,62151.0,0.157,15.4,0,0
B102708,Trade,MFI,39,40310.0,11,2,0.596,0.71,2,179795.0,0.223,15.9,0,0
B102709,Transport,SACCO,25,23495.0,3,2,0.811,0.401,2,108664.0,0.231,15.2,0,0
B102710,Services,Bank,28,59818.0,12,1,0.578,0.683,6,502122.0,0.42,16.1,0,0
B102711,Agriculture,SACCO,35,23946.0,3,4,0.754,0.641,2,194874.0,0.407,15.2,0,1
B102712,Agriculture,Digital Lender,40,53909.0,3,2,0.586,0.45,2,320037.0,0.297,294.2,0,0
B102713,Trade,Bank,38,18828.0,7,1,0.592,0.494,3,104989.0,0.279,14.4,0,0
B102714,Personal/Household,SACCO,26,56993.0,36,2,0.918,0.658,1,297783.0,0.261,10.6,1,0
B102715,Agriculture,Bank,38,63135.0,60,2,0.683,0.456,3,193065.0,0.153,9.2,0,0
B102716,Manufacturing,MFI,29,21794.0,115,1,0.407,0.879,2,92752.0,0.213,18.4,0,0
B102717,Services,SACCO,45,38920.0,2,1,0.851,0.777,3,326999.0,0.42,8.5,0,1
B102718,Trade,Bank,36,34449.0,25,1,0.46,0.661,1,75339.0,0.109,18.5,0,0
B102719,Manufacturing,Bank,27,39505.0,7,2,0.754,0.575,2,285410.0,0.361,13.8,0,0
B102720,Manufacturing,Digital Lender,42,60261.0,32,2,0.411,0.88,1,159162.0,0.132,90.8,1,1
B102721,Personal/Household,Bank,39,50780.0,16,2,0.843,0.679,1,137566.0,0.135,11.6,0,0
B102722,Agriculture,SACCO,30,39449.0,59,1,0.842,0.625,0,233522.0,0.296,9.4,0,0
B102723,Real Estate,SACCO,42,42816.0,2,0,0.577,0.4,2,216967.0,0.253,16.6,0,0
B102724,Trade,Bank,41,14793.0,86,1,0.746,0.414,1,54936.0,0.186,16.7,0,0
B102725,Personal/Household,SACCO,47,29071.0,59,3,0.867,0.409,3,152093.0,0.262,15.3,0,0
B102726,Personal/Household,MFI,42,16223.0,31,2,0.766,0.472,1,70737.0,0.218,18.3,0,0
B102727,Trade,Bank,33,29437.0,4,0,0.684,0.731,2,103426.0,0.176,14.9,0,0
B102728,Real Estate,Digital Lender,18,54954.0,60,1,0.98,0.512,2,377727.0,0.344,113.4,0,0
B102729,Services,MFI,37,29617.0,16,1,0.712,0.804,0,62622.0,0.106,25.8,0,0
B102730,Trade,SACCO,38,8000.0,30,0,0.825,0.76,0,71072.0,0.444,9.6,0,0
B102731,Agriculture,Bank,36,16718.0,68,2,0.61,0.922,3,137102.0,0.41,15.5,0,0
B102732,Manufacturing,Bank,18,40929.0,77,0,0.944,0.533,3,68489.0,0.084,15.4,0,0
B102733,Agriculture,SACCO,42,22103.0,9,0,0.761,0.781,0,104704.0,0.237,9.1,0,0
B102734,Agriculture,SACCO,26,45758.0,85,0,0.734,0.634,3,318277.0,0.348,11.3,0,0
B102735,Real Estate,Bank,42,15307.0,17,1,0.894,0.915,3,59350.0,0.194,11.7,0,0
B102736,Trade,SACCO,52,36678.0,2,2,0.678,0.668,5,292258.0,0.398,8.0,0,0
B102737,Manufacturing,MFI,32,37706.0,10,4,0.696,0.733,1,176845.0,0.235,21.8,0,0
B102738,Personal/Household,Bank,39,45910.0,94,1,0.459,0.336,2,182735.0,0.199,18.8,0,0
B102739,Manufacturing,Digital Lender,35,20736.0,10,5,0.878,0.719,0,183290.0,0.442,221.5,0,0
B102740,Trade,SACCO,40,45656.0,29,4,0.64,0.724,0,408016.0,0.447,16.2,0,0
B102741,Personal/Household,MFI,36,68091.0,17,2,0.9,0.752,0,422819.0,0.31,24.3,0,0
B102742,Trade,Digital Lender,30,8519.0,64,2,0.767,0.925,3,41804.0,0.245,84.1,0,0
B102743,Personal/Household,MFI,26,30590.0,21,0,0.877,0.721,1,205771.0,0.336,27.3,0,0
B102744,Agriculture,Digital Lender,51,11009.0,19,2,0.689,0.618,3,51085.0,0.232,174.3,1,0
B102745,Personal/Household,Digital Lender,39,18525.0,75,0,0.973,0.651,0,70072.0,0.189,45.9,0,0
B102746,Trade,Bank,43,19376.0,52,4,0.596,0.654,3,169079.0,0.436,12.9,0,0
B102747,Trade,MFI,39,28666.0,5,3,0.768,0.693,1,157345.0,0.274,22.1,0,1
B102748,Manufacturing,Digital Lender,45,36594.0,39,2,0.626,0.483,0,302175.0,0.413,8.0,0,0
B102749,Trade,Digital Lender,26,48910.0,16,3,0.933,0.811,3,119413.0,0.122,95.5,0,0
B102750,Agriculture,Bank,36,34379.0,3,5,0.713,0.649,1,61415.0,0.089,15.4,0,1
B102751,Personal/Household,Bank,40,43066.0,19,1,0.975,0.939,3,180637.0,0.21,17.8,0,0
B102752,Personal/Household,Bank,48,16429.0,23,3,0.98,0.395,0,95391.0,0.29,10.9,0,0
B102753,Trade,Digital Lender,62,53165.0,12,4,0.809,0.753,1,355970.0,0.335,313.7,0,1
B102754,Services,Digital Lender,39,8000.0,2,4,0.704,0.649,2,32223.0,0.201,100.4,0,0
B102755,Personal/Household,Digital Lender,28,68850.0,24,2,0.601,0.721,3,609940.0,0.443,155.8,0,0
B102756,Personal/Household,Bank,23,62378.0,18,1,0.766,0.543,1,208801.0,0.167,15.2,0,0
B102757,Personal/Household,Digital Lender,26,44915.0,4,3,0.849,0.71,1,235671.0,0.262,58.9,0,0
B102758,Transport,Bank,27,101309.0,27,6,0.663,0.808,0,622450.0,0.307,17.5,0,0
B102759,Manufacturing,MFI,18,11025.0,70,2,0.701,0.403,2,76358.0,0.346,17.4,0,0
B102760,Transport,Bank,28,45647.0,82,0,0.948,0.628,0,177866.0,0.195,15.4,0,0
B102761,Services,MFI,42,32026.0,6,2,0.766,0.79,1,189968.0,0.297,26.0,0,0
B102762,Trade,MFI,36,34004.0,24,1,0.404,0.633,1,110501.0,0.162,14.9,0,0
B102763,Agriculture,Bank,32,15678.0,6,1,0.841,0.763,2,31701.0,0.101,13.8,0,1
B102764,Trade,Bank,19,36943.0,51,1,0.51,0.87,0,274048.0,0.371,14.0,0,0
B102765,Services,Digital Lender,46,36001.0,0,0,0.505,0.824,3,274319.0,0.381,110.9,0,0
B102766,Real Estate,Bank,40,20348.0,19,0,0.692,0.633,4,131790.0,0.324,13.6,0,0
B102767,Transport,MFI,35,28630.0,8,2,0.893,0.753,1,194735.0,0.34,25.3,0,0
B102768,Personal/Household,Bank,18,14429.0,15,1,0.671,0.794,0,99921.0,0.346,12.5,0,0
B102769,Services,Bank,30,23921.0,38,2,0.863,0.762,1,76496.0,0.16,15.3,0,0
B102770,Trade,Bank,39,50435.0,2,1,0.577,0.59,2,245556.0,0.243,14.3,1,0
B102771,Personal/Household,SACCO,35,50993.0,11,1,0.874,0.493,1,228788.0,0.224,15.5,0,0
B102772,Services,MFI,37,45378.0,28,1,0.846,0.872,4,342637.0,0.378,19.3,0,0
B102773,Trade,Bank,42,50424.0,5,2,0.814,0.754,1,309788.0,0.307,18.5,1,0
B102774,Personal/Household,Digital Lender,37,50788.0,54,2,0.928,0.821,2,252563.0,0.249,163.4,0,0
B102775,Agriculture,Bank,41,20870.0,28,3,0.786,0.694,0,77756.0,0.186,12.8,0,1
B102776,Transport,Digital Lender,27,35838.0,8,1,0.708,0.337,2,216702.0,0.302,101.8,0,0
B102777,Manufacturing,Bank,23,54053.0,4,1,0.774,0.498,3,468918.0,0.434,14.5,1,0
B102778,Agriculture,Digital Lender,40,13922.0,14,2,0.698,0.798,2,103014.0,0.37,213.1,1,0
B102779,Trade,Bank,42,13878.0,22,2,0.864,0.509,2,72509.0,0.261,17.4,0,1
B102780,Trade,MFI,40,13462.0,8,2,0.925,0.758,3,31875.0,0.118,17.8,0,0
B102781,Trade,SACCO,36,11136.0,15,4,0.757,0.758,2,68735.0,0.309,15.9,0,0
B102782,Transport,MFI,32,16682.0,93,0,0.539,0.664,1,86704.0,0.26,21.8,0,0
B102783,Agriculture,Digital Lender,37,22270.0,2,4,0.549,0.482,3,163458.0,0.367,122.9,0,0
B102784,Trade,Bank,39,68307.0,6,1,0.775,0.66,2,503912.0,0.369,17.5,0,0
B102785,Personal/Household,MFI,39,23374.0,12,1,0.857,0.678,2,77242.0,0.165,18.6,0,0
B102786,Personal/Household,Digital Lender,61,12913.0,11,3,0.805,0.63,3,66297.0,0.257,77.1,0,1
B102787,Manufacturing,Digital Lender,26,32578.0,8,4,0.914,0.518,1,49599.0,0.076,95.5,0,0
B102788,Services,MFI,67,26798.0,9,2,0.897,0.777,2,237889.0,0.444,17.5,0,0
B102789,Real Estate,MFI,22,19338.0,61,1,0.797,0.793,1,49733.0,0.129,19.0,0,0
B102790,Personal/Household,Digital Lender,39,21510.0,48,4,0.723,0.296,0,191418.0,0.445,88.2,1,0
B102791,Trade,Digital Lender,23,53471.0,11,5,0.798,0.297,2,426627.0,0.399,83.8,0,0
B102792,Personal/Household,Digital Lender,38,13692.0,17,3,0.951,0.853,1,46131.0,0.168,282.5,0,0
B102793,Services,Digital Lender,45,11894.0,39,3,0.687,0.52,1,52363.0,0.22,223.8,0,0
B102794,Personal/Household,MFI,35,38436.0,8,2,0.743,0.58,2,212344.0,0.276,21.4,0,0
B102795,Manufacturing,SACCO,45,21212.0,12,0,0.886,0.354,1,80648.0,0.19,14.6,0,0
B102796,Transport,MFI,31,69823.0,22,3,0.775,0.763,2,515051.0,0.369,17.6,0,0
B102797,Agriculture,Bank,18,27313.0,5,0,0.709,0.601,0,135265.0,0.248,13.6,1,0
B102798,Transport,Digital Lender,41,28136.0,8,2,0.868,0.48,2,191160.0,0.34,250.2,0,0
B102799,Personal/Household,SACCO,35,45826.0,32,3,0.871,0.654,1,391167.0,0.427,13.9,0,0
B102800,Services,Bank,30,11853.0,19,1,0.756,0.656,2,54286.0,0.229,16.6,0,0
B102801,Manufacturing,SACCO,31,35799.0,15,0,0.786,0.678,1,140026.0,0.196,13.2,0,0
B102802,Trade,Bank,39,24316.0,49,1,0.787,0.742,3,46474.0,0.096,13.7,0,0
B102803,Transport,Bank,27,52300.0,13,2,0.941,0.773,0,98268.0,0.094,14.4,0,1
B102804,Trade,SACCO,39,20833.0,24,3,0.772,0.685,2,178401.0,0.428,18.6,0,1
B102805,Agriculture,SACCO,47,32769.0,90,1,0.66,0.632,0,293248.0,0.447,8.3,0,0
B102806,Agriculture,MFI,56,24406.0,26,3,0.6,0.828,3,135200.0,0.277,26.9,1,1
B102807,Personal/Household,Bank,49,37313.0,13,1,0.714,0.781,2,100620.0,0.135,15.5,0,0
B102808,Trade,MFI,37,25897.0,4,1,0.872,0.727,2,226777.0,0.438,22.3,0,0
B102809,Trade,Bank,38,34347.0,17,1,0.599,0.786,3,75783.0,0.11,18.4,0,1
B102810,Trade,Digital Lender,31,77986.0,9,2,0.746,0.78,3,627988.0,0.403,198.7,0,0
B102811,Personal/Household,Bank,30,25405.0,18,1,0.858,0.762,0,50678.0,0.1,16.8,0,0
B102812,Personal/Household,Digital Lender,44,37105.0,8,3,0.939,0.783,3,224117.0,0.302,74.7,0,0
B102813,Trade,Bank,32,104564.0,1,0,0.961,0.579,2,189959.0,0.091,12.9,0,0
B102814,Trade,Bank,39,36843.0,5,1,0.8,0.467,1,174248.0,0.236,15.7,0,0
B102815,Manufacturing,MFI,25,8000.0,0,0,0.691,0.827,4,56556.0,0.353,28.0,0,1
B102816,Agriculture,Digital Lender,49,20610.0,3,1,0.822,0.831,5,182240.0,0.442,248.7,0,0
B102817,Transport,Digital Lender,32,15336.0,16,2,0.663,0.899,5,24495.0,0.08,124.5,0,0
B102818,Real Estate,MFI,46,49369.0,84,1,0.838,0.661,0,230056.0,0.233,16.0,1,1
B102819,Services,Bank,28,28237.0,32,0,0.919,0.504,1,53500.0,0.095,13.7,0,0
B102820,Agriculture,Bank,27,53366.0,2,2,0.622,0.711,0,153016.0,0.143,14.6,0,0
B102821,Transport,SACCO,48,41621.0,12,1,0.809,0.716,2,168255.0,0.202,12.3,0,0
B102822,Trade,Bank,29,41522.0,67,3,0.663,0.689,0,171400.0,0.206,14.7,0,0
B102823,Services,Digital Lender,19,15172.0,9,1,0.821,0.808,2,128209.0,0.423,210.1,1,0
B102824,Services,MFI,25,39249.0,17,2,0.652,0.483,2,318267.0,0.405,15.3,0,0
B102825,Personal/Household,Digital Lender,44,63046.0,54,2,0.668,0.686,2,222312.0,0.176,108.3,0,0
B102826,Real Estate,Digital Lender,43,13415.0,17,4,0.826,0.743,1,25280.0,0.094,132.2,0,0
B102827,Trade,Bank,27,24974.0,2,0,0.909,0.74,1,98527.0,0.197,11.7,0,1
B102828,Personal/Household,MFI,29,36132.0,12,1,0.787,0.434,1,317601.0,0.439,20.5,0,0
B102829,Personal/Household,Digital Lender,42,31379.0,77,1,0.405,0.73,1,270141.0,0.43,304.0,0,0
B102830,Agriculture,MFI,48,65521.0,192,0,0.906,0.911,1,109372.0,0.083,17.6,0,0
B102831,Real Estate,MFI,34,44386.0,155,3,0.664,0.681,2,351995.0,0.397,27.9,0,0
B102832,Real Estate,Digital Lender,41,37173.0,19,3,0.745,0.555,2,293852.0,0.395,109.6,0,0
B102833,Personal/Household,Bank,44,46615.0,16,2,0.885,0.72,2,153724.0,0.165,14.7,0,0
B102834,Personal/Household,Digital Lender,57,45268.0,31,5,0.637,0.846,2,166308.0,0.184,237.1,0,0
B102835,Transport,Bank,23,30412.0,22,0,0.948,0.527,1,75761.0,0.125,15.8,0,0
B102836,Transport,SACCO,28,24461.0,55,3,0.743,0.716,2,92458.0,0.189,11.7,0,0
B102837,Agriculture,Bank,30,51260.0,3,1,0.731,0.681,3,359678.0,0.351,15.3,0,0
B102838,Agriculture,MFI,43,19758.0,17,2,0.838,0.963,1,100158.0,0.253,16.5,0,0
B102839,Trade,Bank,32,28574.0,16,4,0.83,0.568,2,55537.0,0.097,16.3,0,0
B102840,Personal/Household,Bank,38,15737.0,0,1,0.732,0.673,1,63078.0,0.2,14.6,0,0
B102841,Real Estate,MFI,36,44463.0,4,3,0.903,0.514,2,305272.0,0.343,16.8,0,0
B102842,Real Estate,Bank,35,58565.0,62,2,0.737,0.607,0,229391.0,0.196,12.3,0,0
B102843,Agriculture,SACCO,36,17773.0,16,1,0.713,0.858,3,33306.0,0.094,9.1,0,0
B102844,Trade,Bank,45,27319.0,1,0,0.588,0.914,1,139953.0,0.256,15.8,0,0
B102845,Transport,Bank,25,22833.0,50,2,0.947,0.912,3,49104.0,0.108,13.4,0,0
B102846,Agriculture,Bank,34,53714.0,41,2,0.932,0.446,1,370598.0,0.345,13.6,0,1
B102847,Trade,MFI,23,64818.0,49,1,0.899,0.795,2,267753.0,0.207,22.0,0,0
B102848,Personal/Household,Bank,37,22845.0,14,2,0.562,0.599,1,126912.0,0.278,12.7,0,0
B102849,Agriculture,Bank,33,8000.0,11,1,0.875,0.726,1,12062.0,0.075,13.7,0,0
B102850,Real Estate,SACCO,46,56052.0,27,3,0.306,0.803,0,479967.0,0.428,13.1,0,0
B102851,Real Estate,SACCO,35,30479.0,3,0,0.516,0.675,2,58177.0,0.095,13.5,1,0
B102852,Personal/Household,SACCO,31,30544.0,4,0,0.604,0.848,0,180958.0,0.296,9.9,0,0
B102853,Agriculture,Bank,33,50516.0,18,2,0.59,0.787,4,438465.0,0.434,13.0,0,0
B102854,Personal/Household,Digital Lender,52,24338.0,40,0,0.656,0.772,1,124091.0,0.255,8.0,0,0
B102855,Services,SACCO,19,21022.0,13,5,0.885,0.853,1,166538.0,0.396,14.3,0,0
B102856,Transport,SACCO,29,24449.0,108,2,0.568,0.236,0,175332.0,0.359,10.0,0,0
B102857,Real Estate,Bank,35,38910.0,30,1,0.892,0.906,2,181390.0,0.233,18.8,0,0
B102858,Personal/Household,Bank,29,48215.0,117,2,0.943,0.825,1,228192.0,0.237,15.7,1,0
B102859,Real Estate,MFI,40,73001.0,26,0,0.773,0.527,3,599665.0,0.411,17.0,0,0
B102860,Real Estate,Bank,34,37118.0,31,3,0.932,0.829,1,90102.0,0.121,16.4,0,0
B102861,Manufacturing,SACCO,38,27459.0,36,3,0.869,0.666,2,217585.0,0.396,13.2,0,0
B102862,Agriculture,Bank,36,48407.0,244,2,0.743,0.451,1,251405.0,0.26,15.6,0,0
B102863,Trade,Bank,34,17428.0,10,0,0.74,0.792,1,151092.0,0.433,15.9,1,1
B102864,Real Estate,Bank,22,64904.0,13,0,0.808,0.832,0,481013.0,0.371,16.1,1,0
B102865,Trade,Bank,37,33398.0,8,2,0.608,0.695,1,60522.0,0.091,12.2,0,0
B102866,Real Estate,MFI,18,26218.0,17,2,0.897,0.972,2,78697.0,0.15,20.6,1,0
B102867,Manufacturing,Bank,28,17459.0,77,4,0.907,0.679,1,31430.0,0.09,13.0,0,0
B102868,Services,MFI,40,41974.0,18,2,0.697,0.736,2,101972.0,0.121,21.4,0,0
B102869,Trade,Bank,47,25480.0,9,0,0.95,0.403,1,222818.0,0.437,14.9,0,0
B102870,Transport,MFI,58,28230.0,8,2,0.442,0.667,1,94664.0,0.168,19.6,0,1
B102871,Real Estate,Digital Lender,31,11859.0,110,0,0.6,0.357,6,32712.0,0.138,194.3,0,0
B102872,Trade,Digital Lender,26,23410.0,7,3,0.883,0.826,0,207510.0,0.443,150.3,0,0
B102873,Agriculture,MFI,40,21749.0,1,1,0.961,0.735,1,33991.0,0.078,21.3,0,1
B102874,Trade,MFI,54,37429.0,26,2,0.95,0.753,0,207546.0,0.277,16.8,0,0
B102875,Trade,SACCO,50,25663.0,1,0,0.763,0.858,2,50972.0,0.099,11.6,0,0
B102876,Agriculture,Digital Lender,25,8000.0,13,4,0.891,0.512,1,49439.0,0.309,178.3,0,0
B102877,Real Estate,MFI,34,23665.0,38,1,0.86,0.762,5,106869.0,0.226,8.6,1,0
B102878,Manufacturing,Bank,44,13360.0,17,1,0.484,0.728,2,97035.0,0.363,17.4,0,0
B102879,Trade,Digital Lender,44,16755.0,7,2,0.479,0.672,2,64063.0,0.191,183.6,0,1
B102880,Trade,Bank,41,51644.0,9,0,0.88,0.348,4,125467.0,0.121,17.2,1,1
B102881,Trade,Digital Lender,31,11744.0,17,6,0.654,0.543,0,35819.0,0.152,152.0,1,0
B102882,Manufacturing,Bank,41,34967.0,3,4,0.703,0.685,2,83579.0,0.12,17.8,0,1
B102883,Agriculture,Bank,44,22495.0,8,2,0.506,0.444,0,160907.0,0.358,15.9,0,1
B102884,Manufacturing,Digital Lender,26,20231.0,29,1,0.311,0.696,1,106639.0,0.264,176.0,0,0
B102885,Agriculture,SACCO,48,17350.0,4,2,0.538,0.334,3,59820.0,0.172,13.2,0,1
B102886,Trade,MFI,45,35445.0,72,2,0.752,0.504,0,118447.0,0.167,18.0,0,0
B102887,Services,Digital Lender,28,37703.0,1,3,0.903,0.841,0,148354.0,0.197,224.1,0,0
B102888,Trade,Digital Lender,44,11512.0,1,6,0.964,0.634,2,51500.0,0.224,113.1,0,0
B102889,Trade,MFI,43,55982.0,18,1,0.638,0.692,4,433132.0,0.387,28.6,0,0
B102890,Trade,Digital Lender,44,15484.0,71,4,0.905,0.259,1,27225.0,0.088,82.9,0,0
B102891,Services,Bank,51,36818.0,7,0,0.643,0.804,2,271470.0,0.369,13.6,0,0
B102892,Transport,Bank,35,15529.0,5,2,0.779,0.582,2,45306.0,0.146,14.5,0,1
B102893,Transport,Digital Lender,38,23098.0,6,2,0.77,0.735,0,102738.0,0.222,62.9,0,0
B102894,Services,MFI,18,14716.0,90,4,0.609,0.326,1,45007.0,0.153,17.7,0,0
B102895,Trade,Digital Lender,46,22230.0,1,2,0.848,0.333,1,49678.0,0.112,47.9,0,0
B102896,Services,Bank,45,26621.0,49,1,0.898,0.492,1,196536.0,0.369,16.4,0,0
B102897,Trade,Bank,49,15802.0,79,0,0.71,0.483,1,140896.0,0.446,16.2,0,0
B102898,Transport,Bank,26,35346.0,19,3,0.554,0.729,1,133318.0,0.189,10.4,0,0
B102899,Real Estate,SACCO,45,37987.0,9,1,0.339,0.44,2,292046.0,0.384,12.0,0,0
B102900,Real Estate,Digital Lender,45,131705.0,30,3,0.356,0.851,2,333810.0,0.127,160.8,0,0
B102901,Services,MFI,28,49552.0,4,2,0.819,0.515,2,82252.0,0.083,18.7,0,0
B102902,Trade,Bank,46,56785.0,19,2,0.61,0.753,2,211159.0,0.186,14.3,1,0
B102903,Services,Bank,40,11238.0,9,1,0.552,0.886,1,90026.0,0.401,14.8,0,1
B102904,Agriculture,Bank,18,10126.0,5,0,0.766,0.567,0,36608.0,0.181,18.5,0,0
B102905,Transport,SACCO,41,25252.0,47,0,0.678,0.709,1,179955.0,0.356,8.5,0,0
B102906,Services,SACCO,27,79439.0,45,1,0.532,0.296,4,680932.0,0.429,13.8,0,0
B102907,Trade,Bank,18,115948.0,11,0,0.42,0.738,2,984571.0,0.425,11.2,0,0
B102908,Services,MFI,39,20371.0,23,2,0.598,0.764,2,182575.0,0.448,25.1,0,0
B102909,Manufacturing,SACCO,34,21538.0,25,1,0.688,0.58,1,158785.0,0.369,13.5,0,0
B102910,Personal/Household,Bank,49,40100.0,0,2,0.832,0.865,1,340254.0,0.424,17.3,1,0
B102911,Trade,MFI,37,26677.0,21,2,0.869,0.384,0,118391.0,0.222,15.8,0,0
B102912,Manufacturing,SACCO,43,27050.0,75,2,0.491,0.798,1,43441.0,0.08,9.0,0,0
B102913,Transport,MFI,40,42159.0,22,0,0.84,0.621,2,81772.0,0.097,21.5,0,0
B102914,Real Estate,Bank,45,132394.0,39,0,0.808,0.952,2,403385.0,0.152,12.1,0,0
B102915,Trade,Bank,26,60932.0,45,0,0.626,0.849,3,361044.0,0.296,13.3,1,1
B102916,Agriculture,Digital Lender,37,83118.0,5,2,0.764,0.795,0,493805.0,0.297,200.6,1,0
B102917,Personal/Household,Bank,34,10783.0,7,0,0.716,0.899,3,83230.0,0.386,13.1,0,0
B102918,Trade,Digital Lender,42,53698.0,5,3,0.813,0.571,2,400637.0,0.373,138.2,0,0
B102919,Personal/Household,MFI,38,17634.0,62,1,0.927,0.589,1,89681.0,0.254,17.8,1,0
B102920,Services,MFI,29,74761.0,5,2,0.857,0.808,1,167839.0,0.112,19.2,0,0
B102921,Trade,Digital Lender,32,62726.0,17,2,0.71,0.25,2,325549.0,0.259,200.8,0,0
B102922,Trade,Bank,51,41444.0,62,0,0.746,0.716,0,261650.0,0.316,14.5,0,0
B102923,Transport,Bank,18,19760.0,14,3,0.534,0.502,3,77832.0,0.197,17.5,0,0
B102924,Trade,Bank,42,22786.0,9,2,0.794,0.825,4,190434.0,0.418,16.2,0,0
B102925,Transport,SACCO,47,23823.0,22,0,0.495,0.906,2,207256.0,0.435,11.5,0,0
B102926,Personal/Household,MFI,41,45219.0,23,3,0.827,0.554,2,192058.0,0.212,19.9,0,0
B102927,Transport,Digital Lender,55,37128.0,41,4,0.87,0.661,2,322093.0,0.434,216.7,1,0
B102928,Agriculture,MFI,44,64927.0,18,1,0.827,0.66,2,286536.0,0.221,21.3,0,1
B102929,Personal/Household,MFI,39,72110.0,1,2,0.806,0.584,1,374442.0,0.26,21.2,0,0
B102930,Transport,Bank,30,18677.0,40,1,0.638,0.488,1,135249.0,0.362,13.8,0,0
B102931,Trade,Bank,39,38614.0,0,0,0.767,0.44,2,292661.0,0.379,12.7,0,0
B102932,Manufacturing,Digital Lender,42,38356.0,61,2,0.616,0.699,4,193859.0,0.253,197.4,0,0
B102933,Services,Bank,35,28219.0,30,2,0.947,0.536,1,58152.0,0.103,12.2,0,0
B102934,Transport,Digital Lender,28,49910.0,3,2,0.927,0.796,1,416365.0,0.417,40.9,1,0
B102935,Real Estate,Bank,23,38950.0,22,1,0.853,0.584,1,279221.0,0.358,13.5,0,0
B102936,Agriculture,MFI,37,21677.0,37,2,0.844,0.584,2,120010.0,0.277,18.8,0,0
B102937,Trade,Bank,20,27497.0,4,3,0.812,0.675,1,100174.0,0.182,13.9,1,0
B102938,Agriculture,Digital Lender,30,24537.0,11,3,0.509,0.689,0,84672.0,0.173,212.2,0,0
B102939,Trade,Bank,18,19928.0,21,1,0.589,0.634,2,135382.0,0.34,11.4,0,0
B102940,Services,MFI,43,28370.0,18,0,0.841,0.596,2,101496.0,0.179,16.1,0,0
B102941,Agriculture,Digital Lender,47,14570.0,29,2,0.63,0.241,1,98996.0,0.34,297.5,0,0
B102942,Personal/Household,SACCO,36,38586.0,4,0,0.838,0.642,5,260435.0,0.337,11.4,0,0
B102943,Trade,Bank,53,64361.0,76,0,0.917,0.918,0,239790.0,0.186,13.0,0,0
B102944,Agriculture,Digital Lender,48,30570.0,33,3,0.721,0.648,0,214468.0,0.351,204.4,0,0
B102945,Real Estate,MFI,40,50038.0,10,1,0.895,0.697,1,292323.0,0.292,23.0,1,0
B102946,Agriculture,Bank,34,32384.0,16,3,0.716,0.818,0,177884.0,0.275,12.4,0,0
B102947,Personal/Household,MFI,32,16947.0,5,4,0.528,0.736,4,87698.0,0.259,20.0,0,0
B102948,Services,Digital Lender,41,89669.0,20,3,0.826,0.723,4,319329.0,0.178,165.7,0,0
B102949,Personal/Household,MFI,34,8000.0,22,0,0.954,0.777,1,63827.0,0.399,14.7,0,0
B102950,Trade,Digital Lender,40,29902.0,66,3,0.636,0.8,1,227951.0,0.381,104.4,0,0
B102951,Personal/Household,SACCO,41,19483.0,26,3,0.896,0.469,2,73050.0,0.187,17.0,0,0
B102952,Trade,MFI,33,70964.0,31,1,0.724,0.576,2,448582.0,0.316,22.8,0,0
B102953,Services,Bank,46,33483.0,39,4,0.661,0.854,3,226987.0,0.339,16.4,0,1
B102954,Manufacturing,SACCO,33,121238.0,48,0,0.734,0.623,1,655445.0,0.27,8.8,0,0
B102955,Agriculture,Bank,35,30327.0,44,0,0.399,0.597,6,151524.0,0.25,14.0,0,0
B102956,Trade,Bank,25,19566.0,9,2,0.645,0.704,0,73207.0,0.187,16.2,0,0
B102957,Trade,Bank,32,11607.0,15,2,0.791,0.851,1,99365.0,0.428,11.8,0,0
B102958,Agriculture,Digital Lender,57,54647.0,3,1,0.656,0.637,0,312471.0,0.286,73.5,0,0
B102959,Services,Bank,26,18787.0,7,1,0.796,0.382,2,75622.0,0.201,18.4,0,0
B102960,Personal/Household,Bank,39,23602.0,32,2,0.808,0.823,1,61631.0,0.131,13.9,0,0
B102961,Services,Bank,30,58423.0,28,1,0.567,0.576,0,151012.0,0.129,15.2,0,1
B102962,Trade,Bank,18,53069.0,1,2,0.903,0.769,2,302304.0,0.285,16.5,0,0
B102963,Transport,Digital Lender,41,21263.0,20,2,0.955,0.692,3,159188.0,0.374,194.2,0,0
B102964,Agriculture,MFI,29,23163.0,11,1,0.896,0.669,2,130414.0,0.282,22.5,0,0
B102965,Manufacturing,SACCO,38,11318.0,7,0,0.696,0.637,0,27016.0,0.119,13.5,0,0
B102966,Agriculture,Digital Lender,45,9600.0,23,0,0.909,0.69,4,57488.0,0.299,20.3,0,0
B102967,Agriculture,Bank,37,45253.0,4,1,0.809,0.624,0,200362.0,0.221,14.0,0,0
B102968,Manufacturing,Digital Lender,38,48085.0,53,2,0.527,0.627,6,248120.0,0.258,235.1,0,0
B102969,Trade,Digital Lender,26,36187.0,7,2,0.879,0.682,4,259469.0,0.358,190.4,0,0
B102970,Real Estate,SACCO,42,32957.0,29,0,0.72,0.266,2,133050.0,0.202,14.8,0,0
B102971,Transport,SACCO,33,20163.0,4,2,0.584,0.716,3,53536.0,0.133,15.7,0,0
B102972,Trade,MFI,18,66668.0,4,0,0.823,0.539,2,585897.0,0.439,24.3,0,0
B102973,Services,Digital Lender,43,11145.0,49,4,0.834,0.559,1,83874.0,0.376,156.2,0,0
B102974,Manufacturing,Bank,46,22979.0,11,0,0.698,0.466,3,154331.0,0.336,13.3,0,0
B102975,Personal/Household,SACCO,50,32480.0,5,1,0.647,0.604,2,148819.0,0.229,12.8,1,0
B102976,Transport,Bank,57,29726.0,3,1,0.746,0.824,1,148271.0,0.249,14.4,0,0
B102977,Personal/Household,MFI,43,29699.0,29,0,0.638,0.787,4,166089.0,0.28,26.0,0,0
B102978,Personal/Household,Digital Lender,40,22346.0,55,1,0.781,0.702,2,144767.0,0.324,8.0,0,0
B102979,Personal/Household,SACCO,46,40035.0,51,0,0.85,0.654,1,149711.0,0.187,12.7,0,0
B102980,Transport,Bank,26,15238.0,2,0,0.679,0.921,1,35792.0,0.117,14.3,0,0
B102981,Agriculture,SACCO,18,27469.0,3,1,0.977,0.538,0,61861.0,0.113,14.9,0,0
B102982,Trade,Digital Lender,30,37705.0,11,2,0.849,0.469,2,180754.0,0.24,188.0,0,0
B102983,Transport,SACCO,48,24763.0,70,0,0.799,0.851,1,98564.0,0.199,11.2,0,0
B102984,Trade,Digital Lender,28,29811.0,4,5,0.926,0.39,2,183262.0,0.307,126.6,0,0
B102985,Agriculture,Digital Lender,40,33474.0,8,4,0.803,0.785,4,166073.0,0.248,178.5,0,1
B102986,Trade,Digital Lender,41,11289.0,2,2,0.767,0.818,1,70045.0,0.31,44.8,0,0
B102987,Manufacturing,Bank,37,11884.0,31,0,0.762,0.57,2,71752.0,0.302,12.9,0,0
B102988,Trade,MFI,22,32005.0,5,1,0.458,0.778,3,244524.0,0.382,18.8,0,0
B102989,Transport,Digital Lender,38,21277.0,17,2,0.894,0.754,0,107174.0,0.252,135.3,0,0
B102990,Personal/Household,Digital Lender,31,21995.0,0,6,0.553,0.473,3,63039.0,0.143,115.7,0,1
B102991,Personal/Household,Bank,52,40658.0,37,2,0.628,0.861,2,167803.0,0.206,10.5,0,0
B102992,Agriculture,Bank,46,17260.0,49,0,0.419,0.755,2,66152.0,0.192,12.4,0,0
B102993,Manufacturing,Bank,31,8000.0,54,2,0.848,0.628,3,58953.0,0.368,16.2,0,0
B102994,Manufacturing,Digital Lender,53,73966.0,6,3,0.831,0.403,0,152994.0,0.103,150.5,0,0
B102995,Real Estate,Digital Lender,38,57839.0,27,5,0.567,0.757,3,415007.0,0.359,265.6,0,0
B102996,Transport,SACCO,18,57437.0,4,0,0.84,0.906,1,496206.0,0.432,14.1,0,0
B102997,Trade,Bank,34,16052.0,58,1,0.831,0.707,3,84646.0,0.264,14.7,0,0
B102998,Services,Bank,51,28493.0,24,0,0.447,0.537,1,150891.0,0.265,15.3,0,0
B102999,Trade,Digital Lender,27,14800.0,65,5,0.74,0.508,2,118838.0,0.401,279.9,0,0
B103000,Personal/Household,Bank,34,28768.0,46,0,0.711,0.584,4,107471.0,0.187,18.6,0,1
B103001,Transport,Bank,21,24553.0,31,1,0.307,0.641,3,177670.0,0.362,19.1,0,0
B103002,Agriculture,Bank,23,16433.0,49,3,0.552,0.817,0,55310.0,0.168,11.7,0,0
B103003,Personal/Household,Digital Lender,27,39215.0,3,0,0.711,0.827,2,87425.0,0.111,164.0,0,0
B103004,Trade,MFI,23,25789.0,11,1,0.383,0.724,0,219495.0,0.426,20.8,0,0
B103005,Personal/Household,Bank,29,76687.0,15,1,0.386,0.686,2,233990.0,0.153,15.2,0,0
B103006,Transport,Bank,52,31169.0,26,2,0.861,0.71,5,202213.0,0.324,10.4,0,0
B103007,Trade,Digital Lender,35,8000.0,0,6,0.805,0.852,3,62186.0,0.389,215.2,0,0
B103008,Trade,MFI,43,10975.0,19,1,0.919,0.732,2,29754.0,0.136,21.3,0,0
B103009,Personal/Household,MFI,46,94146.0,50,3,0.503,0.474,5,403651.0,0.214,21.4,0,0
B103010,Agriculture,Bank,24,24405.0,22,0,0.844,0.764,2,177940.0,0.365,12.6,0,0
B103011,Services,Bank,27,33928.0,62,1,0.808,0.817,4,270237.0,0.398,13.8,1,0
B103012,Personal/Household,Digital Lender,43,29892.0,7,2,0.862,0.692,2,84534.0,0.141,104.7,0,0
B103013,Personal/Household,Digital Lender,29,64794.0,12,0,0.868,0.844,3,527575.0,0.407,42.2,0,0
B103014,Agriculture,MFI,42,10417.0,49,2,0.821,0.787,2,83949.0,0.403,16.9,0,0
B103015,Personal/Household,Digital Lender,52,61765.0,8,0,0.817,0.89,3,141570.0,0.115,243.8,0,0
B103016,Services,Bank,20,59469.0,22,2,0.762,0.901,0,318765.0,0.268,13.5,0,0
B103017,Trade,Digital Lender,31,29834.0,56,0,0.809,0.619,1,217840.0,0.365,39.2,0,0
B103018,Agriculture,Bank,33,37321.0,40,3,0.768,0.399,2,149369.0,0.2,12.4,0,0
B103019,Agriculture,Bank,30,24250.0,20,1,0.799,0.632,1,147567.0,0.304,17.2,0,0
B103020,Real Estate,Digital Lender,29,11768.0,2,3,0.615,0.82,0,58498.0,0.249,137.0,0,0
B103021,Personal/Household,Digital Lender,30,40911.0,159,5,0.674,0.768,4,133518.0,0.163,228.1,0,0
B103022,Real Estate,Digital Lender,35,34051.0,12,2,0.801,0.603,3,272127.0,0.4,227.1,1,0
B103023,Manufacturing,SACCO,37,34443.0,22,2,0.87,0.824,2,237106.0,0.344,15.6,0,0
B103024,Agriculture,Digital Lender,45,38765.0,1,4,0.924,0.923,2,222994.0,0.288,137.2,0,0
B103025,Trade,SACCO,35,21325.0,9,3,0.903,0.55,0,129738.0,0.304,14.2,0,1
B103026,Agriculture,Bank,46,67595.0,10,1,0.869,0.74,2,173912.0,0.129,16.4,0,0
B103027,Personal/Household,MFI,29,29866.0,62,1,0.754,0.84,1,135012.0,0.226,13.3,0,0
B103028,Transport,SACCO,23,40052.0,1,3,0.918,0.795,4,218833.0,0.273,13.5,0,0
B103029,Agriculture,SACCO,32,25600.0,57,1,0.827,0.532,1,80830.0,0.158,14.6,0,1
B103030,Personal/Household,Digital Lender,40,52977.0,55,5,0.782,0.902,2,236124.0,0.223,240.3,0,0
B103031,Trade,MFI,44,31483.0,22,5,0.713,0.708,2,107463.0,0.171,27.1,0,1
B103032,Agriculture,Bank,50,28373.0,1,1,0.547,0.9,0,79246.0,0.14,12.5,0,0
B103033,Agriculture,Bank,38,57760.0,6,2,0.722,0.827,0,207353.0,0.179,16.8,0,0
B103034,Services,Digital Lender,43,11527.0,38,1,0.831,0.465,0,22317.0,0.097,281.5,1,0
B103035,Personal/Household,Bank,49,25489.0,25,1,0.822,0.43,3,100786.0,0.198,15.7,0,0
B103036,Transport,Digital Lender,27,21227.0,20,5,0.752,0.694,3,103886.0,0.245,138.8,0,0
B103037,Trade,Bank,33,36521.0,75,1,0.568,0.686,2,186277.0,0.255,16.4,0,0
B103038,Trade,Bank,63,35373.0,64,0,0.714,0.667,4,124967.0,0.177,13.5,0,1
B103039,Transport,Digital Lender,44,29540.0,25,1,0.947,0.589,0,205198.0,0.347,258.3,0,0
B103040,Agriculture,MFI,40,20076.0,32,2,0.543,0.795,1,49976.0,0.124,18.4,0,0
B103041,Services,Digital Lender,44,29342.0,24,3,0.856,0.69,1,84660.0,0.144,141.3,0,0
B103042,Personal/Household,Bank,22,35520.0,9,2,0.854,0.507,2,183363.0,0.258,13.5,0,0
B103043,Real Estate,MFI,29,26953.0,19,1,0.623,0.653,2,126355.0,0.234,21.6,0,0
B103044,Personal/Household,SACCO,25,54674.0,13,2,0.761,0.676,6,254289.0,0.233,8.4,1,1
B103045,Services,Digital Lender,39,41631.0,131,3,0.701,0.584,2,155417.0,0.187,11.3,0,0
B103046,Real Estate,Bank,31,30045.0,67,1,0.61,0.847,1,126026.0,0.21,12.9,1,0
B103047,Transport,Bank,36,8182.0,13,2,0.755,0.744,0,41575.0,0.254,12.3,0,0
B103048,Services,SACCO,32,26369.0,22,1,0.608,0.799,1,190533.0,0.361,12.7,0,0
B103049,Agriculture,Digital Lender,19,42047.0,12,0,0.737,0.731,1,377103.0,0.448,155.3,0,0
B103050,Services,Digital Lender,44,25498.0,65,3,0.901,0.635,1,42090.0,0.083,74.8,1,0
B103051,Trade,Digital Lender,18,35129.0,17,1,0.843,0.817,2,276913.0,0.394,132.3,1,0
B103052,Transport,MFI,28,26278.0,1,2,0.626,0.76,1,157080.0,0.299,23.5,0,1
B103053,Personal/Household,MFI,22,33788.0,9,2,0.421,0.783,2,238899.0,0.354,15.8,0,0
B103054,Transport,Digital Lender,26,64251.0,7,1,0.661,0.653,1,460022.0,0.358,33.9,0,0
B103055,Manufacturing,Digital Lender,37,45831.0,6,4,0.703,0.719,0,266785.0,0.291,205.1,0,1
B103056,Transport,Digital Lender,47,14580.0,5,3,0.9,0.35,1,56620.0,0.194,8.0,0,0
B103057,Trade,Digital Lender,19,11945.0,21,5,0.668,0.483,0,82859.0,0.347,260.1,1,1
B103058,Trade,Digital Lender,29,37927.0,4,1,0.411,0.881,3,304317.0,0.401,162.9,0,0
B103059,Agriculture,Bank,18,56518.0,11,1,0.732,0.52,1,462880.0,0.409,16.7,0,0
B103060,Transport,Bank,29,11928.0,44,3,0.894,0.907,1,59164.0,0.248,14.0,0,0
B103061,Real Estate,Digital Lender,36,26492.0,5,2,0.907,0.731,2,128191.0,0.242,8.0,0,0
B103062,Agriculture,MFI,43,109674.0,30,0,0.813,0.357,1,249622.0,0.114,11.9,0,0
B103063,Services,Bank,18,25649.0,36,2,0.741,0.809,0,99733.0,0.194,12.3,0,0
B103064,Agriculture,MFI,41,119279.0,11,1,0.841,0.712,1,1072381.0,0.45,18.4,1,0
B103065,Real Estate,SACCO,25,18902.0,72,0,0.622,0.671,3,65632.0,0.174,13.4,0,0
B103066,Real Estate,Digital Lender,23,20831.0,8,1,0.783,0.524,4,131710.0,0.316,101.0,0,0
B103067,Trade,Digital Lender,36,20199.0,49,6,0.785,0.841,5,100410.0,0.249,8.0,0,0
B103068,Personal/Household,Bank,41,14712.0,7,0,0.605,0.32,3,116344.0,0.395,14.4,0,1
B103069,Real Estate,MFI,34,11729.0,6,1,0.843,0.77,3,24352.0,0.104,19.7,0,0
B103070,Trade,Bank,24,26326.0,2,2,0.895,0.348,2,77607.0,0.147,16.0,0,0
B103071,Services,Digital Lender,34,32199.0,41,1,0.808,0.397,2,143445.0,0.223,124.6,0,0
B103072,Personal/Household,Bank,28,20046.0,14,0,0.285,0.873,0,123010.0,0.307,14.2,0,0
B103073,Personal/Household,SACCO,41,22881.0,9,2,0.798,0.587,5,142962.0,0.312,13.8,0,1
B103074,Personal/Household,MFI,46,65864.0,39,0,0.763,0.439,3,524840.0,0.398,15.8,0,0
B103075,Services,SACCO,45,50739.0,71,0,0.812,0.717,3,223827.0,0.221,8.0,0,0
B103076,Agriculture,MFI,35,25790.0,77,3,0.759,0.65,2,49638.0,0.096,23.7,0,0
B103077,Transport,SACCO,46,37663.0,28,1,0.953,0.643,3,83427.0,0.111,9.7,0,0
B103078,Transport,SACCO,25,12088.0,45,0,0.481,0.832,3,77361.0,0.32,20.7,0,0
B103079,Agriculture,Bank,53,34486.0,9,2,0.786,0.943,1,74868.0,0.109,16.9,0,0
B103080,Agriculture,Bank,25,28729.0,0,2,0.861,0.337,2,199794.0,0.348,12.0,0,0
B103081,Trade,MFI,18,24202.0,4,0,0.566,0.839,1,57651.0,0.119,15.0,0,0
B103082,Transport,Bank,49,30274.0,35,2,0.79,0.873,3,182009.0,0.301,14.3,0,0
B103083,Personal/Household,Digital Lender,28,27699.0,156,3,0.596,0.743,4,197329.0,0.356,204.6,0,0
B103084,Personal/Household,Bank,36,14436.0,215,1,0.729,0.752,1,70811.0,0.245,16.2,0,1
B103085,Agriculture,Digital Lender,25,74897.0,2,1,0.819,0.697,2,304868.0,0.204,78.3,0,0
B103086,Trade,Bank,59,50159.0,8,1,0.732,0.732,4,174142.0,0.174,13.4,0,0
B103087,Real Estate,Digital Lender,53,24022.0,1,1,0.848,0.396,1,176291.0,0.367,216.7,1,1
B103088,Manufacturing,Bank,50,11290.0,61,2,0.899,0.388,3,73190.0,0.324,12.7,0,0
B103089,Services,MFI,36,8000.0,7,0,0.7,0.602,0,48938.0,0.306,17.6,0,0
B103090,Personal/Household,Bank,45,89553.0,12,0,0.887,0.318,3,757815.0,0.423,14.1,1,0
B103091,Services,SACCO,34,27024.0,6,2,0.911,0.795,1,224811.0,0.416,9.2,0,0
B103092,Personal/Household,Bank,46,45236.0,0,1,0.62,0.805,0,305934.0,0.338,14.2,0,0
B103093,Services,Digital Lender,31,17645.0,12,4,0.968,0.31,2,137301.0,0.389,229.7,0,0
B103094,Real Estate,MFI,51,25108.0,0,2,0.439,0.466,2,169657.0,0.338,10.1,0,0
B103095,Trade,Digital Lender,30,25823.0,36,0,0.818,0.456,2,144007.0,0.279,143.9,0,0
B103096,Trade,SACCO,32,33955.0,19,1,0.74,0.523,1,201842.0,0.297,9.1,0,1
B103097,Real Estate,SACCO,30,31239.0,4,0,0.565,0.508,0,113948.0,0.182,12.0,0,0
B103098,Agriculture,Digital Lender,37,17904.0,58,1,0.586,0.283,0,144452.0,0.403,83.3,1,0
B103099,Trade,Bank,31,17801.0,53,3,0.805,0.525,4,99683.0,0.28,15.5,1,1
B103100,Services,SACCO,40,28429.0,15,3,0.991,0.796,0,215027.0,0.378,17.5,0,0
B103101,Trade,Bank,30,11329.0,3,0,0.907,0.673,1,51577.0,0.228,11.9,0,0
B103102,Services,SACCO,43,18907.0,1,0,0.708,0.876,1,74077.0,0.196,14.5,0,0
B103103,Personal/Household,Bank,50,27316.0,35,0,0.652,0.663,2,188798.0,0.346,11.1,0,0
B103104,Transport,MFI,36,36998.0,60,2,0.404,0.848,1,182419.0,0.247,28.1,0,0
B103105,Transport,SACCO,57,67975.0,5,3,0.888,0.691,0,398196.0,0.293,12.8,1,1
B103106,Agriculture,MFI,46,22878.0,77,1,0.9,0.658,1,178159.0,0.389,15.5,0,0
B103107,Transport,Bank,56,30329.0,34,2,0.755,0.606,4,227552.0,0.375,14.7,1,0
B103108,Trade,MFI,34,10646.0,31,2,0.767,0.955,4,46528.0,0.219,22.9,0,0
B103109,Services,Digital Lender,18,35744.0,5,1,0.987,0.623,2,186617.0,0.261,79.8,0,0
B103110,Agriculture,Bank,28,18031.0,67,0,0.587,0.69,2,107901.0,0.299,12.1,0,1
B103111,Agriculture,Bank,29,25096.0,57,0,0.845,0.821,2,63918.0,0.127,17.4,0,0
B103112,Personal/Household,Digital Lender,25,38628.0,2,4,0.886,0.836,3,86762.0,0.112,273.0,1,1
B103113,Transport,Digital Lender,18,39526.0,7,4,0.854,0.759,1,80598.0,0.102,164.2,0,1
B103114,Real Estate,Bank,45,13366.0,67,3,0.73,0.488,0,84513.0,0.316,20.6,0,0
B103115,Transport,MFI,18,46216.0,69,2,0.649,0.34,1,227366.0,0.246,21.6,0,0
B103116,Trade,Bank,44,29104.0,11,5,0.611,0.842,1,189300.0,0.325,15.1,1,1
B103117,Transport,Digital Lender,57,59692.0,1,3,0.888,0.629,2,456218.0,0.382,89.6,0,0
B103118,Agriculture,MFI,27,66430.0,35,2,0.92,0.622,2,307984.0,0.232,22.3,0,1
B103119,Agriculture,MFI,39,71924.0,18,2,0.737,0.687,2,381843.0,0.265,21.9,0,0
B103120,Trade,Bank,31,13583.0,14,0,0.6,0.906,4,60666.0,0.223,13.6,1,0
B103121,Agriculture,MFI,43,37096.0,67,5,0.754,0.836,3,77516.0,0.104,17.4,0,1
B103122,Agriculture,Bank,23,12487.0,8,1,0.63,0.691,1,93288.0,0.374,13.7,0,0
B103123,Real Estate,Digital Lender,34,60828.0,46,2,0.78,0.665,1,251900.0,0.207,164.4,0,0
B103124,Trade,MFI,46,65780.0,14,3,0.762,0.785,3,314149.0,0.239,28.2,0,0
B103125,Trade,MFI,35,50916.0,12,1,0.717,0.742,3,397715.0,0.391,16.5,0,0
B103126,Manufacturing,Digital Lender,19,23540.0,107,3,0.634,0.477,5,96137.0,0.204,152.0,0,1
B103127,Trade,Bank,47,40108.0,1,2,0.583,0.854,2,282562.0,0.352,15.2,0,0
B103128,Personal/Household,Bank,22,21944.0,33,3,0.547,0.706,1,191176.0,0.436,14.7,0,0
B103129,Services,MFI,36,29959.0,8,1,0.894,0.621,1,89788.0,0.15,21.6,0,0
B103130,Real Estate,Digital Lender,41,28262.0,113,6,0.886,0.754,3,145152.0,0.257,128.4,0,0
B103131,Services,Bank,36,9906.0,1,3,0.801,0.585,2,62751.0,0.317,13.4,0,0
B103132,Trade,Digital Lender,60,19049.0,41,1,0.397,0.688,0,88116.0,0.231,132.6,0,0
B103133,Trade,MFI,42,103670.0,14,3,0.852,0.719,4,755726.0,0.364,18.9,0,0
B103134,Personal/Household,MFI,33,28348.0,6,1,0.578,0.698,3,118044.0,0.208,16.0,0,0
B103135,Personal/Household,MFI,41,32472.0,37,3,0.647,0.581,2,260352.0,0.401,19.2,1,1
B103136,Personal/Household,Bank,37,29591.0,59,2,0.771,0.907,1,80824.0,0.137,14.4,0,0
B103137,Trade,Bank,35,23723.0,38,2,0.838,0.689,1,150222.0,0.317,15.9,0,0
B103138,Personal/Household,Digital Lender,37,30329.0,8,1,0.656,0.781,0,269336.0,0.444,193.2,0,0
B103139,Agriculture,MFI,31,23769.0,39,3,0.948,0.64,2,135390.0,0.285,20.9,0,0
B103140,Agriculture,MFI,37,8471.0,4,4,0.628,0.672,1,70558.0,0.416,22.3,0,0
B103141,Trade,Digital Lender,30,45818.0,6,5,0.934,0.552,2,165052.0,0.18,34.7,0,0
B103142,Services,Bank,18,72192.0,20,1,0.827,0.853,0,260445.0,0.18,13.9,0,0
B103143,Trade,MFI,46,15673.0,0,2,0.561,0.72,0,69372.0,0.221,25.4,0,0
B103144,Personal/Household,Bank,29,23693.0,8,1,0.733,0.654,1,96069.0,0.203,17.5,0,0
B103145,Transport,Bank,36,67845.0,71,3,0.858,0.625,2,109566.0,0.081,18.3,1,0
B103146,Personal/Household,Digital Lender,27,19452.0,5,0,0.694,0.828,0,40662.0,0.105,62.7,0,1
B103147,Personal/Household,Digital Lender,28,36800.0,46,3,0.856,0.513,2,256100.0,0.348,200.5,0,0
B103148,Personal/Household,Bank,25,321196.0,58,0,0.89,0.691,0,634558.0,0.099,15.8,1,0
B103149,Trade,Digital Lender,44,42098.0,13,0,0.637,0.44,3,274283.0,0.326,198.2,0,0
B103150,Trade,Bank,47,30880.0,26,1,0.839,0.52,2,172424.0,0.279,17.2,0,0
B103151,Transport,Digital Lender,35,48288.0,56,0,0.752,0.708,5,321410.0,0.333,193.3,0,0
B103152,Agriculture,Digital Lender,30,45579.0,3,4,0.697,0.541,2,306853.0,0.337,161.5,0,0
B103153,Trade,Bank,18,20656.0,48,3,0.779,0.897,2,124171.0,0.301,16.5,0,0
B103154,Trade,SACCO,43,11441.0,61,1,0.879,0.571,3,45525.0,0.199,12.4,0,0
B103155,Agriculture,Digital Lender,28,41219.0,80,0,0.729,0.867,1,332958.0,0.404,24.9,0,0
B103156,Trade,Bank,24,44762.0,23,3,0.634,0.919,2,193182.0,0.216,15.0,1,0
B103157,Trade,Bank,35,25245.0,72,2,0.824,0.816,3,75034.0,0.149,11.8,0,0
B103158,Services,SACCO,32,73487.0,26,0,0.496,0.949,0,205290.0,0.14,10.9,0,0
B103159,Agriculture,Bank,20,65815.0,7,4,0.923,0.734,2,498023.0,0.378,15.4,0,1
B103160,Services,Bank,21,45524.0,33,1,0.61,0.179,3,289346.0,0.318,12.6,0,1
B103161,Services,Bank,38,25508.0,18,1,0.743,0.793,1,224728.0,0.44,15.1,0,0
B103162,Trade,SACCO,28,9414.0,51,1,0.754,0.806,1,39047.0,0.207,12.5,0,0
B103163,Personal/Household,Bank,40,27014.0,30,1,0.85,0.61,1,99397.0,0.184,13.4,0,0
B103164,Transport,MFI,36,10830.0,18,3,0.976,0.836,0,57576.0,0.266,20.9,0,0
B103165,Personal/Household,Bank,45,8132.0,20,1,0.656,0.731,0,60592.0,0.372,14.8,0,1
B103166,Trade,Bank,27,42444.0,21,1,0.632,0.752,5,168093.0,0.198,16.2,0,0
B103167,Trade,SACCO,37,56657.0,67,0,0.469,0.749,0,295281.0,0.261,16.8,0,0
B103168,Trade,Bank,41,10170.0,16,2,0.98,0.593,3,82530.0,0.406,13.7,0,0
B103169,Transport,SACCO,29,25820.0,19,3,0.749,0.528,2,150123.0,0.291,8.0,0,1
B103170,Services,MFI,46,29448.0,32,2,0.711,0.759,0,161039.0,0.273,16.9,0,0
B103171,Transport,SACCO,18,25316.0,22,0,0.714,0.721,2,50428.0,0.1,16.6,0,0
B103172,Personal/Household,Bank,27,13930.0,39,1,0.912,0.314,2,72066.0,0.259,14.8,0,0
B103173,Services,Digital Lender,18,61825.0,34,0,0.696,0.584,1,132481.0,0.107,124.6,0,0
B103174,Transport,Bank,28,14144.0,58,2,0.605,0.794,0,68351.0,0.242,11.8,1,0
B103175,Trade,Digital Lender,33,10178.0,111,3,0.775,0.71,1,45551.0,0.224,228.5,0,0
B103176,Personal/Household,Bank,43,13961.0,98,1,0.983,0.711,2,24334.0,0.087,15.6,1,0
B103177,Agriculture,Bank,33,38744.0,11,1,0.79,0.608,5,332670.0,0.429,14.4,0,0
B103178,Trade,MFI,29,25669.0,6,0,0.872,0.813,3,227333.0,0.443,21.0,0,0
B103179,Manufacturing,Bank,20,19465.0,15,3,0.914,0.725,0,80503.0,0.207,13.1,0,0
B103180,Services,MFI,23,39744.0,34,1,0.735,0.853,3,206703.0,0.26,14.8,0,0
B103181,Agriculture,Digital Lender,38,35701.0,17,3,0.761,0.567,4,184940.0,0.259,8.0,1,1
B103182,Manufacturing,Digital Lender,44,8358.0,39,4,0.625,0.66,1,37183.0,0.222,169.5,0,0
B103183,Trade,SACCO,31,39524.0,31,4,0.842,0.718,3,309347.0,0.391,14.2,1,0
B103184,Trade,Digital Lender,47,56936.0,36,2,0.706,0.868,3,143570.0,0.126,266.4,1,0
B103185,Trade,MFI,26,27785.0,190,0,0.938,0.8,0,155983.0,0.281,21.9,0,0
B103186,Personal/Household,Bank,31,26129.0,35,3,0.782,0.353,3,140842.0,0.27,15.0,0,1
B103187,Personal/Household,Digital Lender,32,84257.0,63,3,0.569,0.554,2,169479.0,0.101,195.7,1,0
B103188,Trade,Bank,50,20123.0,1,1,0.477,0.915,2,148374.0,0.369,13.8,0,0
B103189,Agriculture,Bank,36,27143.0,29,0,0.708,0.583,3,197997.0,0.365,13.3,0,0
B103190,Trade,Bank,18,35669.0,59,1,0.702,0.568,1,92414.0,0.13,15.8,0,0
B103191,Trade,Bank,45,30535.0,26,2,0.746,0.753,0,146064.0,0.239,12.7,0,0
B103192,Manufacturing,Bank,53,25597.0,68,1,0.725,0.64,0,133722.0,0.261,12.4,0,0
B103193,Personal/Household,Bank,33,31228.0,77,0,0.865,0.892,4,126035.0,0.202,16.2,0,0
B103194,Transport,SACCO,26,70468.0,32,2,0.677,0.283,3,342991.0,0.243,16.3,0,0
B103195,Real Estate,Digital Lender,44,46361.0,6,3,0.866,0.805,2,389146.0,0.42,188.5,0,0
B103196,Manufacturing,Digital Lender,55,28536.0,75,2,0.645,0.863,0,237385.0,0.416,189.3,0,0
B103197,Trade,Bank,43,18487.0,48,3,0.583,0.434,0,93786.0,0.254,14.4,0,0
B103198,Trade,Bank,19,19890.0,142,1,0.481,0.295,2,105442.0,0.265,12.6,0,0
B103199,Services,SACCO,43,50142.0,3,2,0.773,0.925,2,301150.0,0.3,13.7,0,0
B103200,Personal/Household,Bank,39,12378.0,7,2,0.707,0.491,5,75580.0,0.305,14.7,0,0
B103201,Services,Bank,25,111497.0,0,0,0.731,0.893,4,478620.0,0.215,14.4,0,0
B103202,Services,SACCO,48,29217.0,13,0,0.729,0.632,1,87422.0,0.15,16.1,0,0
B103203,Transport,Digital Lender,39,13930.0,42,5,0.824,0.328,5,116693.0,0.419,123.0,0,1
B103204,Services,Bank,48,32862.0,5,3,0.793,0.466,3,170274.0,0.259,13.3,0,1
B103205,Real Estate,SACCO,24,19141.0,10,0,0.654,0.692,3,29301.0,0.077,15.2,1,0
B103206,Trade,SACCO,39,23613.0,9,0,0.848,0.648,2,166376.0,0.352,10.5,0,0
B103207,Trade,Digital Lender,26,12953.0,22,1,0.87,0.891,0,67823.0,0.262,186.4,0,0
B103208,Trade,Bank,37,26076.0,30,1,0.799,0.321,2,195843.0,0.376,16.0,0,0
B103209,Trade,Digital Lender,50,9252.0,27,1,0.942,0.732,2,74961.0,0.405,81.2,0,0
B103210,Agriculture,Digital Lender,21,21377.0,43,4,0.763,0.912,0,115432.0,0.27,311.1,0,0
B103211,Personal/Household,Bank,21,18863.0,22,2,0.744,0.438,4,121137.0,0.321,15.3,0,0
B103212,Personal/Household,SACCO,45,22555.0,4,2,0.774,0.805,2,157947.0,0.35,13.0,0,0
B103213,Transport,SACCO,35,19530.0,13,1,0.947,0.578,1,165850.0,0.425,18.3,0,0
B103214,Trade,Bank,47,30293.0,30,3,0.892,0.62,2,266122.0,0.439,14.0,0,0
B103215,Personal/Household,MFI,27,48456.0,20,0,0.855,0.676,1,351673.0,0.363,19.6,0,0
B103216,Agriculture,MFI,36,36255.0,53,1,0.587,0.821,1,124029.0,0.171,16.4,1,1
B103217,Trade,Digital Lender,42,60754.0,90,5,0.66,0.681,2,237057.0,0.195,328.1,0,0
B103218,Agriculture,Bank,37,22602.0,20,4,0.828,0.629,1,126339.0,0.279,17.9,0,0
B103219,Agriculture,MFI,18,35546.0,17,1,0.574,0.732,3,166408.0,0.234,25.6,0,0
B103220,Agriculture,Bank,63,36325.0,9,3,0.731,0.846,4,188612.0,0.26,13.0,0,1
B103221,Personal/Household,SACCO,37,56017.0,5,2,0.412,0.852,2,386105.0,0.345,16.3,0,0
B103222,Personal/Household,SACCO,22,19896.0,55,3,0.821,0.711,1,51394.0,0.129,13.0,1,0
B103223,Personal/Household,MFI,38,45883.0,7,2,0.881,0.852,0,149700.0,0.163,20.7,0,0
B103224,Trade,MFI,39,18555.0,6,1,0.774,0.8,3,73668.0,0.199,17.2,0,0
B103225,Personal/Household,Bank,45,21732.0,8,1,0.657,0.619,4,57697.0,0.133,12.1,0,0
B103226,Transport,Bank,44,24410.0,39,1,0.574,0.739,1,55157.0,0.113,16.0,0,0
B103227,Trade,SACCO,33,38149.0,12,1,0.539,0.882,2,66812.0,0.088,17.8,0,0
B103228,Transport,Bank,18,16353.0,44,3,0.721,0.614,0,124174.0,0.38,13.2,1,0
B103229,Manufacturing,Digital Lender,40,17655.0,3,1,0.862,0.378,4,38811.0,0.11,269.1,0,0
B103230,Real Estate,SACCO,19,20852.0,5,0,0.958,0.573,4,155470.0,0.373,13.2,0,0
B103231,Trade,Digital Lender,47,30535.0,13,6,0.843,0.569,1,68838.0,0.113,121.8,0,0
B103232,Manufacturing,Bank,28,17766.0,6,0,0.638,0.653,0,57349.0,0.161,10.9,0,0
B103233,Trade,MFI,41,34378.0,75,1,0.767,0.771,2,298214.0,0.434,26.2,0,0
B103234,Trade,Bank,28,24421.0,7,1,0.705,0.711,2,193331.0,0.396,14.8,0,0
B103235,Trade,Digital Lender,30,42695.0,30,1,0.818,0.679,6,126835.0,0.149,77.7,0,0
B103236,Services,SACCO,27,30780.0,67,2,0.809,0.894,5,145756.0,0.237,11.5,1,0
B103237,Agriculture,SACCO,42,77938.0,32,4,0.913,0.693,3,549394.0,0.352,17.7,0,0
B103238,Agriculture,SACCO,29,31781.0,49,1,0.825,0.571,2,234883.0,0.37,15.8,0,0
B103239,Agriculture,Bank,43,15213.0,23,0,0.853,0.624,1,84788.0,0.279,10.7,0,0
B103240,Services,SACCO,29,26449.0,39,3,0.96,0.433,2,74178.0,0.14,10.1,0,0
B103241,Manufacturing,Digital Lender,33,30080.0,5,3,0.829,0.738,1,116220.0,0.193,240.6,0,0
B103242,Services,Bank,35,18038.0,41,0,0.636,0.389,1,95564.0,0.265,14.8,0,0
B103243,Agriculture,Digital Lender,37,68487.0,70,0,0.834,0.869,0,541211.0,0.395,8.0,0,0
B103244,Trade,Digital Lender,26,25073.0,37,5,0.848,0.64,2,159326.0,0.318,173.8,0,0
B103245,Manufacturing,Digital Lender,42,20857.0,8,3,0.857,0.356,0,65890.0,0.158,196.6,0,0
B103246,Agriculture,Digital Lender,32,32855.0,41,5,0.603,0.684,0,148216.0,0.226,139.2,0,0
B103247,Personal/Household,Bank,40,18062.0,17,2,0.553,0.468,2,76318.0,0.211,14.6,0,0
B103248,Personal/Household,SACCO,35,50589.0,31,3,0.762,0.763,2,179769.0,0.178,8.0,0,0
B103249,Real Estate,Bank,41,45295.0,23,3,0.666,0.521,2,191715.0,0.212,12.7,0,0
B103250,Services,Digital Lender,31,31947.0,65,6,0.932,0.459,2,129283.0,0.202,150.3,0,0
B103251,Manufacturing,Bank,27,41165.0,7,2,0.605,0.576,3,151133.0,0.184,14.7,0,0
B103252,Agriculture,Digital Lender,39,22588.0,12,3,0.967,0.978,3,119577.0,0.265,240.4,0,0
B103253,Manufacturing,Bank,30,13010.0,104,4,0.807,0.453,1,95328.0,0.366,13.8,0,0
B103254,Trade,Bank,50,24858.0,24,2,0.532,0.719,2,99155.0,0.199,16.9,0,0
B103255,Personal/Household,Bank,36,22565.0,5,5,0.892,0.542,3,76482.0,0.169,16.3,0,0
B103256,Trade,SACCO,21,9700.0,10,1,0.83,0.722,1,37510.0,0.193,8.0,0,1
B103257,Agriculture,Bank,29,16617.0,2,1,0.535,0.881,4,89781.0,0.27,16.4,0,0
B103258,Manufacturing,Bank,25,15113.0,39,2,0.854,0.861,1,56794.0,0.188,13.6,0,0
B103259,Trade,Bank,46,16654.0,6,1,0.419,0.716,3,134652.0,0.404,14.0,0,0
B103260,Trade,Bank,43,61903.0,9,0,0.847,0.843,2,357732.0,0.289,13.0,0,0
B103261,Personal/Household,Digital Lender,34,39402.0,107,4,0.788,0.596,2,196951.0,0.25,236.7,1,0
B103262,Trade,MFI,38,50551.0,0,0,0.957,0.647,1,404563.0,0.4,19.3,0,0
B103263,Real Estate,Bank,34,39351.0,20,1,0.94,0.6,4,91873.0,0.117,9.8,0,0
B103264,Agriculture,Bank,44,53942.0,7,0,0.895,0.685,0,480962.0,0.446,18.2,0,0
B103265,Agriculture,Bank,40,30176.0,29,1,0.94,0.863,1,255573.0,0.423,15.6,0,0
B103266,Trade,Bank,42,68434.0,89,3,0.366,0.563,2,438601.0,0.32,14.5,0,1
B103267,Personal/Household,Bank,33,15104.0,69,3,0.928,0.789,3,121969.0,0.404,15.3,0,0
B103268,Services,Bank,29,28645.0,14,0,0.868,0.405,2,44478.0,0.078,15.6,0,0
B103269,Trade,Bank,42,16921.0,5,2,0.664,0.855,1,94607.0,0.28,15.3,0,0
B103270,Services,Bank,51,58861.0,16,3,0.531,0.804,1,89323.0,0.076,19.0,0,0
B103271,Transport,Digital Lender,46,37455.0,33,5,0.696,0.702,0,317465.0,0.424,122.1,0,0
B103272,Transport,Bank,51,57107.0,0,3,0.82,0.754,0,95733.0,0.084,13.1,0,0
B103273,Personal/Household,SACCO,37,13740.0,40,2,0.929,0.732,2,50158.0,0.183,11.9,0,0
B103274,Personal/Household,SACCO,25,21347.0,26,3,0.948,0.599,1,59300.0,0.139,8.0,0,0
B103275,Personal/Household,Digital Lender,26,11146.0,98,2,0.706,0.815,2,20610.0,0.092,117.3,0,0
B103276,Manufacturing,Bank,49,36268.0,58,2,0.709,0.685,1,217136.0,0.299,13.9,0,0
B103277,Manufacturing,Digital Lender,18,23495.0,28,3,0.592,0.542,2,178238.0,0.379,157.7,0,0
B103278,Agriculture,Digital Lender,50,45052.0,45,1,0.594,0.847,0,120311.0,0.134,131.3,1,0
B103279,Trade,Digital Lender,27,30255.0,20,3,0.672,0.523,2,76644.0,0.127,192.1,0,0
B103280,Transport,Digital Lender,54,9213.0,3,0,0.796,0.899,0,74581.0,0.405,205.6,0,0
B103281,Trade,Bank,34,11930.0,14,2,0.497,0.479,0,35398.0,0.148,14.2,1,0
B103282,Agriculture,Digital Lender,42,31111.0,1,0,0.524,0.957,0,137473.0,0.221,141.6,1,0
B103283,Trade,Digital Lender,59,38413.0,2,3,0.867,0.759,3,258450.0,0.336,96.1,0,0
B103284,Trade,Bank,32,8787.0,13,2,0.596,0.464,1,18251.0,0.104,12.3,0,1
B103285,Transport,Bank,32,28398.0,12,1,0.656,0.608,0,90512.0,0.159,15.6,0,0
B103286,Transport,Digital Lender,28,16991.0,19,2,0.68,0.853,2,99301.0,0.292,164.4,0,0
B103287,Real Estate,Bank,25,16145.0,82,2,0.704,0.556,3,136287.0,0.422,14.4,0,0
B103288,Trade,Digital Lender,32,20738.0,11,3,0.586,0.589,2,163015.0,0.393,221.5,0,0
B103289,Real Estate,MFI,29,31823.0,111,4,0.89,0.731,5,102420.0,0.161,14.6,0,0
B103290,Agriculture,SACCO,22,20159.0,39,2,0.868,0.674,0,70232.0,0.174,11.0,1,1
B103291,Personal/Household,Bank,33,9973.0,29,2,0.912,0.618,2,66210.0,0.332,14.9,0,0
B103292,Manufacturing,SACCO,39,31685.0,29,0,0.922,0.687,3,97335.0,0.154,9.5,0,0
B103293,Manufacturing,MFI,26,24517.0,24,0,0.942,0.308,0,190825.0,0.389,19.3,0,1
B103294,Manufacturing,Digital Lender,33,17746.0,36,1,0.742,0.807,1,118234.0,0.333,183.9,0,0
B103295,Services,Bank,49,25102.0,57,3,0.83,0.669,0,80550.0,0.16,14.2,1,1
B103296,Personal/Household,Bank,21,24555.0,2,1,0.901,0.692,3,138939.0,0.283,15.0,0,0
B103297,Manufacturing,Bank,54,30461.0,44,4,0.887,0.784,1,204637.0,0.336,12.4,0,0
B103298,Real Estate,Bank,28,25943.0,10,1,0.676,0.888,2,60965.0,0.117,16.8,0,0
B103299,Trade,Digital Lender,37,32564.0,58,1,0.774,0.337,3,194969.0,0.299,301.8,0,0
B103300,Services,Bank,48,28948.0,117,1,0.953,0.36,3,84897.0,0.147,11.1,0,0
B103301,Agriculture,Bank,51,46669.0,56,1,0.874,0.472,2,334338.0,0.358,12.2,0,0
B103302,Agriculture,Digital Lender,40,71083.0,19,4,0.597,0.705,1,454003.0,0.319,368.5,0,0
B103303,Services,Bank,28,29486.0,19,1,0.908,0.863,3,173152.0,0.294,14.4,0,0
B103304,Personal/Household,Bank,27,21123.0,59,3,0.707,0.657,5,42230.0,0.1,11.8,0,0
B103305,Trade,SACCO,29,13490.0,20,1,0.528,0.644,3,46602.0,0.173,17.0,0,0
B103306,Trade,Bank,54,42425.0,49,2,0.627,0.62,4,313485.0,0.369,15.1,0,0
B103307,Trade,Digital Lender,31,18099.0,26,0,0.865,0.749,3,88751.0,0.245,182.2,0,0
B103308,Transport,SACCO,38,108137.0,13,4,0.733,0.597,5,670637.0,0.31,16.2,0,0
B103309,Trade,Bank,25,137111.0,4,2,0.835,0.856,1,1006248.0,0.367,14.8,0,0
B103310,Services,SACCO,23,26445.0,48,2,0.82,0.681,1,206316.0,0.39,12.1,0,0
B103311,Services,Digital Lender,35,11899.0,11,3,0.783,0.527,4,64249.0,0.27,60.6,0,0
B103312,Manufacturing,Bank,32,42599.0,50,5,0.859,0.374,0,342492.0,0.402,12.0,0,0
B103313,Transport,SACCO,32,94309.0,17,2,0.869,0.716,2,836641.0,0.444,11.9,0,0
B103314,Agriculture,MFI,20,14447.0,12,1,0.632,0.833,5,74229.0,0.257,16.6,0,0
B103315,Trade,MFI,34,84451.0,7,1,0.941,0.506,2,740730.0,0.439,17.0,0,0
B103316,Personal/Household,SACCO,50,10754.0,7,1,0.76,0.735,3,56677.0,0.263,12.5,0,0
B103317,Trade,Bank,26,13362.0,4,1,0.48,0.538,3,95404.0,0.357,17.6,0,0
B103318,Trade,MFI,44,35240.0,7,2,0.899,0.851,2,91891.0,0.13,24.8,0,0
B103319,Agriculture,Bank,18,52010.0,76,2,0.609,0.314,2,157589.0,0.151,13.9,0,0
B103320,Trade,SACCO,27,28666.0,14,0,0.648,0.373,2,251265.0,0.438,14.9,0,0
B103321,Real Estate,SACCO,18,38070.0,77,1,0.699,0.703,0,262187.0,0.344,9.9,0,0
B103322,Personal/Household,Bank,47,54580.0,20,2,0.833,0.636,1,188737.0,0.173,16.1,0,0
B103323,Personal/Household,Bank,44,58169.0,29,1,0.93,0.76,3,229856.0,0.198,12.1,0,0
B103324,Transport,Digital Lender,25,21115.0,18,2,0.714,0.768,3,84133.0,0.199,184.8,0,0
B103325,Personal/Household,Bank,38,18492.0,11,2,0.671,0.743,1,78727.0,0.213,13.9,0,0
B103326,Real Estate,Bank,47,53075.0,4,2,0.856,0.588,1,389217.0,0.367,12.8,1,0
B103327,Personal/Household,Bank,49,38170.0,81,2,0.767,0.779,2,312054.0,0.409,15.9,0,0
B103328,Manufacturing,MFI,31,41102.0,28,2,0.884,0.841,3,128242.0,0.156,20.2,0,0
B103329,Agriculture,Bank,18,20668.0,27,3,0.757,0.695,2,135104.0,0.327,13.6,0,0
B103330,Services,Digital Lender,26,42232.0,65,1,0.918,0.825,3,260760.0,0.309,248.3,0,0
B103331,Agriculture,SACCO,43,16286.0,14,2,0.733,0.623,1,93570.0,0.287,16.0,0,0
B103332,Trade,Bank,56,34064.0,21,1,0.827,0.796,1,65247.0,0.096,16.3,0,0
B103333,Agriculture,MFI,34,31618.0,76,0,0.671,0.816,4,192314.0,0.304,21.6,0,0
B103334,Agriculture,Bank,29,31738.0,23,2,0.616,0.887,1,211257.0,0.333,14.3,0,0
B103335,Agriculture,Bank,59,45691.0,18,1,0.886,0.742,0,282722.0,0.309,10.6,0,0
B103336,Manufacturing,SACCO,39,16965.0,7,1,0.731,0.333,3,91776.0,0.27,9.4,0,1
B103337,Services,Bank,23,43144.0,6,2,0.91,0.379,4,244248.0,0.283,12.5,0,0
B103338,Agriculture,Digital Lender,34,30072.0,17,1,0.844,0.626,0,249337.0,0.415,168.2,0,0
B103339,Manufacturing,MFI,45,19238.0,3,2,0.918,0.76,2,65266.0,0.17,18.1,0,0
B103340,Agriculture,Bank,34,14371.0,104,2,0.653,0.622,1,44098.0,0.153,18.7,0,1
B103341,Personal/Household,Digital Lender,43,84017.0,29,2,0.878,0.753,2,512876.0,0.305,118.6,0,0
B103342,Trade,MFI,19,28618.0,29,1,0.836,0.632,2,133633.0,0.233,16.2,0,0
B103343,Trade,Bank,21,24459.0,18,0,0.945,0.834,1,133176.0,0.272,16.6,0,0
B103344,Manufacturing,MFI,28,15851.0,56,3,0.839,0.71,1,112135.0,0.354,24.5,0,1
B103345,Transport,Digital Lender,32,54109.0,43,2,0.889,0.664,3,383151.0,0.354,117.6,0,0
B103346,Personal/Household,MFI,38,51849.0,105,2,0.759,0.706,2,213413.0,0.206,19.6,0,0
B103347,Transport,MFI,41,46638.0,39,1,0.852,0.768,2,290551.0,0.311,23.5,0,0
B103348,Personal/Household,MFI,60,28751.0,2,1,0.697,0.838,0,199348.0,0.347,22.9,0,0
B103349,Real Estate,Bank,28,44945.0,55,0,0.52,0.854,4,128441.0,0.143,15.8,0,0
B103350,Trade,Bank,32,18900.0,17,2,0.885,0.667,0,145605.0,0.385,13.0,1,0
B103351,Trade,MFI,28,33513.0,15,2,0.536,0.339,2,142900.0,0.213,20.7,0,0
B103352,Trade,Digital Lender,46,28857.0,8,1,0.891,0.937,2,237952.0,0.412,140.3,1,0
B103353,Agriculture,SACCO,46,34437.0,38,0,0.786,0.794,4,222956.0,0.324,15.6,1,0
B103354,Manufacturing,Bank,31,10968.0,64,0,0.678,0.637,5,45105.0,0.206,16.4,0,0
B103355,Agriculture,MFI,56,83144.0,15,1,0.622,0.825,1,618330.0,0.372,19.1,0,0
B103356,Manufacturing,Bank,28,72417.0,24,1,0.721,0.78,2,584703.0,0.404,14.9,0,0
B103357,Manufacturing,Bank,45,15796.0,29,2,0.468,0.607,0,130503.0,0.413,10.3,0,0
B103358,Transport,SACCO,50,40845.0,23,0,0.581,0.707,3,345014.0,0.422,9.4,0,0
B103359,Transport,Bank,21,13124.0,23,5,0.851,0.638,0,104337.0,0.397,13.9,0,0
B103360,Agriculture,Digital Lender,41,31136.0,17,0,0.791,0.793,2,239439.0,0.384,265.9,0,0
B103361,Agriculture,MFI,18,8887.0,46,1,0.847,0.702,2,47034.0,0.265,29.1,0,0
B103362,Transport,SACCO,43,25319.0,33,2,0.701,0.626,1,112215.0,0.222,9.9,0,0
B103363,Transport,Digital Lender,24,22737.0,18,4,0.899,0.639,0,122965.0,0.27,93.1,0,0
B103364,Agriculture,SACCO,41,56174.0,22,2,0.45,0.618,4,475596.0,0.423,14.8,0,1
B103365,Agriculture,Digital Lender,43,74434.0,116,2,0.742,0.442,0,666177.0,0.447,30.7,0,0
B103366,Personal/Household,Digital Lender,46,75361.0,72,3,0.695,0.224,1,593980.0,0.394,128.9,0,0
B103367,Transport,MFI,44,56221.0,50,2,0.869,0.71,3,416130.0,0.37,16.6,0,0
B103368,Trade,Bank,36,31111.0,23,0,0.808,0.785,1,190816.0,0.307,16.6,0,0
B103369,Real Estate,Bank,31,36811.0,24,0,0.748,0.544,0,292702.0,0.398,16.5,0,0
B103370,Services,Digital Lender,34,36713.0,18,3,0.614,0.584,2,172795.0,0.235,156.9,0,0
B103371,Trade,Bank,24,15535.0,36,4,0.805,0.6,2,73652.0,0.237,15.7,0,0
B103372,Personal/Household,Digital Lender,33,55841.0,18,4,0.629,0.742,3,101350.0,0.091,125.8,0,0
B103373,Trade,Bank,32,43457.0,16,2,0.732,0.55,2,167501.0,0.193,14.6,0,1
B103374,Manufacturing,SACCO,27,44582.0,23,2,0.902,0.758,2,216826.0,0.243,12.6,0,0
B103375,Real Estate,Bank,18,8478.0,17,3,0.805,0.467,0,72203.0,0.426,13.8,0,0
B103376,Trade,Digital Lender,22,38140.0,55,2,0.497,0.827,0,203729.0,0.267,226.1,0,0
B103377,Services,Bank,18,51694.0,62,1,0.6,0.86,1,300461.0,0.291,13.1,0,0
B103378,Real Estate,Bank,32,29484.0,45,0,0.787,0.88,2,156248.0,0.265,14.2,1,0
B103379,Services,Digital Lender,39,22575.0,15,2,0.896,0.649,4,77075.0,0.171,68.3,0,0
B103380,Agriculture,Bank,18,14054.0,41,0,0.585,0.471,6,104880.0,0.373,16.4,0,0
B103381,Personal/Household,Bank,37,13510.0,11,0,0.903,0.465,2,53611.0,0.198,11.6,0,0
B103382,Services,Digital Lender,34,32367.0,15,1,0.832,0.623,3,114044.0,0.176,358.6,0,0
B103383,Manufacturing,Digital Lender,23,26131.0,51,0,0.826,0.34,1,126998.0,0.243,269.6,0,1
B103384,Trade,Bank,31,25930.0,12,1,0.35,0.463,1,135331.0,0.261,13.3,0,0
B103385,Personal/Household,SACCO,46,68934.0,22,3,0.831,0.768,3,563904.0,0.409,9.9,0,0
B103386,Manufacturing,Bank,25,14902.0,16,2,0.764,0.828,0,37679.0,0.126,18.9,0,0
B103387,Services,Bank,36,24584.0,52,0,0.849,0.91,4,62888.0,0.128,12.7,0,0
B103388,Real Estate,SACCO,38,75490.0,8,1,0.853,0.798,0,548422.0,0.363,11.8,1,0
B103389,Agriculture,Bank,27,25043.0,85,4,0.819,0.473,3,203224.0,0.406,11.5,1,1
B103390,Trade,MFI,45,30837.0,30,1,0.809,0.615,0,197841.0,0.321,14.3,0,0
B103391,Personal/Household,Bank,39,27003.0,85,3,0.874,0.856,2,167670.0,0.31,13.3,0,0
B103392,Services,Digital Lender,32,43835.0,20,6,0.635,0.761,5,284333.0,0.324,146.6,0,0
B103393,Trade,MFI,59,9602.0,21,1,0.728,0.733,2,78552.0,0.409,16.4,1,1
B103394,Personal/Household,Bank,45,26586.0,3,5,0.859,0.568,1,166711.0,0.314,15.1,1,1
B103395,Services,Digital Lender,18,30636.0,63,1,0.858,0.544,1,236420.0,0.386,198.9,0,0
B103396,Trade,Digital Lender,31,17171.0,61,1,0.791,0.816,0,152568.0,0.444,45.9,0,0
B103397,Trade,Bank,60,35917.0,72,2,0.591,0.82,3,277335.0,0.386,14.1,0,0
B103398,Personal/Household,Digital Lender,25,45821.0,2,3,0.819,0.568,0,161773.0,0.177,266.1,0,0
B103399,Transport,Bank,36,38123.0,9,1,0.82,0.545,1,306225.0,0.402,15.2,0,0
B103400,Trade,Bank,47,79111.0,23,1,0.641,0.366,2,656449.0,0.415,17.2,0,0
B103401,Personal/Household,Bank,42,23427.0,43,1,0.648,0.632,4,137716.0,0.294,16.5,0,0
B103402,Manufacturing,Bank,43,39113.0,32,2,0.895,0.448,5,247881.0,0.317,15.0,0,0
B103403,Services,SACCO,42,38632.0,45,2,0.94,0.511,1,304728.0,0.394,13.5,0,0
B103404,Personal/Household,MFI,35,26119.0,32,1,0.569,0.554,2,112350.0,0.215,19.2,1,0
B103405,Personal/Household,Digital Lender,27,55457.0,12,2,0.736,0.634,4,472632.0,0.426,57.7,0,1
B103406,Manufacturing,Bank,39,34840.0,10,3,0.367,0.799,1,157246.0,0.226,16.0,1,0
B103407,Agriculture,Bank,31,15359.0,6,2,0.781,0.807,2,98373.0,0.32,16.9,0,0
B103408,Manufacturing,Bank,30,44928.0,121,1,0.725,0.981,2,200890.0,0.224,16.1,0,0
B103409,Trade,Bank,50,22592.0,4,0,0.876,0.647,2,79071.0,0.175,14.5,0,0
B103410,Transport,Digital Lender,31,24897.0,26,0,0.794,0.473,1,184342.0,0.37,125.5,0,0
B103411,Trade,SACCO,52,25932.0,8,1,0.577,0.754,0,227415.0,0.438,15.0,0,0
B103412,Manufacturing,Digital Lender,38,44552.0,32,2,0.737,0.89,2,230568.0,0.259,16.1,0,0
B103413,Trade,SACCO,33,53822.0,16,2,0.824,0.489,3,126856.0,0.118,20.3,0,0
B103414,Agriculture,Bank,18,27236.0,44,2,0.667,0.635,1,158810.0,0.292,18.7,0,0
B103415,Agriculture,Bank,56,26390.0,35,1,0.941,0.744,4,133524.0,0.253,10.5,0,1
B103416,Transport,MFI,35,9644.0,8,2,0.963,0.522,1,23873.0,0.124,18.0,0,0
B103417,Personal/Household,Digital Lender,18,20123.0,11,1,0.812,0.715,2,79471.0,0.197,130.3,0,0
B103418,Trade,Bank,45,17664.0,24,0,0.644,0.468,2,146668.0,0.415,12.6,0,1
B103419,Personal/Household,Bank,34,35283.0,4,2,0.646,0.664,1,244950.0,0.347,13.5,0,0
B103420,Personal/Household,SACCO,26,28032.0,19,1,0.618,0.831,1,210170.0,0.375,8.4,0,1
B103421,Agriculture,Bank,44,18036.0,11,2,0.733,0.853,1,89259.0,0.247,15.5,0,0
B103422,Transport,MFI,18,32338.0,11,2,0.755,0.795,0,224077.0,0.346,18.5,0,0
B103423,Real Estate,Bank,28,28647.0,30,0,0.712,0.622,2,208906.0,0.365,14.4,0,0
B103424,Trade,MFI,32,8000.0,14,0,0.549,0.961,0,62822.0,0.393,19.6,1,0
B103425,Manufacturing,Bank,44,54686.0,11,1,0.702,0.726,1,296528.0,0.271,12.6,0,1
B103426,Trade,Digital Lender,57,51844.0,39,1,0.769,0.543,2,324692.0,0.313,185.8,1,1
B103427,Personal/Household,SACCO,33,26086.0,29,1,0.966,0.638,1,190948.0,0.366,11.0,0,0
B103428,Services,Bank,40,36096.0,24,0,0.686,0.741,2,246622.0,0.342,14.8,0,0
B103429,Personal/Household,Digital Lender,62,24862.0,61,3,0.697,0.59,3,163870.0,0.33,169.3,1,0
B103430,Manufacturing,Digital Lender,35,12302.0,31,1,0.75,0.527,4,26227.0,0.107,243.3,0,0
B103431,Manufacturing,SACCO,40,97738.0,54,2,0.786,0.919,1,761743.0,0.39,9.6,0,0
B103432,Services,Digital Lender,23,44908.0,45,0,0.91,0.482,2,140209.0,0.156,167.5,0,0
B103433,Agriculture,Digital Lender,55,49878.0,18,3,0.691,0.79,3,223089.0,0.224,97.3,0,0
B103434,Trade,Bank,28,25425.0,10,3,0.961,0.674,0,105089.0,0.207,16.0,0,0
B103435,Manufacturing,Bank,38,55231.0,20,3,0.546,0.592,0,222196.0,0.201,16.8,0,0
B103436,Agriculture,Bank,37,13994.0,10,3,0.709,0.523,3,101359.0,0.362,12.9,0,1
B103437,Agriculture,MFI,36,25977.0,12,4,0.681,0.607,3,192135.0,0.37,29.1,1,1
B103438,Trade,Digital Lender,31,44663.0,34,4,0.716,0.796,3,349314.0,0.391,254.4,0,0
B103439,Transport,SACCO,37,21063.0,25,1,0.963,0.569,0,95351.0,0.226,12.6,0,0
B103440,Agriculture,Bank,53,49065.0,9,4,0.779,0.66,6,156577.0,0.16,10.9,0,1
B103441,Trade,Digital Lender,58,35139.0,22,4,0.831,0.657,2,270703.0,0.385,335.5,0,0
B103442,Trade,SACCO,33,33366.0,25,3,0.857,0.85,2,131086.0,0.196,16.3,0,0
B103443,Agriculture,Bank,31,20010.0,5,0,0.466,0.763,2,178884.0,0.447,17.6,0,0
B103444,Personal/Household,Digital Lender,27,37138.0,39,5,0.724,0.643,0,288975.0,0.389,111.4,0,0
B103445,Agriculture,Bank,62,86069.0,22,4,0.664,0.806,1,718041.0,0.417,13.6,0,0
B103446,Transport,MFI,36,32742.0,26,1,0.599,0.693,0,180394.0,0.275,18.1,0,0
B103447,Personal/Household,MFI,46,40368.0,67,1,0.84,0.757,2,102306.0,0.127,21.6,0,0
B103448,Agriculture,Digital Lender,42,43780.0,147,1,0.67,0.627,5,323895.0,0.37,188.3,1,1
B103449,Personal/Household,Bank,57,15844.0,14,4,0.83,0.682,2,103485.0,0.327,14.6,0,0
B103450,Personal/Household,Bank,33,27642.0,39,2,0.676,0.724,1,207568.0,0.375,18.3,1,0
B103451,Manufacturing,SACCO,24,27183.0,3,5,0.766,0.647,2,147082.0,0.271,15.0,0,1
B103452,Trade,Digital Lender,54,9240.0,52,3,0.987,0.922,1,70071.0,0.379,170.1,0,0
B103453,Trade,Bank,44,45887.0,60,5,0.643,0.703,1,80540.0,0.088,16.2,0,0
B103454,Services,Bank,40,17810.0,26,3,0.603,0.566,0,145226.0,0.408,13.7,1,0
B103455,Personal/Household,Digital Lender,50,43209.0,20,2,0.647,0.687,0,270684.0,0.313,263.2,0,0
B103456,Services,Digital Lender,40,19596.0,18,1,0.809,0.516,0,55164.0,0.141,70.3,0,0
B103457,Services,Bank,51,91415.0,1,3,0.827,0.792,1,558173.0,0.305,15.5,0,0
B103458,Trade,Bank,37,25509.0,9,3,0.894,0.832,1,185652.0,0.364,15.1,0,0
B103459,Personal/Household,MFI,44,85531.0,21,0,0.701,0.943,1,241827.0,0.141,20.5,0,0
B103460,Real Estate,SACCO,40,27038.0,44,1,0.384,0.638,1,60164.0,0.111,17.0,0,0
B103461,Personal/Household,MFI,32,28871.0,10,1,0.806,0.398,2,252904.0,0.438,13.7,0,0
B103462,Trade,Digital Lender,33,70377.0,62,2,0.654,0.678,2,303191.0,0.215,160.2,1,0
B103463,Agriculture,Bank,31,17950.0,34,2,0.884,0.477,1,63242.0,0.176,13.2,0,0
B103464,Personal/Household,Digital Lender,38,30561.0,25,3,0.844,0.796,1,85901.0,0.141,8.0,0,0
B103465,Personal/Household,Bank,30,40004.0,4,3,0.925,0.819,2,196868.0,0.246,20.9,0,1
B103466,Transport,Digital Lender,39,37126.0,13,1,0.531,0.554,2,100947.0,0.136,237.6,0,0
B103467,Agriculture,Bank,39,30445.0,68,2,0.854,0.718,1,241890.0,0.397,17.9,0,0
B103468,Agriculture,Bank,37,28229.0,76,0,0.913,0.245,2,112171.0,0.199,13.6,0,0
B103469,Services,Bank,37,47360.0,79,1,0.681,0.728,0,149921.0,0.158,13.8,0,0
B103470,Real Estate,Bank,29,32769.0,45,1,0.866,0.513,2,120065.0,0.183,16.6,0,0
B103471,Real Estate,MFI,32,50590.0,59,4,0.96,0.452,2,225034.0,0.222,22.4,0,1
B103472,Manufacturing,SACCO,18,36884.0,12,2,0.828,0.808,3,168954.0,0.229,12.2,1,0
B103473,Real Estate,Digital Lender,34,42515.0,8,2,0.883,0.643,2,215564.0,0.254,49.0,0,1
B103474,Manufacturing,MFI,25,55462.0,25,1,0.795,0.553,2,368336.0,0.332,24.5,0,0
B103475,Real Estate,MFI,36,25071.0,9,1,0.79,0.389,1,200504.0,0.4,15.9,0,0
B103476,Personal/Household,Bank,28,54641.0,6,1,0.27,0.593,1,422222.0,0.386,13.8,0,0
B103477,Services,Digital Lender,18,27276.0,74,3,0.735,0.616,4,192973.0,0.354,205.0,0,1
B103478,Services,Bank,58,13762.0,91,2,0.93,0.872,3,24448.0,0.089,15.6,0,0
B103479,Manufacturing,Bank,33,24808.0,10,2,0.713,0.881,2,66014.0,0.133,12.5,0,0
B103480,Real Estate,Bank,49,19981.0,11,1,0.92,0.435,7,62323.0,0.156,13.7,0,0
B103481,Personal/Household,Bank,30,36550.0,4,1,0.552,0.844,4,324541.0,0.444,13.7,0,0
B103482,Personal/Household,SACCO,52,25408.0,17,3,0.829,0.616,1,163287.0,0.321,10.1,0,0
B103483,Manufacturing,Bank,23,31899.0,4,3,0.746,0.814,1,214942.0,0.337,16.1,1,0
B103484,Personal/Household,Bank,37,51939.0,84,4,0.524,0.662,0,151561.0,0.146,12.3,0,0
B103485,Personal/Household,Digital Lender,24,67318.0,54,0,0.869,0.687,1,315582.0,0.234,8.0,0,0
B103486,Transport,Bank,61,34926.0,60,0,0.643,0.454,3,246627.0,0.353,12.3,0,0
B103487,Personal/Household,SACCO,33,54020.0,1,1,0.618,0.604,1,368093.0,0.341,11.6,0,0
B103488,Trade,Bank,43,26972.0,0,1,0.468,0.917,0,240177.0,0.445,11.9,0,0
B103489,Manufacturing,Digital Lender,40,12585.0,13,7,0.458,0.444,3,66881.0,0.266,8.0,0,1
B103490,Transport,SACCO,35,15543.0,3,1,0.862,0.573,1,23701.0,0.076,11.0,0,0
B103491,Trade,Bank,40,26698.0,15,0,0.704,0.765,2,153941.0,0.288,13.8,0,0
B103492,Personal/Household,Digital Lender,49,46054.0,6,8,0.788,0.772,2,93565.0,0.102,250.2,0,1
B103493,Transport,MFI,42,26740.0,43,1,0.719,0.539,0,231021.0,0.432,22.4,0,1
B103494,Trade,Bank,37,57081.0,2,3,0.703,0.393,1,274808.0,0.241,12.9,0,1
B103495,Personal/Household,SACCO,40,81422.0,0,2,0.943,0.938,1,283801.0,0.174,16.1,0,0
B103496,Personal/Household,SACCO,54,18241.0,1,2,0.477,0.576,1,63479.0,0.174,12.1,0,0
B103497,Personal/Household,Bank,31,95671.0,1,4,0.633,0.774,3,280420.0,0.147,11.0,0,0
B103498,Real Estate,Bank,18,12099.0,69,0,0.677,0.491,1,63301.0,0.262,14.4,0,1
B103499,Personal/Household,Bank,24,82196.0,51,2,0.788,0.973,5,438685.0,0.267,12.6,0,0
B103500,Real Estate,SACCO,25,29189.0,115,1,0.713,0.503,4,175539.0,0.301,8.0,0,1
B103501,Manufacturing,Digital Lender,26,26159.0,68,1,0.441,0.836,1,51283.0,0.098,165.8,0,0
B103502,Trade,MFI,27,29602.0,42,1,0.936,0.692,0,123374.0,0.208,17.3,0,0
B103503,Transport,Digital Lender,35,19149.0,29,4,0.796,0.853,3,80114.0,0.209,53.5,1,0
B103504,Personal/Household,Bank,37,67904.0,6,1,0.684,0.775,2,549047.0,0.404,11.2,0,0
B103505,Manufacturing,Digital Lender,37,20321.0,5,3,0.511,0.58,2,170883.0,0.42,163.3,0,0
B103506,Manufacturing,Digital Lender,28,21797.0,1,2,0.582,0.684,0,184751.0,0.424,45.9,0,0
B103507,Personal/Household,SACCO,45,13925.0,5,1,0.762,0.576,0,63545.0,0.228,8.0,0,0
B103508,Personal/Household,Bank,40,19893.0,0,2,0.575,0.48,4,140253.0,0.352,14.3,0,0
B103509,Agriculture,Bank,51,20229.0,64,0,0.722,0.556,3,67686.0,0.167,11.9,0,0
B103510,Services,Bank,43,19496.0,44,2,0.788,0.776,1,147669.0,0.379,16.1,1,0
B103511,Personal/Household,SACCO,32,26994.0,8,2,0.746,0.632,2,138571.0,0.257,14.6,0,0
B103512,Services,Digital Lender,48,16105.0,19,8,0.555,0.584,3,119197.0,0.37,211.7,1,0
B103513,Services,Bank,38,71467.0,23,1,0.752,0.61,2,181444.0,0.127,13.8,0,0
B103514,Services,Bank,43,27336.0,9,0,0.649,0.834,3,177656.0,0.325,15.3,0,0
B103515,Personal/Household,Bank,42,36524.0,17,3,0.673,0.814,2,245300.0,0.336,14.2,0,0
B103516,Transport,MFI,34,47762.0,16,1,0.654,0.601,0,314064.0,0.329,13.3,0,1
B103517,Trade,MFI,36,90555.0,28,2,0.553,0.453,1,278985.0,0.154,19.1,0,0
B103518,Manufacturing,Bank,34,49042.0,12,1,0.832,0.659,1,388347.0,0.396,14.5,0,0
B103519,Personal/Household,Digital Lender,26,25944.0,37,0,0.741,0.589,2,162123.0,0.312,40.9,0,0
B103520,Manufacturing,Bank,18,16482.0,15,1,0.833,0.663,2,86203.0,0.261,14.6,0,0
B103521,Personal/Household,SACCO,28,35809.0,25,3,0.955,0.658,1,134976.0,0.188,8.0,0,0
B103522,Trade,MFI,37,53330.0,95,2,0.836,0.441,3,382156.0,0.358,23.0,0,0
B103523,Real Estate,Bank,46,32147.0,19,0,0.837,0.689,2,102744.0,0.16,12.4,0,0
B103524,Manufacturing,SACCO,43,30818.0,36,3,0.84,0.733,3,58260.0,0.095,11.4,0,0
B103525,Real Estate,SACCO,32,33437.0,81,0,0.613,0.642,1,75257.0,0.113,13.4,0,0
B103526,Trade,MFI,28,10632.0,45,3,0.776,0.574,2,28722.0,0.135,20.2,0,0
B103527,Trade,Digital Lender,33,32227.0,29,1,0.857,0.553,2,155198.0,0.241,37.0,0,0
B103528,Personal/Household,MFI,25,44478.0,21,5,0.926,0.677,1,217003.0,0.244,29.8,0,0
B103529,Manufacturing,Bank,18,28995.0,73,4,0.887,0.837,3,129326.0,0.223,11.8,0,0
B103530,Trade,Digital Lender,20,55157.0,111,2,0.316,0.566,3,493316.0,0.447,103.2,0,0
B103531,Trade,Digital Lender,49,56178.0,14,5,0.701,0.691,2,359788.0,0.32,269.6,0,0
B103532,Real Estate,Bank,54,22536.0,7,3,0.855,0.833,1,88885.0,0.197,15.8,0,1
B103533,Trade,Digital Lender,43,37911.0,20,1,0.853,0.634,1,323439.0,0.427,179.1,0,0
B103534,Personal/Household,Digital Lender,34,30440.0,17,0,0.805,0.507,2,102946.0,0.169,8.0,0,0
B103535,Personal/Household,Bank,21,9743.0,34,3,0.797,0.635,2,86418.0,0.443,14.4,0,0
B103536,Agriculture,MFI,33,26824.0,2,2,0.89,0.359,2,116053.0,0.216,19.2,0,0
B103537,Transport,Bank,41,16865.0,95,4,0.698,0.499,2,137768.0,0.408,15.0,1,0
B103538,Trade,SACCO,43,32006.0,19,1,0.861,0.723,0,238973.0,0.373,15.3,1,0
B103539,Agriculture,Digital Lender,42,43283.0,15,4,0.895,0.664,1,97838.0,0.113,207.1,0,1
B103540,Services,Bank,47,26379.0,2,1,0.68,0.586,3,139660.0,0.265,16.4,0,1
B103541,Manufacturing,MFI,54,18124.0,2,3,0.872,0.952,1,135123.0,0.373,24.6,0,1
B103542,Services,Bank,31,33816.0,25,2,0.923,0.766,2,127933.0,0.189,16.4,0,0
B103543,Agriculture,MFI,63,114010.0,59,1,0.948,0.848,0,683129.0,0.3,19.8,0,0
B103544,Agriculture,Digital Lender,18,9002.0,16,0,0.843,0.362,2,31316.0,0.174,33.5,0,0
B103545,Real Estate,Bank,27,33794.0,2,0,0.676,0.816,1,186877.0,0.276,13.5,1,0
B103546,Manufacturing,MFI,37,22047.0,17,1,0.936,0.594,3,149387.0,0.339,28.2,0,0
B103547,Services,Bank,40,23521.0,17,2,0.629,0.678,3,153768.0,0.327,19.0,0,0
B103548,Trade,SACCO,33,28069.0,28,2,0.698,0.515,3,157845.0,0.281,9.3,0,0
B103549,Personal/Household,SACCO,30,24607.0,14,1,0.895,0.712,2,40292.0,0.082,15.3,0,0
B103550,Personal/Household,SACCO,57,41398.0,0,1,0.619,0.654,2,176164.0,0.213,9.3,0,0
B103551,Manufacturing,Bank,30,26030.0,51,1,0.532,0.755,1,114809.0,0.221,14.5,0,0
B103552,Agriculture,SACCO,25,9054.0,50,2,0.861,0.554,1,63353.0,0.35,19.7,0,0
B103553,Manufacturing,SACCO,52,60103.0,74,1,0.678,0.705,2,291614.0,0.243,16.0,0,0
B103554,Agriculture,SACCO,43,55332.0,18,3,0.746,0.737,0,278506.0,0.252,16.6,0,0
B103555,Personal/Household,MFI,46,21296.0,37,2,0.974,0.608,4,106537.0,0.25,19.3,0,0
B103556,Manufacturing,Digital Lender,37,30558.0,15,1,0.909,0.844,1,221333.0,0.362,131.8,0,0
B103557,Services,Bank,21,58086.0,26,1,0.835,0.593,0,254024.0,0.219,12.6,0,0
B103558,Transport,Bank,36,52483.0,93,2,0.751,0.716,3,287419.0,0.274,12.2,0,0
B103559,Manufacturing,Digital Lender,20,62727.0,16,2,0.589,0.784,2,519737.0,0.414,215.4,0,0
B103560,Personal/Household,Bank,37,36533.0,16,1,0.61,0.793,0,194285.0,0.266,18.2,1,0
B103561,Manufacturing,Digital Lender,42,45399.0,4,1,0.779,0.67,2,368894.0,0.406,88.9,0,0
B103562,Services,SACCO,46,64526.0,12,1,0.84,0.876,1,125851.0,0.098,8.0,1,1
B103563,Trade,Digital Lender,34,24617.0,3,2,0.816,0.566,2,53075.0,0.108,188.9,0,0
B103564,Services,MFI,42,37886.0,72,1,0.779,0.704,4,337916.0,0.446,18.1,1,0
B103565,Personal/Household,Digital Lender,26,9130.0,37,2,0.838,0.869,2,59540.0,0.326,148.5,0,0
B103566,Personal/Household,SACCO,45,12470.0,22,0,0.825,0.702,0,25607.0,0.103,19.4,0,0
B103567,Manufacturing,MFI,42,39144.0,29,3,0.729,0.759,3,89287.0,0.114,22.7,0,0
B103568,Personal/Household,Bank,27,42573.0,5,2,0.795,0.344,1,205478.0,0.241,14.8,1,0
B103569,Agriculture,Bank,40,24028.0,33,1,0.649,0.455,3,118712.0,0.247,14.4,0,0
B103570,Personal/Household,Bank,46,21300.0,40,2,0.749,0.521,2,141965.0,0.333,13.3,0,1
B103571,Trade,Digital Lender,36,24451.0,50,1,0.467,0.831,4,43682.0,0.089,142.4,0,0
B103572,Agriculture,Bank,27,33042.0,2,1,0.648,0.785,0,238202.0,0.36,15.8,0,1
B103573,Real Estate,Digital Lender,37,8329.0,16,2,0.828,0.251,2,64057.0,0.385,323.9,1,0
B103574,Agriculture,MFI,41,38411.0,127,0,0.757,0.816,1,293155.0,0.382,19.9,0,0
B103575,Real Estate,Bank,27,30267.0,37,1,0.686,0.657,1,230561.0,0.381,10.1,0,0
B103576,Personal/Household,Digital Lender,25,34067.0,14,2,0.358,0.829,2,287519.0,0.422,67.7,0,0
B103577,Agriculture,Bank,40,27777.0,60,0,0.483,0.554,1,176392.0,0.318,16.1,0,1
B103578,Personal/Household,SACCO,43,13895.0,2,1,0.818,0.636,4,39140.0,0.141,22.4,0,0
B103579,Trade,MFI,56,16252.0,31,2,0.756,0.711,2,113809.0,0.35,17.5,0,0
B103580,Personal/Household,Bank,42,68728.0,25,3,0.909,0.887,0,374274.0,0.272,13.9,1,0
B103581,Personal/Household,Bank,23,20880.0,18,3,0.876,0.555,2,98061.0,0.235,13.3,0,0
B103582,Real Estate,SACCO,55,46365.0,124,1,0.739,0.836,2,86867.0,0.094,9.0,1,0
B103583,Personal/Household,Bank,46,16394.0,114,2,0.638,0.631,2,29899.0,0.091,14.3,0,0
B103584,Services,Digital Lender,18,29488.0,45,1,0.828,0.751,0,92734.0,0.157,115.8,0,0
B103585,Personal/Household,SACCO,25,23333.0,22,2,0.955,0.576,2,130288.0,0.279,14.2,0,0
B103586,Real Estate,Bank,30,25384.0,36,3,0.842,0.618,2,224535.0,0.442,17.5,0,1
B103587,Manufacturing,Bank,43,24661.0,16,2,0.839,0.688,0,105539.0,0.214,14.9,1,0
B103588,Personal/Household,Bank,18,65786.0,36,1,0.573,0.832,3,501464.0,0.381,13.6,0,0
B103589,Agriculture,Digital Lender,34,85829.0,25,1,0.883,0.488,6,244405.0,0.142,52.0,1,1
B103590,Personal/Household,MFI,43,33884.0,3,5,0.737,0.658,1,268673.0,0.396,24.4,0,1
B103591,Agriculture,Bank,18,23695.0,25,2,0.868,0.88,1,66979.0,0.141,14.3,0,0
B103592,Personal/Household,MFI,42,14313.0,10,3,0.785,0.777,1,45305.0,0.158,16.6,0,0
B103593,Trade,MFI,44,13781.0,120,1,0.91,0.652,1,71939.0,0.261,26.0,0,0
B103594,Trade,SACCO,27,65983.0,34,3,0.907,0.805,3,280761.0,0.213,14.2,0,0
B103595,Services,Bank,23,13257.0,3,3,0.854,0.667,3,69791.0,0.263,18.3,0,1
B103596,Personal/Household,Bank,26,23337.0,4,3,0.864,0.946,1,87960.0,0.188,15.7,0,0
B103597,Services,Bank,18,32384.0,39,4,0.857,0.508,0,120619.0,0.186,14.5,0,1
B103598,Services,SACCO,32,8000.0,36,3,0.755,0.803,4,16895.0,0.106,12.0,0,0
B103599,Real Estate,SACCO,37,14946.0,44,2,0.848,0.904,0,81756.0,0.273,13.1,1,0
B103600,Agriculture,Bank,23,14241.0,1,1,0.884,0.574,4,26408.0,0.093,11.8,0,0
B103601,Trade,Bank,45,20617.0,26,0,0.621,0.156,1,142151.0,0.345,13.3,0,0
B103602,Manufacturing,SACCO,36,34279.0,8,4,0.908,0.767,2,301903.0,0.44,12.0,0,0
B103603,Agriculture,Bank,38,52328.0,24,2,0.872,0.754,3,451441.0,0.431,13.1,0,0
B103604,Services,MFI,31,20641.0,57,3,0.673,0.741,2,182079.0,0.441,17.8,0,1
B103605,Trade,MFI,42,23065.0,122,1,0.713,0.763,5,62258.0,0.135,8.0,0,0
B103606,Trade,Bank,48,27840.0,35,3,0.895,0.787,3,42954.0,0.077,15.2,0,0
B103607,Agriculture,MFI,31,19091.0,14,0,0.793,0.596,1,68056.0,0.178,24.1,0,0
B103608,Trade,Bank,43,37414.0,29,2,0.759,0.701,1,335382.0,0.448,15.5,1,0
B103609,Agriculture,MFI,43,38055.0,53,1,0.838,0.566,2,92433.0,0.121,17.4,0,0
B103610,Transport,Bank,39,8000.0,3,1,0.636,0.75,3,67149.0,0.42,13.4,0,0
B103611,Agriculture,MFI,52,42264.0,49,1,0.881,0.74,2,169458.0,0.2,24.5,0,0
B103612,Transport,MFI,28,31887.0,34,2,0.773,0.339,1,233145.0,0.366,20.0,1,0
B103613,Services,Bank,31,34280.0,12,3,0.793,0.851,1,194357.0,0.283,15.0,0,0
B103614,Transport,SACCO,27,56884.0,29,3,0.698,0.788,1,163816.0,0.144,14.5,0,0
B103615,Personal/Household,Digital Lender,42,11132.0,46,0,0.913,0.799,1,72681.0,0.326,214.0,0,0
B103616,Agriculture,Digital Lender,32,14905.0,49,3,0.554,0.679,2,110635.0,0.371,241.8,1,0
B103617,Trade,Bank,28,28606.0,13,1,0.651,0.931,3,83859.0,0.147,13.0,0,0
B103618,Agriculture,Bank,52,8294.0,2,1,0.661,0.505,0,39997.0,0.241,17.1,0,0
B103619,Services,Bank,53,26465.0,16,0,0.54,0.667,0,231194.0,0.437,14.2,0,0
B103620,Transport,Digital Lender,32,47351.0,16,0,0.696,0.515,1,420448.0,0.444,97.6,0,0
B103621,Agriculture,MFI,21,36981.0,81,2,0.554,0.576,1,99291.0,0.134,17.2,0,0
B103622,Real Estate,Bank,54,31053.0,182,2,0.686,0.529,1,200218.0,0.322,15.9,0,0
B103623,Personal/Household,SACCO,40,26160.0,80,2,0.917,0.605,2,213442.0,0.408,10.8,1,0
B103624,Transport,Bank,39,23498.0,3,1,0.914,0.48,2,118564.0,0.252,13.8,0,0
B103625,Manufacturing,MFI,36,22765.0,15,1,0.746,0.683,0,83642.0,0.184,20.5,0,1
B103626,Services,MFI,27,33718.0,31,1,0.877,0.652,1,161494.0,0.239,20.2,0,0
B103627,Transport,SACCO,31,12670.0,69,1,0.855,0.906,1,41330.0,0.163,11.0,0,0
B103628,Transport,SACCO,42,66484.0,13,1,0.941,0.41,2,507405.0,0.382,9.2,0,0
B103629,Trade,Bank,31,19817.0,11,0,0.63,0.717,4,59845.0,0.151,13.8,0,0
B103630,Trade,SACCO,39,40406.0,114,3,0.543,0.677,5,157806.0,0.195,17.1,0,0
B103631,Services,MFI,35,31076.0,56,0,0.634,0.331,2,216843.0,0.349,32.1,0,0
B103632,Transport,Bank,24,15764.0,11,1,0.745,0.452,1,135386.0,0.429,15.2,0,1
B103633,Real Estate,Digital Lender,51,60534.0,1,2,0.647,0.63,0,127618.0,0.105,82.5,0,1
B103634,Transport,Digital Lender,41,53896.0,1,3,0.697,0.734,5,103676.0,0.096,178.8,0,0
B103635,Trade,Digital Lender,38,12533.0,25,5,0.959,0.755,2,32090.0,0.128,136.8,0,0
B103636,Personal/Household,SACCO,41,28554.0,48,1,0.752,0.67,0,211857.0,0.371,8.0,0,0
B103637,Trade,Bank,18,33325.0,18,0,0.808,0.476,2,152920.0,0.229,16.3,1,0
B103638,Personal/Household,MFI,30,9516.0,51,0,0.881,0.466,3,57359.0,0.301,28.2,0,0
B103639,Manufacturing,Bank,20,9262.0,52,1,0.665,0.394,1,19678.0,0.106,14.8,0,0
B103640,Agriculture,Bank,36,18798.0,23,0,0.406,0.502,3,121394.0,0.323,19.1,0,0
B103641,Trade,MFI,38,14440.0,2,1,0.704,0.278,1,64039.0,0.222,21.0,0,0
B103642,Personal/Household,Bank,36,16748.0,13,3,0.446,0.837,2,122962.0,0.367,13.7,0,0
B103643,Trade,Bank,47,14441.0,43,2,0.868,0.701,4,93018.0,0.322,12.4,0,0
B103644,Trade,Digital Lender,20,27797.0,31,3,0.647,0.358,1,84518.0,0.152,204.0,0,0
B103645,Personal/Household,Bank,27,18201.0,24,3,0.697,0.833,1,160694.0,0.441,14.4,0,0
B103646,Agriculture,MFI,39,54868.0,24,0,0.554,0.678,3,353037.0,0.322,19.8,0,0
B103647,Real Estate,Digital Lender,38,32832.0,104,1,0.813,0.751,3,145515.0,0.222,165.9,0,1
B103648,Agriculture,SACCO,22,46022.0,34,2,0.85,0.557,1,81848.0,0.089,12.3,1,0
B103649,Personal/Household,Bank,47,11748.0,72,3,0.773,0.58,0,34263.0,0.146,17.8,0,0
B103650,Agriculture,SACCO,50,21046.0,3,4,0.911,0.918,0,158095.0,0.376,14.4,0,0
B103651,Trade,Digital Lender,39,32046.0,12,3,0.802,0.56,1,229589.0,0.358,86.9,0,0
B103652,Agriculture,Digital Lender,20,38145.0,11,2,0.765,0.912,0,335523.0,0.44,8.0,0,1
B103653,Trade,Bank,37,20822.0,10,2,0.528,0.841,0,179487.0,0.431,14.4,1,0
B103654,Agriculture,Bank,38,22570.0,4,2,0.762,0.674,2,136803.0,0.303,14.2,0,0
B103655,Trade,SACCO,32,23972.0,28,0,0.535,0.674,1,45991.0,0.096,14.1,0,0
B103656,Trade,Bank,48,25240.0,65,0,0.547,0.729,1,83856.0,0.166,13.2,0,0
B103657,Real Estate,Digital Lender,34,97764.0,48,1,0.898,0.707,2,412063.0,0.211,47.8,0,0
B103658,Personal/Household,SACCO,56,35323.0,19,2,0.885,0.801,3,70601.0,0.1,8.0,0,0
B103659,Trade,Digital Lender,43,30392.0,59,2,0.734,0.677,3,56789.0,0.093,145.5,0,0
B103660,Trade,Digital Lender,38,14877.0,6,1,0.545,0.807,1,101941.0,0.343,246.6,0,0
B103661,Services,SACCO,44,15071.0,7,2,0.901,0.576,0,117969.0,0.391,10.6,0,0
B103662,Services,Digital Lender,50,26443.0,5,2,0.75,0.707,2,171048.0,0.323,213.2,0,0
B103663,Transport,SACCO,44,55365.0,24,3,0.54,0.645,1,228678.0,0.207,11.0,0,0
B103664,Agriculture,Bank,34,26648.0,28,1,0.954,0.484,2,52988.0,0.099,16.1,0,0
B103665,Real Estate,Digital Lender,28,27283.0,1,0,0.697,0.57,1,200799.0,0.368,190.8,0,0
B103666,Trade,SACCO,24,19745.0,1,3,0.905,0.798,3,137443.0,0.348,16.3,0,1
B103667,Trade,Digital Lender,18,11408.0,14,2,0.682,0.696,2,64356.0,0.282,295.8,0,0
B103668,Agriculture,Bank,37,37809.0,2,2,0.788,0.83,0,227707.0,0.301,14.2,0,0
B103669,Manufacturing,Bank,31,25851.0,46,2,0.941,0.948,2,134989.0,0.261,15.9,0,0
B103670,Agriculture,Digital Lender,32,37999.0,22,3,0.93,0.899,1,145628.0,0.192,197.8,0,1
B103671,Transport,Bank,45,32372.0,8,2,0.716,0.517,1,104808.0,0.162,16.0,0,0
B103672,Agriculture,SACCO,34,17496.0,10,1,0.832,0.507,2,95022.0,0.272,9.7,0,0
B103673,Agriculture,MFI,54,33657.0,18,3,0.648,0.487,6,152041.0,0.226,25.5,0,1
B103674,Personal/Household,Bank,29,14617.0,1,2,0.797,0.867,1,27726.0,0.095,16.6,0,0
B103675,Personal/Household,Bank,25,33512.0,47,3,0.778,0.839,1,297170.0,0.443,15.0,0,0
B103676,Agriculture,Digital Lender,22,28723.0,9,3,0.854,0.602,4,256588.0,0.447,159.3,0,1
B103677,Manufacturing,Bank,42,69378.0,4,0,0.849,0.548,2,106233.0,0.077,15.2,0,1
B103678,Agriculture,SACCO,47,18457.0,11,1,0.857,0.867,1,31112.0,0.084,12.5,0,0
B103679,Trade,SACCO,29,14331.0,37,2,0.575,0.693,1,110464.0,0.385,8.6,0,0
B103680,Personal/Household,SACCO,24,23689.0,4,1,0.82,0.834,3,209374.0,0.442,14.5,1,1
B103681,Trade,MFI,50,41564.0,3,4,0.826,0.662,3,324134.0,0.39,21.8,0,1
B103682,Real Estate,Bank,20,8000.0,24,0,0.897,0.408,1,22016.0,0.138,13.5,0,0
B103683,Manufacturing,Digital Lender,45,48124.0,10,3,0.751,0.706,1,271459.0,0.282,174.0,0,0
B103684,Trade,Bank,29,26510.0,1,2,0.839,0.557,3,80859.0,0.153,18.1,0,0
B103685,Trade,Bank,39,15866.0,70,2,0.714,0.624,4,85158.0,0.268,16.8,1,0
B103686,Agriculture,Digital Lender,46,24287.0,41,4,0.84,0.874,0,216651.0,0.446,235.2,0,0
B103687,Services,Bank,40,19780.0,184,1,0.84,0.834,4,44122.0,0.112,17.5,1,0
B103688,Transport,Bank,32,15157.0,32,0,0.774,0.891,0,100239.0,0.331,14.5,0,1
B103689,Real Estate,Digital Lender,49,10237.0,59,1,0.72,0.613,1,16434.0,0.08,128.5,0,0
B103690,Trade,Bank,38,44434.0,33,2,0.59,0.498,1,172793.0,0.194,13.7,0,0
B103691,Transport,Bank,70,21857.0,8,2,0.693,0.503,2,103488.0,0.237,14.6,0,0
B103692,Trade,MFI,18,23973.0,118,1,0.617,0.509,1,69511.0,0.145,21.6,0,1
B103693,Manufacturing,Digital Lender,18,47317.0,78,3,0.611,0.801,1,83545.0,0.088,8.0,0,0
B103694,Personal/Household,Digital Lender,45,30660.0,2,2,0.648,0.803,0,47535.0,0.078,67.7,0,0
B103695,Real Estate,Digital Lender,35,12611.0,23,0,0.879,0.743,1,105873.0,0.42,110.9,0,0
B103696,Agriculture,Digital Lender,43,43047.0,4,1,0.81,0.399,1,221841.0,0.258,153.1,0,1
B103697,Trade,Bank,24,67246.0,24,2,0.768,0.654,1,150391.0,0.112,14.8,0,1
B103698,Trade,SACCO,36,39211.0,22,2,0.643,0.383,1,76373.0,0.097,18.5,0,0
B103699,Real Estate,Bank,40,18476.0,52,0,0.846,0.545,2,46117.0,0.125,13.6,0,0
B103700,Services,Digital Lender,30,13226.0,34,4,0.73,0.872,2,118227.0,0.447,45.7,0,0
B103701,Agriculture,Digital Lender,37,18110.0,27,4,0.881,0.665,2,120766.0,0.333,277.6,0,0
B103702,Manufacturing,Bank,21,31466.0,56,0,0.916,0.772,1,147374.0,0.234,14.6,0,0
B103703,Personal/Household,Digital Lender,39,65150.0,61,6,0.73,0.431,5,514317.0,0.395,65.1,0,0
B103704,Trade,SACCO,49,19582.0,80,1,0.63,0.703,0,50226.0,0.128,12.6,0,1
B103705,Trade,Bank,23,20808.0,27,1,0.782,0.461,2,109959.0,0.264,13.9,0,0
B103706,Agriculture,SACCO,22,52146.0,24,1,0.814,0.456,2,101131.0,0.097,21.3,0,0
B103707,Transport,Digital Lender,47,23419.0,56,2,0.996,0.628,4,184721.0,0.394,203.9,0,0
B103708,Real Estate,Bank,22,76320.0,25,2,0.925,0.585,4,176751.0,0.116,14.3,0,1
B103709,Personal/Household,Bank,43,27407.0,35,2,0.657,0.781,2,108407.0,0.198,14.7,0,0
B103710,Personal/Household,Digital Lender,36,56516.0,25,3,0.832,0.653,2,107127.0,0.095,390.3,0,0
B103711,Personal/Household,MFI,31,36700.0,83,1,0.655,0.684,2,212453.0,0.289,22.6,0,0
B103712,Services,MFI,50,43866.0,69,2,0.943,0.433,2,260861.0,0.297,22.8,0,0
B103713,Personal/Household,SACCO,44,26974.0,15,2,0.763,0.784,0,216024.0,0.4,12.7,0,0
B103714,Personal/Household,SACCO,38,27962.0,35,1,0.585,0.542,3,141433.0,0.253,16.3,0,0
B103715,Personal/Household,Bank,18,37437.0,36,1,0.748,0.551,5,67488.0,0.09,15.2,1,0
B103716,Personal/Household,Bank,42,46119.0,9,2,0.514,0.4,2,353235.0,0.383,15.0,0,0
B103717,Personal/Household,Digital Lender,24,39709.0,30,3,0.524,0.551,3,347861.0,0.438,125.8,0,0
B103718,Services,MFI,33,11248.0,59,2,0.815,0.456,1,87444.0,0.389,12.6,0,0
B103719,Real Estate,SACCO,35,34260.0,9,2,0.764,0.777,1,145031.0,0.212,17.0,0,0
B103720,Transport,Digital Lender,54,20720.0,73,7,0.565,0.547,5,127403.0,0.307,150.3,0,0
B103721,Manufacturing,Bank,32,22021.0,23,0,0.865,0.82,1,167473.0,0.38,15.6,0,0
B103722,Personal/Household,Digital Lender,21,38240.0,39,6,0.79,0.712,2,74930.0,0.098,264.0,0,0
B103723,Real Estate,Digital Lender,50,75649.0,6,5,0.857,0.757,1,549579.0,0.363,88.7,0,0
B103724,Personal/Household,Digital Lender,42,26170.0,71,4,0.929,0.896,2,172227.0,0.329,8.0,0,0
B103725,Personal/Household,Bank,43,87999.0,9,0,0.869,0.633,1,146262.0,0.083,12.2,0,0
B103726,Services,Bank,50,16263.0,7,0,0.762,0.417,4,118516.0,0.364,13.2,1,0
B103727,Agriculture,SACCO,52,58540.0,13,0,0.878,0.73,4,229156.0,0.196,10.3,0,0
B103728,Personal/Household,Digital Lender,26,37680.0,7,0,0.981,0.685,0,281097.0,0.373,52.8,0,0
B103729,Personal/Household,Digital Lender,21,33346.0,55,2,0.926,0.439,1,111463.0,0.167,211.2,0,0
B103730,Services,MFI,43,63624.0,12,1,0.644,0.851,3,340278.0,0.267,22.6,1,0
B103731,Services,MFI,32,20950.0,9,0,0.912,0.207,0,186053.0,0.444,15.0,0,0
B103732,Manufacturing,Bank,33,60034.0,41,1,0.932,0.487,2,465962.0,0.388,13.9,0,0
B103733,Manufacturing,SACCO,24,26514.0,10,2,0.589,0.494,4,184786.0,0.348,8.2,0,0
B103734,Trade,Digital Lender,41,20886.0,21,0,0.697,0.74,4,105559.0,0.253,243.8,0,0
B103735,Services,Digital Lender,39,14333.0,9,0,0.57,0.845,1,48242.0,0.168,175.6,0,0
B103736,Agriculture,Bank,33,71107.0,16,2,0.725,0.501,1,208665.0,0.147,16.9,0,0
B103737,Personal/Household,Digital Lender,21,55698.0,81,3,0.603,0.569,1,449483.0,0.403,142.8,0,0
B103738,Personal/Household,Bank,47,22858.0,39,2,0.474,0.404,0,154108.0,0.337,11.9,0,0
B103739,Real Estate,MFI,38,40134.0,5,0,0.892,0.735,4,261683.0,0.326,17.1,0,0
B103740,Trade,MFI,46,31877.0,10,3,0.886,0.592,1,49818.0,0.078,20.1,0,1
B103741,Trade,MFI,18,24487.0,45,2,0.767,0.717,0,41749.0,0.085,15.4,0,0
B103742,Personal/Household,Digital Lender,36,50545.0,11,4,0.736,0.429,3,416811.0,0.412,274.8,0,0
B103743,Manufacturing,SACCO,28,21079.0,62,3,0.947,0.443,3,158645.0,0.376,13.9,0,0
B103744,Trade,Bank,35,8907.0,7,1,0.6,0.512,1,38638.0,0.217,17.5,0,0
B103745,Personal/Household,Bank,44,34300.0,9,1,0.831,0.754,0,199951.0,0.291,15.4,0,1
B103746,Agriculture,MFI,39,30845.0,26,1,0.553,0.445,1,76190.0,0.124,27.7,0,1
B103747,Personal/Household,SACCO,35,21455.0,4,1,0.89,0.477,3,141660.0,0.33,12.1,0,0
B103748,Agriculture,MFI,35,18200.0,24,1,0.548,0.653,2,108416.0,0.298,13.9,0,0
B103749,Trade,Bank,19,12611.0,7,1,0.877,0.829,2,59977.0,0.238,17.7,1,1
B103750,Trade,Bank,26,24355.0,56,0,0.82,0.863,0,71319.0,0.146,16.5,0,0
B103751,Manufacturing,Digital Lender,46,18373.0,29,4,0.68,0.463,1,93272.0,0.254,214.4,0,0
B103752,Real Estate,MFI,30,50535.0,33,5,0.794,0.724,3,254020.0,0.251,8.3,0,0
B103753,Personal/Household,MFI,46,39501.0,88,1,0.756,0.733,3,111306.0,0.141,26.1,0,0
B103754,Real Estate,MFI,43,22777.0,1,3,0.895,0.588,2,162536.0,0.357,17.4,0,0
B103755,Agriculture,Bank,44,39636.0,36,0,0.77,0.659,2,348009.0,0.439,12.7,0,0
B103756,Agriculture,Bank,38,28026.0,34,1,0.55,0.675,1,129991.0,0.232,14.0,1,0
B103757,Agriculture,Bank,31,25637.0,60,1,0.313,0.768,1,86446.0,0.169,16.0,0,0
B103758,Services,SACCO,33,28850.0,1,4,0.629,0.689,2,208555.0,0.361,11.7,0,0
B103759,Trade,Bank,41,78765.0,58,2,0.774,0.677,2,336621.0,0.214,13.5,0,0
B103760,Services,Bank,18,42371.0,3,2,0.628,0.839,1,72777.0,0.086,13.3,0,0
B103761,Agriculture,Digital Lender,47,25231.0,23,2,0.689,0.678,0,85880.0,0.17,99.7,0,0
B103762,Trade,Bank,30,48612.0,10,0,0.766,0.962,1,303465.0,0.312,11.9,0,0
B103763,Agriculture,MFI,34,47657.0,93,1,0.791,0.775,0,191366.0,0.201,18.1,0,0
B103764,Trade,Bank,34,34298.0,4,1,0.711,0.897,1,80750.0,0.118,8.2,0,0
B103765,Personal/Household,Bank,35,24817.0,3,1,0.951,0.676,1,189703.0,0.382,15.7,0,0
B103766,Manufacturing,Bank,22,23932.0,67,2,0.682,0.561,2,91131.0,0.19,18.9,0,0
B103767,Agriculture,Digital Lender,37,16460.0,12,2,0.684,0.661,1,146857.0,0.446,248.0,0,0
B103768,Transport,MFI,41,32836.0,3,1,0.533,0.634,2,53616.0,0.082,25.2,0,0
B103769,Transport,SACCO,18,21260.0,48,2,0.674,0.801,0,106035.0,0.249,10.0,0,0
B103770,Services,Digital Lender,22,23384.0,25,4,0.904,0.782,2,130843.0,0.28,45.1,0,0
B103771,Services,Bank,44,41907.0,50,3,0.965,0.479,0,72758.0,0.087,15.7,0,0
B103772,Personal/Household,SACCO,42,75203.0,9,0,0.33,0.493,1,515703.0,0.343,13.8,0,0
B103773,Personal/Household,Bank,38,36527.0,45,1,0.486,0.931,0,234579.0,0.321,16.4,0,0
B103774,Personal/Household,MFI,28,28062.0,16,2,0.593,0.766,1,122300.0,0.218,23.3,0,0
B103775,Manufacturing,Digital Lender,42,29427.0,49,1,0.423,0.708,4,60341.0,0.103,148.7,0,0
B103776,Personal/Household,Bank,23,55597.0,8,1,0.469,0.835,2,286314.0,0.257,11.9,0,0
B103777,Trade,Digital Lender,34,36799.0,1,3,0.636,0.55,1,314782.0,0.428,11.6,0,1
B103778,Personal/Household,SACCO,22,33076.0,20,1,0.793,0.669,2,267554.0,0.404,12.6,0,1
B103779,Services,Bank,33,34390.0,7,1,0.272,0.707,3,87456.0,0.127,15.6,0,0
B103780,Trade,Bank,25,13552.0,1,3,0.565,0.709,3,83812.0,0.309,15.6,0,1
B103781,Personal/Household,SACCO,43,36856.0,1,3,0.96,0.867,4,294643.0,0.4,11.2,0,1
B103782,Services,MFI,39,18373.0,13,5,0.676,0.588,0,120214.0,0.327,29.7,0,0
B103783,Agriculture,Bank,29,36936.0,32,3,0.474,0.907,1,166068.0,0.225,15.3,0,0
B103784,Manufacturing,MFI,46,19844.0,47,1,0.761,0.45,1,92233.0,0.232,15.8,0,0
B103785,Services,Bank,25,41157.0,10,1,0.672,0.858,2,336533.0,0.409,13.9,0,0
B103786,Services,Digital Lender,35,27332.0,23,0,0.797,0.671,3,215115.0,0.394,8.0,0,0
B103787,Trade,Bank,29,15836.0,16,2,0.918,0.651,2,126091.0,0.398,14.5,0,0
B103788,Agriculture,MFI,42,25340.0,50,3,0.825,0.509,1,208743.0,0.412,17.2,0,0
B103789,Personal/Household,Digital Lender,41,100031.0,34,2,0.725,0.417,3,642402.0,0.321,8.7,0,0
B103790,Agriculture,SACCO,48,8517.0,23,2,0.767,0.435,0,58802.0,0.345,12.9,0,0
B103791,Agriculture,Digital Lender,36,32581.0,6,3,0.775,0.592,3,259515.0,0.398,185.6,1,1
B103792,Trade,Digital Lender,18,17055.0,8,5,0.622,0.545,0,68769.0,0.202,271.6,1,1
B103793,Trade,Bank,31,63404.0,15,1,0.798,0.389,5,265909.0,0.21,16.2,1,1
B103794,Manufacturing,Bank,51,46582.0,19,4,0.96,0.715,3,226737.0,0.243,17.4,0,0
B103795,Transport,SACCO,32,32934.0,83,2,0.638,0.726,2,196434.0,0.298,14.0,0,0
B103796,Transport,Bank,18,49246.0,15,0,0.693,0.708,2,278025.0,0.282,13.3,0,0
B103797,Personal/Household,SACCO,39,34014.0,13,4,0.558,0.679,1,88872.0,0.131,13.4,0,0
B103798,Real Estate,Bank,40,29833.0,32,1,0.787,0.51,0,181788.0,0.305,12.0,0,1
B103799,Agriculture,Digital Lender,28,21389.0,12,2,0.423,0.799,3,114184.0,0.267,254.4,0,0
B103800,Trade,SACCO,33,24379.0,4,4,0.648,0.517,2,127486.0,0.261,13.4,0,0
B103801,Trade,MFI,27,23035.0,38,2,0.556,0.819,4,132701.0,0.288,30.6,0,0
B103802,Agriculture,MFI,40,29902.0,15,4,0.809,0.553,4,254047.0,0.425,18.8,0,0
B103803,Trade,Digital Lender,36,10502.0,10,1,0.766,0.925,0,51099.0,0.243,106.2,0,0
B103804,Trade,SACCO,23,52382.0,55,1,0.794,0.614,3,234187.0,0.224,12.8,0,0
B103805,Trade,Digital Lender,35,86749.0,41,3,0.765,0.511,2,600109.0,0.346,122.6,1,1
B103806,Transport,Digital Lender,28,23442.0,52,2,0.866,0.489,3,67365.0,0.144,131.8,0,0
B103807,Transport,Bank,50,56739.0,42,3,0.636,0.787,1,297804.0,0.262,13.7,0,0
B103808,Services,Bank,44,27619.0,51,4,0.549,0.769,1,193557.0,0.35,14.6,0,0
B103809,Personal/Household,Bank,34,21348.0,59,2,0.907,0.562,2,138729.0,0.325,13.2,0,0
B103810,Manufacturing,SACCO,36,24101.0,11,2,0.861,0.413,1,166269.0,0.345,9.5,0,0
B103811,Trade,SACCO,45,31167.0,9,1,0.635,0.842,1,202342.0,0.325,13.7,0,0
B103812,Manufacturing,Bank,33,19996.0,126,2,0.905,0.457,1,65826.0,0.165,13.4,0,0
B103813,Trade,Digital Lender,43,41498.0,23,1,0.721,0.551,1,177990.0,0.214,310.4,1,0
B103814,Real Estate,Bank,50,22346.0,37,2,0.778,0.777,0,119275.0,0.267,17.6,0,0
B103815,Real Estate,Digital Lender,30,16477.0,18,4,0.62,0.626,1,97773.0,0.297,217.4,0,0
B103816,Real Estate,MFI,51,29409.0,3,3,0.653,0.343,0,44402.0,0.075,19.9,0,0
B103817,Agriculture,MFI,49,20299.0,66,1,0.884,0.617,0,179855.0,0.443,21.5,0,0
B103818,Personal/Household,Bank,37,24834.0,50,3,0.536,0.831,1,161254.0,0.325,15.2,1,1
B103819,Personal/Household,SACCO,31,28858.0,35,2,0.948,0.871,2,176741.0,0.306,9.2,1,0
B103820,Personal/Household,Digital Lender,37,14231.0,28,2,0.842,0.598,2,26918.0,0.095,99.0,0,0
B103821,Transport,Bank,33,66329.0,34,1,0.605,0.729,1,207541.0,0.156,18.4,0,0
B103822,Manufacturing,MFI,27,46488.0,24,1,0.919,0.6,1,392857.0,0.423,19.7,0,0
B103823,Trade,SACCO,40,21025.0,18,2,0.792,0.503,1,152930.0,0.364,15.7,0,0
B103824,Personal/Household,Bank,25,29421.0,77,4,0.682,0.732,1,134644.0,0.229,15.2,0,0
B103825,Manufacturing,SACCO,32,42179.0,20,3,0.881,0.648,1,261135.0,0.31,17.9,0,0
B103826,Agriculture,MFI,32,33349.0,18,0,0.711,0.527,4,266733.0,0.4,23.9,0,0
B103827,Agriculture,Digital Lender,21,83610.0,6,1,0.884,0.69,1,569257.0,0.34,84.6,0,0
B103828,Services,SACCO,42,26075.0,39,1,0.868,0.615,1,111306.0,0.213,13.9,0,0
B103829,Transport,Bank,33,57179.0,36,0,0.841,0.52,1,481428.0,0.421,16.7,0,1
B103830,Real Estate,Digital Lender,48,14270.0,42,5,0.927,0.946,2,51267.0,0.18,11.3,0,0
B103831,Transport,Bank,33,15530.0,0,2,0.841,0.633,1,107275.0,0.345,12.8,0,0
B103832,Real Estate,Digital Lender,31,75091.0,68,4,0.722,0.758,1,154620.0,0.103,244.0,1,0
B103833,Real Estate,SACCO,26,23445.0,10,3,0.887,0.551,3,166881.0,0.356,12.8,1,0
B103834,Agriculture,Bank,35,15645.0,56,3,0.434,0.774,4,38675.0,0.124,13.1,0,0
B103835,Real Estate,SACCO,35,28962.0,13,0,0.878,0.712,1,249270.0,0.43,11.2,0,0
B103836,Personal/Household,Bank,42,59587.0,56,1,0.527,0.581,1,224183.0,0.188,15.6,0,0
B103837,Trade,Digital Lender,36,19537.0,17,0,0.843,0.864,2,117895.0,0.302,271.9,0,0
B103838,Personal/Household,Digital Lender,56,29058.0,25,0,0.823,0.837,0,150475.0,0.259,14.5,0,1
B103839,Agriculture,SACCO,40,10722.0,33,2,0.83,0.417,1,51748.0,0.241,16.2,0,0
B103840,Personal/Household,MFI,25,22974.0,26,2,0.854,0.692,2,142377.0,0.31,16.7,0,0
B103841,Transport,SACCO,24,51455.0,8,0,0.837,0.778,1,109063.0,0.106,14.1,0,0
B103842,Transport,MFI,40,19315.0,16,5,0.824,0.864,1,99822.0,0.258,26.7,1,0
B103843,Transport,Bank,25,14771.0,16,2,0.82,0.846,0,131817.0,0.446,15.4,1,0
B103844,Services,Digital Lender,41,19402.0,6,5,0.807,0.519,1,39766.0,0.102,97.0,0,0
B103845,Manufacturing,Bank,44,21262.0,39,1,0.628,0.776,0,41491.0,0.098,14.8,0,0
B103846,Personal/Household,Bank,44,45279.0,1,1,0.733,0.542,2,320741.0,0.354,18.0,0,0
B103847,Personal/Household,Bank,26,36639.0,6,0,0.854,0.694,1,66307.0,0.09,13.3,1,0
B103848,Agriculture,Digital Lender,44,40746.0,13,2,0.8,0.823,2,128277.0,0.157,183.3,0,0
B103849,Agriculture,Digital Lender,38,30201.0,130,2,0.767,0.852,0,74345.0,0.123,275.9,0,0
B103850,Real Estate,Bank,29,21143.0,12,0,0.797,0.803,1,121722.0,0.288,12.9,0,0
B103851,Agriculture,Bank,33,19399.0,2,3,0.865,0.595,1,125150.0,0.323,13.6,0,0
B103852,Agriculture,Digital Lender,40,37714.0,38,4,0.702,0.942,2,63821.0,0.085,267.4,0,0
B103853,Real Estate,MFI,28,71250.0,62,0,0.882,0.45,0,229156.0,0.161,21.6,0,0
B103854,Transport,Digital Lender,38,17723.0,12,1,0.86,0.511,3,93662.0,0.264,180.4,1,0
B103855,Trade,Digital Lender,49,16985.0,8,3,0.943,0.816,1,27187.0,0.08,37.5,0,1
B103856,Personal/Household,Digital Lender,45,15919.0,1,3,0.743,0.872,3,72971.0,0.229,55.0,0,0
B103857,Real Estate,Bank,36,46974.0,19,3,0.546,0.653,1,349021.0,0.372,14.7,0,0
B103858,Personal/Household,SACCO,37,29051.0,32,3,0.814,0.675,2,111345.0,0.192,16.7,0,0
B103859,Trade,Digital Lender,30,40355.0,22,3,0.742,0.428,1,332223.0,0.412,346.8,0,0
B103860,Real Estate,Bank,30,22485.0,27,5,0.719,0.574,2,199974.0,0.445,15.9,0,0
B103861,Trade,Digital Lender,20,41774.0,24,5,0.489,0.557,4,164527.0,0.197,74.9,0,1
B103862,Transport,MFI,38,25382.0,45,1,0.868,0.678,2,136090.0,0.268,15.1,0,0
B103863,Agriculture,Digital Lender,42,12712.0,7,4,0.595,0.557,3,47792.0,0.188,218.1,0,1
B103864,Services,SACCO,34,49394.0,34,3,0.755,0.547,0,213837.0,0.216,9.5,1,0
B103865,Agriculture,Bank,26,29146.0,20,2,0.946,0.77,1,109897.0,0.189,13.9,0,0
B103866,Manufacturing,MFI,36,25068.0,38,1,0.483,0.878,1,142436.0,0.284,18.4,0,0
B103867,Agriculture,Bank,48,34707.0,57,3,0.901,0.711,3,93183.0,0.134,15.4,0,0
B103868,Transport,Bank,44,13436.0,19,4,0.746,0.673,1,73403.0,0.273,11.5,0,0
B103869,Real Estate,Digital Lender,35,37680.0,8,4,0.68,0.365,0,65645.0,0.087,8.0,0,1
B103870,Agriculture,Bank,55,21425.0,3,4,0.83,0.889,3,155936.0,0.364,13.6,0,1
B103871,Trade,Digital Lender,62,27286.0,38,1,0.844,0.528,1,126979.0,0.233,294.4,0,0
B103872,Trade,Bank,30,55637.0,36,1,0.846,0.658,3,476800.0,0.428,15.3,0,0
B103873,Trade,SACCO,33,42328.0,51,0,0.898,0.243,1,179622.0,0.212,17.7,0,0
B103874,Services,Digital Lender,42,26984.0,85,0,0.563,0.284,3,215161.0,0.399,27.6,0,0
B103875,Real Estate,SACCO,26,28125.0,40,2,0.593,0.712,2,170614.0,0.303,14.7,0,1
B103876,Trade,Digital Lender,43,8000.0,13,4,0.909,0.769,0,46672.0,0.292,113.8,0,0
B103877,Services,Digital Lender,36,18920.0,27,2,0.676,0.732,5,161295.0,0.426,40.1,1,0
B103878,Trade,SACCO,39,32595.0,2,0,0.833,0.785,2,72281.0,0.111,12.5,0,0
B103879,Real Estate,Digital Lender,29,19530.0,52,8,0.654,0.74,3,71908.0,0.184,266.3,0,0
B103880,Personal/Household,Bank,27,14335.0,44,1,0.961,0.791,0,78436.0,0.274,15.7,0,0
B103881,Services,MFI,18,38719.0,4,2,0.951,0.818,1,142070.0,0.183,20.9,1,0
B103882,Personal/Household,Bank,50,60995.0,35,2,0.745,0.752,2,358204.0,0.294,14.1,1,0
B103883,Real Estate,Digital Lender,44,19995.0,60,3,0.802,0.863,0,161045.0,0.403,127.4,0,0
B103884,Services,SACCO,42,48110.0,105,0,0.584,0.809,3,349373.0,0.363,9.9,0,0
B103885,Trade,SACCO,38,44296.0,23,1,0.886,0.886,1,290298.0,0.328,10.4,0,0
B103886,Services,Digital Lender,18,17374.0,27,1,0.62,0.57,2,86718.0,0.25,158.6,0,0
B103887,Personal/Household,Bank,27,19926.0,22,1,0.86,0.341,0,156737.0,0.393,15.0,1,0
B103888,Services,Digital Lender,32,80154.0,4,2,0.662,0.764,3,243602.0,0.152,111.7,0,0
B103889,Agriculture,Bank,24,16085.0,14,2,0.539,0.805,0,130096.0,0.404,15.9,0,1
B103890,Trade,Bank,18,21270.0,17,2,0.942,0.758,3,90168.0,0.212,16.3,0,0
B103891,Transport,SACCO,25,87655.0,7,3,0.779,0.27,2,697662.0,0.398,11.0,0,1
B103892,Manufacturing,Bank,35,21745.0,23,0,0.839,0.47,3,181818.0,0.418,14.0,0,1
B103893,Manufacturing,SACCO,35,62576.0,46,0,0.602,0.67,1,186616.0,0.149,15.2,0,0
B103894,Services,Digital Lender,44,16948.0,101,1,0.735,0.751,2,46514.0,0.137,62.9,0,0
B103895,Transport,Digital Lender,56,32082.0,12,3,0.696,0.697,2,62827.0,0.098,65.7,0,0
B103896,Agriculture,Bank,42,54028.0,13,1,0.456,0.567,2,101005.0,0.093,13.8,0,1
B103897,Real Estate,Bank,33,22992.0,44,2,0.662,0.604,4,64205.0,0.14,13.8,0,0
B103898,Trade,Bank,53,31409.0,27,3,0.739,0.897,2,140242.0,0.223,13.5,1,0
B103899,Trade,MFI,19,44777.0,8,1,0.864,0.806,2,279554.0,0.312,11.3,0,0
B103900,Trade,Bank,18,18104.0,11,2,0.928,0.384,3,145852.0,0.403,13.3,0,0
B103901,Personal/Household,Bank,26,101946.0,16,1,0.676,0.67,2,907059.0,0.445,16.8,0,0
B103902,Personal/Household,Digital Lender,43,52615.0,4,2,0.82,0.742,1,260783.0,0.248,89.5,0,0
B103903,Manufacturing,Digital Lender,37,24428.0,25,6,0.93,0.528,4,187645.0,0.384,265.5,0,0
B103904,Agriculture,Digital Lender,24,26130.0,1,1,0.922,0.793,3,97408.0,0.186,156.6,0,0
B103905,Transport,Bank,28,85088.0,38,0,0.804,0.918,0,517049.0,0.304,16.8,0,0
B103906,Personal/Household,MFI,23,24461.0,20,0,0.602,0.647,5,59144.0,0.121,21.1,0,0
B103907,Services,Bank,23,22933.0,36,2,0.775,0.884,2,59021.0,0.129,10.3,0,0
B103908,Manufacturing,Bank,51,55848.0,3,3,0.598,0.815,1,119458.0,0.107,16.2,0,0
B103909,Personal/Household,MFI,34,13762.0,96,1,0.938,0.572,2,20747.0,0.075,20.2,0,0
B103910,Manufacturing,Digital Lender,53,28479.0,3,2,0.893,0.894,1,108069.0,0.19,444.5,0,0
B103911,Real Estate,SACCO,26,31141.0,21,2,0.896,0.359,2,132913.0,0.213,9.8,0,0
B103912,Personal/Household,Bank,40,20190.0,51,1,0.779,0.73,5,178929.0,0.443,13.4,0,1
B103913,Real Estate,SACCO,37,12568.0,9,1,0.794,0.587,3,45467.0,0.181,10.5,0,0
B103914,Real Estate,Digital Lender,44,30884.0,27,5,0.707,0.678,3,102528.0,0.166,253.1,0,0
B103915,Agriculture,Bank,38,43412.0,43,2,0.848,0.916,2,126838.0,0.146,15.8,0,0
B103916,Manufacturing,Digital Lender,45,20466.0,24,5,0.67,0.674,2,65133.0,0.159,63.2,1,1
B103917,Manufacturing,Bank,41,15539.0,77,1,0.606,0.657,1,93490.0,0.301,12.5,0,0
B103918,Transport,Bank,24,59328.0,9,1,0.753,0.809,2,488395.0,0.412,17.5,0,0
B103919,Real Estate,Digital Lender,42,39754.0,2,0,0.594,0.69,2,222112.0,0.279,145.9,0,0
B103920,Trade,Bank,34,24368.0,26,1,0.911,0.593,0,205715.0,0.422,16.0,0,0
B103921,Personal/Household,SACCO,27,49339.0,18,1,0.596,0.846,0,380361.0,0.385,15.7,0,0
B103922,Agriculture,Bank,42,33961.0,52,1,0.634,0.775,1,74673.0,0.11,14.1,0,0
B103923,Services,SACCO,44,79544.0,32,0,0.89,0.836,2,170623.0,0.107,11.1,0,0
B103924,Trade,SACCO,30,42843.0,55,0,0.784,0.771,1,75156.0,0.088,12.5,0,0
B103925,Manufacturing,Digital Lender,31,13844.0,44,2,0.771,0.769,1,114407.0,0.413,79.2,1,0
B103926,Manufacturing,Digital Lender,21,20696.0,37,5,0.688,0.666,4,61890.0,0.15,241.2,0,0
B103927,Personal/Household,SACCO,18,21248.0,8,0,0.644,0.701,2,136132.0,0.32,11.1,0,0
B103928,Trade,Bank,33,35251.0,4,1,0.642,0.732,2,147000.0,0.208,16.1,0,0
B103929,Services,Bank,43,25162.0,10,3,0.643,0.668,1,197391.0,0.392,16.3,0,1
B103930,Manufacturing,SACCO,29,15994.0,46,3,0.886,0.525,2,129189.0,0.404,9.4,0,0
B103931,Transport,MFI,49,41111.0,45,0,0.77,0.725,2,202893.0,0.247,19.0,0,0
B103932,Manufacturing,Bank,33,51537.0,87,2,0.494,0.696,1,111534.0,0.108,14.9,0,0
B103933,Trade,Digital Lender,33,28099.0,17,3,0.747,0.494,1,193027.0,0.343,271.7,0,0
B103934,Manufacturing,Bank,32,33363.0,19,4,0.825,0.664,1,296425.0,0.444,16.9,1,0
B103935,Agriculture,Bank,45,17463.0,13,3,0.831,0.486,1,37889.0,0.108,10.4,0,0
B103936,Agriculture,Digital Lender,25,22306.0,90,6,0.907,0.558,3,88879.0,0.199,8.0,0,1
B103937,Transport,MFI,34,22813.0,20,0,0.898,0.552,2,66480.0,0.146,16.4,0,0
B103938,Manufacturing,SACCO,30,40426.0,26,2,0.748,0.808,4,128881.0,0.159,8.7,0,0
B103939,Trade,Bank,29,34229.0,6,2,0.742,0.554,3,298282.0,0.436,15.5,0,0
B103940,Trade,MFI,35,24802.0,24,1,0.632,0.803,0,88179.0,0.178,29.7,0,0
B103941,Trade,SACCO,34,24266.0,5,4,0.782,0.528,3,80123.0,0.165,14.9,0,0
B103942,Trade,Bank,46,10074.0,21,2,0.653,0.731,2,43109.0,0.214,9.8,1,0
B103943,Transport,SACCO,35,71914.0,21,3,0.906,0.617,4,495400.0,0.344,10.4,0,0
B103944,Trade,Bank,41,9443.0,15,1,0.746,0.578,3,80792.0,0.428,14.8,0,0
B103945,Services,Bank,37,37498.0,31,3,0.776,0.356,3,68076.0,0.091,13.2,0,0
B103946,Trade,Bank,49,30356.0,85,2,0.831,0.837,2,136537.0,0.225,13.9,0,0
B103947,Trade,Bank,32,25690.0,5,2,0.92,0.952,3,179852.0,0.35,15.6,0,0
B103948,Personal/Household,Bank,32,29599.0,13,0,0.75,0.55,3,234511.0,0.396,12.6,0,0
B103949,Agriculture,Digital Lender,42,20648.0,9,1,0.737,0.691,4,68829.0,0.167,167.5,0,0
B103950,Real Estate,MFI,32,42576.0,1,3,0.976,0.962,0,139499.0,0.164,30.7,0,0
B103951,Services,Bank,40,14437.0,31,2,0.975,0.687,2,21947.0,0.076,15.6,0,0
B103952,Services,MFI,58,35607.0,16,2,0.662,0.344,3,303107.0,0.426,24.8,1,1
B103953,Personal/Household,Bank,25,20481.0,130,1,0.678,0.725,2,42444.0,0.104,13.6,0,0
B103954,Trade,MFI,50,23510.0,60,2,0.869,0.826,0,185310.0,0.394,16.6,0,0
B103955,Transport,Digital Lender,30,23862.0,142,6,0.931,0.783,4,139304.0,0.292,226.4,0,0
B103956,Services,SACCO,48,27148.0,1,1,0.87,0.415,0,225355.0,0.415,17.5,0,0
B103957,Services,SACCO,42,39190.0,5,1,0.771,0.668,4,160958.0,0.205,14.3,0,0
B103958,Trade,Bank,41,29153.0,0,2,0.507,0.879,2,146392.0,0.251,16.9,0,0
B103959,Real Estate,Bank,33,49669.0,65,0,0.834,0.952,3,197301.0,0.199,13.6,0,0
B103960,Agriculture,Digital Lender,32,52823.0,8,4,0.691,0.528,3,135698.0,0.128,155.7,0,0
B103961,Trade,MFI,28,35236.0,7,1,0.318,0.477,1,136671.0,0.194,20.5,0,0
B103962,Personal/Household,SACCO,35,43279.0,1,0,0.747,0.75,3,221210.0,0.256,14.0,0,0
B103963,Agriculture,Digital Lender,33,90555.0,2,1,0.563,0.725,1,527271.0,0.291,152.3,0,0
B103964,Agriculture,Bank,37,13666.0,18,2,0.744,0.579,0,39428.0,0.144,14.3,0,0
B103965,Trade,Digital Lender,21,53738.0,22,0,0.698,0.873,1,467814.0,0.435,304.7,0,0
B103966,Manufacturing,MFI,35,69541.0,10,0,0.915,0.688,1,453031.0,0.326,16.6,0,0
B103967,Trade,Bank,48,37742.0,68,0,0.822,0.839,3,172605.0,0.229,11.6,0,0
B103968,Real Estate,Bank,44,84730.0,2,1,0.66,0.561,1,295504.0,0.174,13.3,0,1
B103969,Trade,SACCO,35,78871.0,13,3,0.912,0.816,0,454051.0,0.288,13.4,0,0
B103970,Services,Bank,61,24702.0,116,1,0.78,0.3,1,77810.0,0.157,15.4,1,1
B103971,Trade,SACCO,29,25765.0,34,1,0.892,0.57,2,138967.0,0.27,18.4,1,0
B103972,Manufacturing,SACCO,34,39808.0,28,0,0.639,0.826,0,245196.0,0.308,12.0,0,0
B103973,Trade,MFI,20,21094.0,40,0,0.857,0.51,2,148638.0,0.352,21.5,0,0
B103974,Trade,MFI,31,132081.0,6,5,0.618,0.848,2,449787.0,0.17,22.5,0,0
B103975,Trade,SACCO,53,45883.0,21,1,0.79,0.695,1,315958.0,0.344,12.9,0,0
B103976,Trade,MFI,31,30503.0,33,2,0.401,0.644,5,132374.0,0.217,14.6,0,0
B103977,Trade,Digital Lender,20,13690.0,10,6,0.589,0.688,6,88940.0,0.325,128.3,1,1
B103978,Manufacturing,Bank,44,34151.0,8,2,0.351,0.799,2,173045.0,0.253,12.0,0,0
B103979,Transport,Digital Lender,39,15489.0,30,1,0.84,0.9,1,54626.0,0.176,111.1,0,0
B103980,Trade,Bank,43,45159.0,123,1,0.77,0.651,3,361945.0,0.401,13.3,0,0
B103981,Real Estate,Bank,32,8000.0,45,4,0.871,0.738,1,44809.0,0.28,13.6,0,1
B103982,Transport,SACCO,25,63643.0,88,0,0.513,0.691,3,143805.0,0.113,11.9,0,0
B103983,Agriculture,Bank,33,23546.0,28,1,0.687,0.908,2,145776.0,0.31,14.0,0,0
B103984,Agriculture,Bank,41,11726.0,65,2,0.728,0.569,1,31603.0,0.135,14.0,0,0
B103985,Trade,Bank,34,29466.0,20,5,0.887,0.545,3,175955.0,0.299,15.9,0,0
B103986,Agriculture,SACCO,39,30009.0,5,1,0.666,0.856,5,232060.0,0.387,11.4,0,1
B103987,Real Estate,MFI,30,28699.0,11,3,0.904,0.772,3,86357.0,0.15,21.6,0,0
B103988,Services,Bank,39,63503.0,21,1,0.796,0.496,2,225043.0,0.177,15.0,0,0
B103989,Services,MFI,35,36662.0,34,3,0.942,0.616,3,167118.0,0.228,12.7,0,0
B103990,Services,Bank,28,46067.0,28,2,0.702,0.44,8,116899.0,0.127,12.7,0,0
B103991,Real Estate,Digital Lender,36,25931.0,9,2,0.808,0.522,1,179118.0,0.345,58.9,0,0
B103992,Trade,Bank,31,37603.0,9,1,0.795,0.421,0,185429.0,0.247,13.7,0,0
B103993,Agriculture,SACCO,41,14477.0,19,5,0.839,0.727,1,80541.0,0.278,12.6,0,0
B103994,Agriculture,MFI,44,34268.0,36,1,0.952,0.843,4,107392.0,0.157,27.0,0,0
B103995,Trade,MFI,40,19594.0,41,3,0.846,0.608,1,87748.0,0.224,18.6,0,0
B103996,Trade,Digital Lender,19,61439.0,38,3,0.798,0.555,2,300978.0,0.245,238.7,0,0
B103997,Real Estate,Bank,25,30993.0,7,3,0.792,0.896,2,74505.0,0.12,16.2,0,1
B103998,Agriculture,SACCO,29,42812.0,42,2,0.72,0.311,4,264841.0,0.309,14.1,0,0
B103999,Trade,MFI,27,34347.0,38,5,0.754,0.577,0,228712.0,0.333,23.3,1,0
B104000,Personal/Household,SACCO,30,80295.0,5,3,0.934,0.655,1,407049.0,0.253,14.1,0,0
B104001,Agriculture,Bank,44,12604.0,48,2,0.821,0.451,2,60750.0,0.241,10.6,0,0
B104002,Personal/Household,Bank,42,27929.0,12,3,0.637,0.483,3,168011.0,0.301,12.6,0,0
B104003,Agriculture,Bank,31,17535.0,69,2,0.881,0.93,1,79543.0,0.227,12.9,1,1
B104004,Manufacturing,Bank,41,9631.0,27,3,0.593,0.832,2,66534.0,0.345,14.0,0,0
B104005,Trade,Digital Lender,38,16920.0,72,5,0.57,0.655,0,91644.0,0.271,257.3,0,0
B104006,Manufacturing,Digital Lender,35,56648.0,10,4,0.606,0.511,3,112287.0,0.099,90.3,0,0
B104007,Trade,Bank,46,29243.0,14,0,0.701,0.773,2,115816.0,0.198,12.8,0,0
B104008,Trade,MFI,28,26347.0,1,2,0.738,0.235,0,79434.0,0.151,19.1,0,0
B104009,Transport,SACCO,36,45498.0,35,5,0.776,0.564,1,281464.0,0.309,13.8,0,0
B104010,Agriculture,Bank,24,31681.0,8,1,0.865,0.701,1,110767.0,0.175,12.0,0,0
B104011,Trade,MFI,25,41662.0,25,2,0.639,0.782,1,267785.0,0.321,19.0,0,0
B104012,Services,SACCO,21,35510.0,62,5,0.602,0.79,0,74824.0,0.105,13.1,0,0
B104013,Trade,Bank,25,40074.0,32,0,0.943,0.794,2,271931.0,0.339,12.9,0,0
B104014,Manufacturing,MFI,36,23218.0,109,0,0.743,0.729,3,77051.0,0.166,29.9,0,0
B104015,Manufacturing,Bank,32,52886.0,67,1,0.657,0.711,3,291054.0,0.275,13.9,0,0
B104016,Agriculture,Bank,32,15265.0,24,1,0.851,0.894,2,74930.0,0.245,8.6,0,0
B104017,Real Estate,SACCO,32,28359.0,37,2,0.578,0.399,0,72407.0,0.128,9.3,1,0
B104018,Trade,SACCO,53,54356.0,19,2,0.914,0.777,1,377104.0,0.347,12.6,0,0
B104019,Personal/Household,Digital Lender,24,27317.0,28,5,0.95,0.788,1,234777.0,0.43,202.2,1,0
B104020,Agriculture,Bank,23,23459.0,115,1,0.866,0.423,2,138886.0,0.296,14.1,0,0
B104021,Trade,SACCO,27,104678.0,15,1,0.668,0.753,2,570005.0,0.272,11.5,0,0
B104022,Agriculture,Digital Lender,34,64876.0,36,3,0.846,0.705,3,360786.0,0.278,10.3,0,0
B104023,Services,SACCO,40,32141.0,63,3,0.926,0.685,0,183258.0,0.285,13.7,0,0
B104024,Personal/Household,Digital Lender,41,17435.0,2,6,0.92,0.62,1,104272.0,0.299,69.7,0,0
B104025,Services,Digital Lender,44,9708.0,5,6,0.771,0.641,1,85819.0,0.442,254.5,0,0
B104026,Transport,Digital Lender,34,43904.0,2,1,0.804,0.679,2,213643.0,0.243,211.3,0,0
B104027,Transport,Digital Lender,31,59649.0,14,3,0.79,0.461,0,484906.0,0.406,143.4,0,0
B104028,Manufacturing,SACCO,51,36963.0,10,2,0.784,0.676,3,251715.0,0.34,12.6,0,0
B104029,Services,MFI,18,11604.0,9,2,0.927,0.91,3,79663.0,0.343,27.7,0,0
B104030,Manufacturing,Digital Lender,36,32473.0,27,3,0.744,0.824,1,273422.0,0.421,44.7,1,0
B104031,Agriculture,Digital Lender,39,22748.0,13,6,0.812,0.713,0,99497.0,0.219,8.0,0,1
B104032,Transport,Bank,54,32497.0,44,4,0.86,0.803,1,187724.0,0.289,17.2,0,0
B104033,Manufacturing,Bank,18,86585.0,21,1,0.893,0.863,1,474885.0,0.274,17.5,0,0
B104034,Trade,Bank,31,45898.0,22,1,0.833,0.694,2,126464.0,0.138,13.1,1,0
B104035,Real Estate,Digital Lender,21,40816.0,6,5,0.901,0.514,1,76378.0,0.094,42.3,0,0
B104036,Agriculture,Bank,18,29000.0,40,2,0.59,0.692,1,157043.0,0.271,12.0,1,0
B104037,Personal/Household,Bank,33,37345.0,27,3,0.681,0.46,7,258127.0,0.346,15.3,0,0
B104038,Agriculture,MFI,43,19977.0,17,1,0.815,0.937,1,64709.0,0.162,23.1,0,0
B104039,Personal/Household,Bank,47,40345.0,41,1,0.547,0.612,3,314382.0,0.39,12.7,0,0
B104040,Real Estate,Digital Lender,30,26733.0,20,0,0.736,0.755,0,96930.0,0.181,303.0,0,0
B104041,Personal/Household,MFI,42,18916.0,25,1,0.816,0.744,3,93593.0,0.247,24.9,0,1
B104042,Trade,Bank,33,46549.0,59,2,0.772,0.569,1,147335.0,0.158,17.1,0,0
B104043,Services,Bank,41,8714.0,39,0,0.778,0.639,0,16102.0,0.092,15.7,0,0
B104044,Manufacturing,Digital Lender,47,22037.0,3,8,0.713,0.736,0,103796.0,0.235,44.0,0,0
B104045,Agriculture,SACCO,33,41661.0,3,0,0.63,0.661,1,177439.0,0.213,13.5,0,0
B104046,Agriculture,MFI,46,58310.0,29,4,0.524,0.604,1,244789.0,0.21,20.4,0,0
B104047,Agriculture,Bank,23,38539.0,9,0,0.754,0.883,3,303376.0,0.394,11.2,0,0
B104048,Agriculture,Digital Lender,42,20545.0,4,2,0.66,0.555,4,32623.0,0.079,298.0,0,0
B104049,Personal/Household,Digital Lender,45,28911.0,76,1,0.69,0.617,5,177385.0,0.307,296.8,0,0
B104050,Services,SACCO,44,34899.0,30,3,0.64,0.475,0,122440.0,0.175,11.4,0,0
B104051,Transport,MFI,23,70143.0,9,0,0.662,0.803,2,270685.0,0.193,26.0,0,0
B104052,Manufacturing,Digital Lender,33,49332.0,20,1,0.698,0.774,1,249078.0,0.252,180.9,0,0
B104053,Real Estate,SACCO,38,49531.0,14,0,0.969,0.805,2,243145.0,0.245,12.2,0,0
B104054,Personal/Household,MFI,39,30822.0,2,2,0.731,0.437,3,197479.0,0.32,15.3,1,0
B104055,Personal/Household,Digital Lender,36,16497.0,80,3,0.655,0.503,4,111692.0,0.338,178.2,0,0
B104056,Agriculture,Digital Lender,49,13721.0,75,3,0.873,0.808,1,109391.0,0.399,242.8,1,0
B104057,Services,SACCO,22,25193.0,53,3,0.977,0.833,0,179113.0,0.355,12.6,0,0
B104058,Real Estate,Digital Lender,33,43682.0,19,4,0.985,0.729,0,164146.0,0.188,298.4,0,0
B104059,Personal/Household,MFI,18,22561.0,4,1,0.735,0.825,1,64383.0,0.143,18.6,0,0
B104060,Services,MFI,41,40729.0,32,0,0.907,0.349,2,282024.0,0.346,14.9,0,0
B104061,Personal/Household,Bank,41,19205.0,39,1,0.741,0.634,0,172795.0,0.45,13.9,0,0
B104062,Trade,SACCO,68,20906.0,8,2,0.326,0.579,2,46042.0,0.11,10.6,0,0
B104063,Transport,Bank,45,64499.0,8,1,0.69,0.763,2,325474.0,0.252,14.3,0,0
B104064,Trade,Bank,38,45333.0,31,1,0.967,0.722,1,86058.0,0.095,14.0,0,0
B104065,Personal/Household,Digital Lender,38,25120.0,30,3,0.879,0.768,1,178997.0,0.356,142.9,0,0
B104066,Agriculture,Bank,32,18830.0,5,0,0.666,0.584,2,53928.0,0.143,15.9,0,0
B104067,Personal/Household,Digital Lender,36,50106.0,27,4,0.726,0.885,1,381398.0,0.381,162.1,0,0
B104068,Services,Bank,38,48149.0,56,2,0.745,0.78,1,262888.0,0.273,15.7,0,0
B104069,Trade,Bank,18,42258.0,6,1,0.849,0.859,3,342048.0,0.405,17.1,0,0
B104070,Real Estate,Bank,37,26962.0,9,3,0.766,0.685,3,131300.0,0.243,14.4,0,0
B104071,Transport,MFI,36,16285.0,4,3,0.482,0.493,2,116191.0,0.357,12.5,0,1
B104072,Real Estate,MFI,53,29491.0,36,2,0.794,0.418,3,192910.0,0.327,25.2,0,0
B104073,Trade,Bank,34,64484.0,13,2,0.959,0.394,0,329273.0,0.255,13.4,1,1
B104074,Trade,SACCO,27,18034.0,22,2,0.7,0.885,0,99230.0,0.275,10.3,0,0
B104075,Real Estate,MFI,38,30519.0,12,4,0.785,0.56,4,272194.0,0.446,23.8,1,0
B104076,Transport,Bank,36,73107.0,11,1,0.704,0.377,3,137990.0,0.094,15.0,0,0
B104077,Manufacturing,Bank,34,25151.0,6,3,0.964,0.463,2,47089.0,0.094,16.2,0,0
B104078,Trade,Bank,22,27719.0,24,2,0.678,0.859,1,221429.0,0.399,12.1,0,0
B104079,Real Estate,Bank,33,14147.0,16,1,0.711,0.635,4,22727.0,0.08,16.6,0,1
B104080,Agriculture,Bank,29,41888.0,54,0,0.95,0.638,1,176355.0,0.211,14.4,0,0
B104081,Agriculture,SACCO,33,19785.0,30,0,0.793,0.688,5,93626.0,0.237,12.3,0,1
B104082,Personal/Household,SACCO,42,12644.0,21,4,0.525,0.64,3,37432.0,0.148,14.1,0,0
B104083,Agriculture,Digital Lender,28,17598.0,16,3,0.712,0.671,0,115463.0,0.328,162.1,0,0
B104084,Manufacturing,Digital Lender,33,33344.0,2,5,0.675,0.771,2,102356.0,0.153,60.2,0,0
B104085,Services,MFI,40,12468.0,26,4,0.73,0.878,1,52577.0,0.211,22.5,0,0
B104086,Manufacturing,Bank,32,13874.0,22,3,0.847,0.667,1,49151.0,0.177,11.4,0,1
B104087,Transport,Bank,61,40441.0,69,0,0.493,0.79,1,235278.0,0.291,15.5,0,0
B104088,Trade,SACCO,37,28572.0,10,2,0.759,0.606,1,214382.0,0.375,11.3,0,0
B104089,Trade,Bank,23,17985.0,120,0,0.893,0.732,2,43428.0,0.121,12.6,0,0
B104090,Trade,Bank,27,24917.0,10,3,0.441,0.883,2,76838.0,0.154,13.3,0,1
B104091,Personal/Household,Digital Lender,26,77342.0,25,4,0.76,0.795,3,149064.0,0.096,14.4,0,0
B104092,Personal/Household,Bank,27,60171.0,28,0,0.71,0.625,2,468718.0,0.389,17.4,0,0
B104093,Trade,Bank,40,28027.0,28,2,0.773,0.695,3,46558.0,0.083,13.0,0,0
B104094,Trade,Digital Lender,24,46579.0,3,4,0.868,0.704,1,402901.0,0.432,18.8,0,1
B104095,Agriculture,Bank,32,31779.0,6,1,0.868,0.791,2,118491.0,0.186,11.5,0,0
B104096,Transport,Bank,46,11206.0,45,4,0.298,0.623,2,88785.0,0.396,16.0,0,0
B104097,Transport,Bank,30,10155.0,4,2,0.881,0.607,0,80913.0,0.398,15.0,0,0
B104098,Personal/Household,MFI,42,18031.0,27,1,0.8,0.638,1,88083.0,0.244,16.3,0,0
B104099,Services,Digital Lender,18,12498.0,7,1,0.882,0.801,2,31871.0,0.127,51.5,0,0
B104100,Agriculture,SACCO,31,34522.0,69,3,0.886,0.616,0,242198.0,0.351,11.8,0,0
B104101,Transport,MFI,26,21972.0,14,2,0.859,0.71,3,189165.0,0.43,19.4,0,0
B104102,Manufacturing,Bank,38,37569.0,39,2,0.886,0.825,1,101894.0,0.136,15.7,0,0
B104103,Agriculture,Bank,25,37888.0,7,2,0.755,0.714,0,103387.0,0.136,12.3,0,0
B104104,Services,SACCO,56,43456.0,5,1,0.58,0.765,0,170166.0,0.196,14.9,0,0
B104105,Trade,Bank,19,17821.0,49,0,0.921,0.427,0,109113.0,0.306,16.5,0,0
B104106,Personal/Household,Bank,46,39483.0,21,2,0.742,0.676,4,338814.0,0.429,11.4,0,0
B104107,Personal/Household,SACCO,44,17580.0,21,1,0.57,0.654,1,141347.0,0.402,14.7,1,0
B104108,Services,Digital Lender,38,43969.0,23,2,0.596,0.603,3,67338.0,0.077,158.5,0,0
B104109,Manufacturing,Digital Lender,36,58248.0,15,1,0.764,0.641,1,145573.0,0.125,187.5,0,0
B104110,Agriculture,Digital Lender,54,44255.0,27,6,0.802,0.591,2,219305.0,0.248,124.2,0,0
B104111,Personal/Household,MFI,60,26973.0,12,0,0.807,0.386,1,69228.0,0.128,24.9,0,0
B104112,Personal/Household,Digital Lender,33,40608.0,11,2,0.663,0.569,1,201702.0,0.248,220.6,1,0
B104113,Manufacturing,Digital Lender,37,12794.0,93,3,0.45,0.778,2,98844.0,0.386,167.8,0,0
B104114,Personal/Household,Bank,29,11302.0,1,1,0.767,0.703,4,69273.0,0.306,13.9,0,0
B104115,Agriculture,MFI,23,38436.0,7,3,0.689,0.635,3,177316.0,0.231,17.4,0,1
B104116,Transport,Bank,40,61038.0,3,2,0.885,0.814,1,500020.0,0.41,12.4,0,0
B104117,Personal/Household,Digital Lender,37,15104.0,14,2,0.704,0.843,1,135255.0,0.448,92.3,0,0
B104118,Agriculture,Digital Lender,19,29982.0,109,2,0.749,0.604,1,149719.0,0.25,295.2,0,0
B104119,Manufacturing,Digital Lender,40,37850.0,7,2,0.597,0.813,3,190060.0,0.251,57.5,0,0
B104120,Services,Bank,38,21205.0,16,0,0.841,0.718,1,58963.0,0.139,10.8,0,0
B104121,Personal/Household,Digital Lender,29,24670.0,42,0,0.732,0.799,0,190258.0,0.386,188.6,0,0
B104122,Services,Bank,28,41659.0,21,3,0.488,0.453,3,227618.0,0.273,14.1,0,0
B104123,Real Estate,Bank,39,31555.0,17,1,0.711,0.765,0,138914.0,0.22,15.8,0,0
B104124,Services,SACCO,51,31631.0,4,3,0.818,0.805,3,78979.0,0.125,18.5,0,0
B104125,Trade,Digital Lender,39,17322.0,10,1,0.817,0.827,1,26610.0,0.077,144.4,0,0
B104126,Manufacturing,Digital Lender,43,29228.0,53,2,0.706,0.653,0,91540.0,0.157,224.0,0,0
B104127,Real Estate,Bank,27,23888.0,45,0,0.604,0.651,1,52077.0,0.109,13.0,0,0
B104128,Personal/Household,Bank,31,24602.0,58,3,0.667,0.851,1,196350.0,0.399,14.2,1,0
B104129,Services,MFI,41,22076.0,103,1,0.786,0.429,2,77803.0,0.176,23.7,0,0
B104130,Personal/Household,Bank,21,29290.0,2,2,0.899,0.529,1,161889.0,0.276,14.8,0,0
B104131,Transport,Digital Lender,37,18443.0,74,2,0.806,0.616,2,63363.0,0.172,318.9,0,0
B104132,Real Estate,Bank,40,29931.0,36,1,0.566,0.578,0,150175.0,0.251,14.7,0,0
B104133,Manufacturing,Bank,35,24324.0,25,1,0.884,0.402,1,109814.0,0.226,18.3,0,0
B104134,Manufacturing,MFI,38,17807.0,26,0,0.84,0.281,2,123835.0,0.348,20.3,0,0
B104135,Trade,SACCO,36,10181.0,3,2,0.686,0.392,2,41255.0,0.203,13.8,0,0
B104136,Manufacturing,Digital Lender,29,50066.0,14,4,0.965,0.781,1,227135.0,0.227,273.5,0,0
B104137,Personal/Household,Bank,23,44823.0,16,1,0.713,0.58,1,138416.0,0.154,16.8,0,0
B104138,Personal/Household,Bank,34,19098.0,12,0,0.644,0.919,2,57385.0,0.15,15.0,0,0
B104139,Personal/Household,Digital Lender,48,43257.0,109,1,0.55,0.681,2,167912.0,0.194,116.5,0,0
B104140,Real Estate,MFI,45,16922.0,42,2,0.939,0.828,3,147806.0,0.437,18.9,0,0
B104141,Manufacturing,Bank,32,25111.0,66,2,0.687,0.982,1,177542.0,0.353,14.1,0,1
B104142,Trade,Bank,31,22211.0,63,2,0.553,0.209,4,77502.0,0.174,13.3,0,0
B104143,Real Estate,Digital Lender,31,25523.0,35,4,0.868,0.484,1,198842.0,0.39,24.0,0,0
B104144,Real Estate,SACCO,31,42421.0,7,3,0.736,0.647,1,199628.0,0.235,11.1,0,1
B104145,Agriculture,Bank,38,23836.0,11,1,0.813,0.763,1,167946.0,0.352,16.2,0,0
B104146,Trade,Bank,46,24666.0,15,0,0.681,0.833,3,120167.0,0.244,15.2,0,0
B104147,Personal/Household,Bank,58,44747.0,13,1,0.902,0.537,1,143985.0,0.161,16.3,1,0
B104148,Real Estate,Bank,27,30759.0,31,0,0.723,0.626,0,216159.0,0.351,14.7,0,0
B104149,Real Estate,Bank,42,21472.0,32,2,0.708,0.353,2,152154.0,0.354,14.7,0,0
B104150,Agriculture,Bank,40,33940.0,154,0,0.585,0.746,3,218536.0,0.322,14.1,0,0
B104151,Manufacturing,Bank,32,51327.0,1,1,0.594,0.743,2,360673.0,0.351,15.2,0,0
B104152,Real Estate,Bank,25,53144.0,4,2,0.896,0.641,2,370044.0,0.348,13.0,0,0
B104153,Real Estate,MFI,38,14349.0,26,2,0.374,0.698,3,58472.0,0.204,21.6,0,1
B104154,Transport,MFI,56,14750.0,250,1,0.886,0.616,1,63461.0,0.215,26.1,1,0
B104155,Trade,Digital Lender,38,51508.0,118,3,0.666,0.268,3,320925.0,0.312,174.9,0,0
B104156,Services,Bank,27,25384.0,3,3,0.836,0.324,2,200942.0,0.396,15.6,0,0
B104157,Trade,Digital Lender,33,8866.0,9,0,0.724,0.764,0,67815.0,0.382,151.7,0,0
B104158,Real Estate,Digital Lender,24,19902.0,3,1,0.859,0.784,3,139820.0,0.351,66.5,0,1
B104159,Trade,Digital Lender,35,23354.0,5,2,0.903,0.682,0,87863.0,0.188,233.7,0,0
B104160,Manufacturing,Bank,42,25036.0,33,4,0.668,0.742,0,190030.0,0.379,13.8,0,0
B104161,Agriculture,Bank,28,45284.0,5,0,0.797,0.829,5,339969.0,0.375,14.7,0,0
B104162,Personal/Household,SACCO,18,17836.0,10,2,0.898,0.718,1,119151.0,0.334,12.6,0,0
B104163,Real Estate,Bank,38,49739.0,41,1,0.703,0.751,3,202028.0,0.203,14.8,1,0
B104164,Transport,Bank,30,34781.0,11,2,0.804,0.729,3,140739.0,0.202,17.5,0,0
B104165,Agriculture,Bank,27,14653.0,4,1,0.772,0.756,0,112305.0,0.383,17.8,0,0
B104166,Trade,SACCO,27,24942.0,47,3,0.73,0.742,3,39649.0,0.079,10.8,0,1
B104167,Real Estate,Digital Lender,39,39029.0,33,3,0.57,0.623,1,331877.0,0.425,386.2,0,0
B104168,Manufacturing,Bank,31,30387.0,17,2,0.88,0.696,0,96474.0,0.159,11.7,0,1
B104169,Real Estate,Digital Lender,44,36623.0,11,1,0.464,0.947,2,238099.0,0.325,102.9,0,0
B104170,Services,Digital Lender,45,21524.0,12,2,0.908,0.822,3,79172.0,0.184,71.6,0,0
B104171,Personal/Household,Bank,32,40341.0,67,1,0.63,0.766,3,229893.0,0.285,13.7,1,0
B104172,Services,MFI,30,23881.0,8,2,0.925,0.771,2,58881.0,0.123,22.1,0,0
B104173,Agriculture,Bank,36,120619.0,34,1,0.387,0.605,2,1031760.0,0.428,14.3,0,0
B104174,Personal/Household,Digital Lender,34,14390.0,42,2,0.821,0.863,6,24471.0,0.085,107.8,1,0
B104175,Manufacturing,SACCO,18,131121.0,17,3,0.873,0.777,2,690457.0,0.263,13.9,0,0
B104176,Transport,SACCO,54,17621.0,16,1,0.779,0.862,3,42756.0,0.121,15.4,0,0
B104177,Services,SACCO,42,59825.0,54,3,0.78,0.735,2,432545.0,0.362,14.9,1,0
B104178,Transport,Bank,30,46868.0,5,1,0.942,0.604,1,275091.0,0.293,12.1,0,0
B104179,Services,Digital Lender,18,18029.0,21,2,0.185,0.863,3,45543.0,0.126,136.6,0,0
B104180,Personal/Household,Digital Lender,33,41345.0,29,3,0.558,0.604,2,250019.0,0.302,207.7,0,0
B104181,Trade,SACCO,29,22636.0,31,2,0.524,0.69,1,41628.0,0.092,14.5,0,0
B104182,Personal/Household,MFI,34,34585.0,81,2,0.682,0.772,2,73443.0,0.106,27.7,0,0
B104183,Manufacturing,Bank,18,32252.0,18,2,0.488,0.623,2,228484.0,0.354,16.8,1,0
B104184,Services,Bank,30,24536.0,50,2,0.787,0.64,3,156615.0,0.319,16.1,0,0
B104185,Personal/Household,Bank,31,23439.0,18,2,0.896,0.752,2,199034.0,0.425,9.3,0,0
B104186,Trade,SACCO,33,35864.0,8,2,0.932,0.594,5,313256.0,0.437,17.8,0,0
B104187,Trade,Digital Lender,33,18086.0,22,1,0.603,0.798,3,143363.0,0.396,118.1,0,0
B104188,Trade,Digital Lender,36,18465.0,8,3,0.633,0.784,1,73283.0,0.198,82.2,1,1
B104189,Manufacturing,Bank,50,50274.0,15,1,0.842,0.737,3,432116.0,0.43,13.9,0,1
B104190,Trade,Bank,30,37632.0,27,3,0.698,0.523,3,336616.0,0.447,11.8,0,0
B104191,Personal/Household,Bank,26,14492.0,66,0,0.885,0.505,3,109204.0,0.377,14.5,1,0
B104192,Manufacturing,Digital Lender,18,17123.0,5,6,0.866,0.765,2,140836.0,0.411,124.2,0,1
B104193,Personal/Household,Digital Lender,30,9181.0,46,0,0.527,0.921,2,57720.0,0.314,271.8,0,0
B104194,Agriculture,MFI,21,49037.0,37,1,0.673,0.798,4,371392.0,0.379,28.7,0,0
B104195,Manufacturing,MFI,45,43422.0,1,3,0.758,0.995,2,383430.0,0.442,16.2,0,0
B104196,Trade,MFI,34,16337.0,31,2,0.941,0.685,4,36349.0,0.111,18.9,0,0
B104197,Services,Bank,44,42502.0,65,2,0.832,0.437,2,143969.0,0.169,11.5,0,0
B104198,Trade,Bank,50,88612.0,72,1,0.919,0.632,2,644308.0,0.364,15.7,0,0
B104199,Trade,Bank,26,12751.0,55,2,0.719,0.763,4,91135.0,0.357,15.1,0,0
B104200,Trade,Bank,32,21199.0,11,1,0.556,0.628,1,132942.0,0.314,11.4,1,0
B104201,Personal/Household,MFI,48,12599.0,3,0,0.676,0.511,0,88592.0,0.352,21.5,0,0
B104202,Trade,Bank,37,50096.0,18,0,0.832,0.866,1,194225.0,0.194,14.0,0,0
B104203,Transport,SACCO,40,28203.0,37,0,0.953,0.297,3,51888.0,0.092,13.6,1,1
B104204,Personal/Household,MFI,45,23886.0,1,2,0.348,0.821,3,194463.0,0.407,22.6,0,0
B104205,Personal/Household,MFI,44,33694.0,21,2,0.801,0.683,0,105932.0,0.157,22.1,0,0
B104206,Trade,Digital Lender,39,21888.0,0,2,0.388,0.624,2,174099.0,0.398,188.6,0,0
B104207,Trade,Bank,49,23840.0,12,2,0.595,0.404,0,44056.0,0.092,16.4,0,0
B104208,Real Estate,SACCO,34,34583.0,59,2,0.798,0.846,2,239532.0,0.346,15.7,0,0
B104209,Trade,Bank,40,21257.0,14,0,0.814,0.512,1,186024.0,0.438,14.1,0,0
B104210,Personal/Household,SACCO,33,22973.0,17,2,0.704,0.806,1,164477.0,0.358,11.7,0,0
B104211,Agriculture,MFI,45,27280.0,38,3,0.988,0.725,1,175259.0,0.321,15.4,0,0
B104212,Real Estate,Bank,28,31264.0,0,0,0.61,0.758,1,266902.0,0.427,16.4,1,1
B104213,Trade,Bank,18,41395.0,21,1,0.85,0.389,3,329154.0,0.398,12.5,0,1
B104214,Manufacturing,SACCO,42,40977.0,16,0,0.895,0.796,2,119988.0,0.146,19.3,0,0
B104215,Trade,SACCO,25,13033.0,0,3,0.776,0.971,1,52175.0,0.2,15.2,0,1
B104216,Transport,SACCO,24,64497.0,27,3,0.632,0.386,0,404189.0,0.313,11.7,0,0
B104217,Trade,MFI,48,30715.0,25,1,0.667,0.66,2,204606.0,0.333,18.7,0,0
B104218,Services,SACCO,45,24775.0,50,1,0.625,0.657,1,93830.0,0.189,17.6,0,0
B104219,Personal/Household,MFI,32,18089.0,35,0,0.989,0.773,1,78514.0,0.217,28.9,0,0
B104220,Trade,Bank,18,88791.0,82,1,0.58,0.861,1,713122.0,0.402,17.1,1,0
B104221,Trade,MFI,40,108872.0,17,3,0.604,0.947,2,882887.0,0.405,25.1,0,0
B104222,Agriculture,MFI,42,82984.0,33,1,0.901,0.876,1,166874.0,0.101,17.3,0,0
B104223,Trade,Digital Lender,40,31786.0,33,2,0.511,0.564,2,202550.0,0.319,110.8,0,0
B104224,Trade,MFI,40,35927.0,46,3,0.759,0.722,1,80738.0,0.112,26.5,0,0
B104225,Personal/Household,MFI,33,67513.0,20,2,0.661,0.464,2,567228.0,0.42,22.1,0,0
B104226,Transport,Digital Lender,31,26045.0,4,1,0.885,0.592,1,149836.0,0.288,81.4,0,0
B104227,Trade,Digital Lender,24,40043.0,18,2,0.47,0.851,0,146579.0,0.183,162.5,0,0
B104228,Manufacturing,Bank,28,33690.0,1,1,0.816,0.627,0,106192.0,0.158,11.6,0,0
B104229,Agriculture,Digital Lender,38,85419.0,0,4,0.597,0.9,0,229187.0,0.134,156.0,1,1
B104230,Services,Bank,38,65511.0,38,3,0.66,0.599,0,246986.0,0.189,14.1,0,0
B104231,Trade,Digital Lender,43,27560.0,42,0,0.915,0.648,0,106927.0,0.194,264.5,0,0
B104232,Personal/Household,Bank,21,68788.0,30,1,0.829,0.767,1,482878.0,0.351,14.9,0,0
B104233,Personal/Household,MFI,18,29670.0,9,2,0.745,0.495,0,231387.0,0.39,17.7,0,0
B104234,Trade,Digital Lender,31,22023.0,1,3,0.664,0.503,2,174776.0,0.397,161.7,1,1
B104235,Trade,Bank,25,25414.0,10,1,0.755,0.456,3,147756.0,0.291,15.4,1,0
B104236,Real Estate,Digital Lender,37,32244.0,30,3,0.761,0.704,0,70514.0,0.109,8.0,0,1
B104237,Personal/Household,MFI,22,19307.0,12,2,0.746,0.689,3,152942.0,0.396,30.2,0,0
B104238,Manufacturing,Bank,47,22366.0,9,2,0.947,0.376,2,51079.0,0.114,14.5,1,0
B104239,Transport,Digital Lender,27,13442.0,21,4,0.743,0.68,3,38519.0,0.143,80.6,0,0
B104240,Personal/Household,MFI,51,18914.0,37,0,0.93,0.9,3,57872.0,0.153,20.7,0,0
B104241,Personal/Household,Digital Lender,40,33827.0,39,3,0.722,0.771,2,58859.0,0.087,182.9,0,0
B104242,Real Estate,Digital Lender,24,52742.0,17,2,0.912,0.736,1,363696.0,0.345,160.1,0,0
B104243,Manufacturing,Bank,56,49154.0,16,0,0.566,0.722,0,197385.0,0.201,17.5,0,0
B104244,Personal/Household,Bank,38,37662.0,4,2,0.846,0.753,4,267586.0,0.355,12.3,0,0
B104245,Agriculture,Bank,37,12822.0,13,2,0.863,0.871,0,104917.0,0.409,13.8,0,0
B104246,Personal/Household,MFI,34,18517.0,49,2,0.87,0.752,3,160379.0,0.433,20.4,0,0
B104247,Trade,Bank,40,26673.0,26,3,0.406,0.883,1,178217.0,0.334,14.8,0,0
B104248,Trade,Bank,40,50491.0,75,3,0.697,0.614,3,262916.0,0.26,13.6,0,1
B104249,Personal/Household,Digital Lender,26,21889.0,68,3,0.819,0.533,3,151945.0,0.347,130.9,0,0
B104250,Agriculture,Bank,33,15201.0,17,4,0.811,0.696,2,98742.0,0.325,15.9,0,0
B104251,Trade,SACCO,36,65944.0,64,1,0.883,0.924,3,124538.0,0.094,8.0,0,0
B104252,Trade,MFI,41,19847.0,6,1,0.858,0.839,2,122062.0,0.307,25.0,0,0
B104253,Manufacturing,Bank,41,15989.0,8,0,0.879,0.83,2,121901.0,0.381,16.4,0,0
B104254,Personal/Household,Bank,37,33693.0,24,0,0.781,0.59,2,73198.0,0.109,15.3,0,0
B104255,Trade,Bank,29,28925.0,19,1,0.792,0.755,2,223774.0,0.387,16.0,0,0
B104256,Trade,SACCO,29,22583.0,41,3,0.922,0.46,3,164641.0,0.365,10.4,0,0
B104257,Real Estate,Bank,23,29739.0,8,0,0.772,0.627,1,108431.0,0.182,12.8,0,0
B104258,Services,Digital Lender,41,17867.0,63,1,0.994,0.767,2,148014.0,0.414,223.9,0,0
B104259,Agriculture,Digital Lender,29,22441.0,26,3,0.765,0.659,0,185398.0,0.413,209.9,0,0
B104260,Services,Bank,33,29148.0,12,1,0.936,0.725,2,147185.0,0.252,16.0,0,0
B104261,Services,Digital Lender,37,9704.0,1,2,0.656,0.752,2,41029.0,0.211,72.3,0,0
B104262,Agriculture,Digital Lender,35,50276.0,80,0,0.725,0.695,0,247644.0,0.246,230.5,0,0
B104263,Personal/Household,Bank,35,13973.0,16,2,0.734,0.712,2,42501.0,0.152,15.9,0,0
B104264,Personal/Household,Digital Lender,26,17741.0,11,2,0.661,0.127,2,61420.0,0.173,208.1,0,1
B104265,Manufacturing,Bank,38,51539.0,17,0,0.954,0.279,2,313181.0,0.304,12.5,0,0
B104266,Real Estate,SACCO,32,40665.0,5,1,0.705,0.434,3,101578.0,0.125,10.9,0,1
B104267,Personal/Household,Bank,34,31195.0,77,1,0.72,0.83,3,202022.0,0.324,16.8,0,0
B104268,Personal/Household,Digital Lender,47,11620.0,35,2,0.907,0.491,1,34391.0,0.148,127.0,0,0
B104269,Personal/Household,Digital Lender,40,21309.0,1,2,0.965,0.922,3,120057.0,0.282,49.8,0,0
B104270,Services,Digital Lender,29,26400.0,2,3,0.894,0.631,1,236323.0,0.448,138.2,1,1
B104271,Real Estate,Digital Lender,34,27476.0,84,2,0.915,0.545,3,192079.0,0.35,102.6,1,0
B104272,Personal/Household,Bank,51,55703.0,12,2,0.889,0.653,1,351416.0,0.315,17.4,0,0
B104273,Personal/Household,SACCO,32,89042.0,223,1,0.859,0.887,2,247389.0,0.139,12.9,0,0
B104274,Trade,Bank,35,41696.0,5,1,0.864,0.56,1,311605.0,0.374,17.3,0,0
B104275,Trade,Bank,42,22161.0,90,0,0.838,0.531,3,183218.0,0.413,17.4,0,0
B104276,Real Estate,Bank,37,57984.0,14,1,0.869,0.642,1,161710.0,0.139,16.3,0,0
B104277,Personal/Household,Digital Lender,31,21498.0,9,0,0.694,0.515,1,166585.0,0.387,185.2,1,1
B104278,Agriculture,SACCO,28,8000.0,37,2,0.849,0.873,2,15108.0,0.094,14.8,0,0
B104279,Personal/Household,Bank,35,14954.0,9,2,0.68,0.524,6,49643.0,0.166,13.1,0,1
B104280,Trade,Digital Lender,42,8066.0,20,5,0.79,0.848,2,70257.0,0.435,310.5,0,1
B104281,Agriculture,Digital Lender,48,24074.0,20,1,0.736,0.663,3,213402.0,0.443,174.2,0,0
B104282,Transport,Bank,20,26956.0,41,1,0.563,0.961,1,141529.0,0.263,14.8,0,0
B104283,Trade,MFI,53,12382.0,23,1,0.751,0.926,4,47874.0,0.193,23.0,0,0
B104284,Services,SACCO,32,18587.0,18,2,0.946,0.92,3,153223.0,0.412,18.1,0,0
B104285,Trade,SACCO,44,13568.0,3,1,0.895,0.557,2,116370.0,0.429,10.9,0,0
B104286,Services,MFI,28,27727.0,32,0,0.701,0.701,1,249113.0,0.449,23.3,0,0
B104287,Trade,MFI,19,18594.0,18,2,0.781,0.204,2,85144.0,0.229,22.3,0,0
B104288,Services,Bank,22,51817.0,21,1,0.749,0.449,1,101543.0,0.098,18.7,0,0
B104289,Transport,MFI,32,32641.0,70,2,0.674,0.872,1,56322.0,0.086,25.5,0,0
B104290,Trade,Bank,40,71871.0,10,1,0.815,0.637,3,346569.0,0.241,15.5,0,0
B104291,Trade,Bank,35,23153.0,18,1,0.843,0.462,2,123329.0,0.266,11.5,0,0
B104292,Trade,Bank,32,96703.0,15,2,0.39,0.523,1,589075.0,0.305,15.8,0,0
B104293,Transport,SACCO,46,29774.0,16,0,0.886,0.501,3,144361.0,0.242,17.3,0,0
B104294,Personal/Household,MFI,35,22233.0,25,0,0.662,0.873,1,85966.0,0.193,16.4,0,0
B104295,Real Estate,MFI,38,111838.0,27,3,0.84,0.696,0,425016.0,0.19,23.9,0,0
B104296,Real Estate,Bank,66,10876.0,2,0,0.815,0.743,3,94532.0,0.435,14.9,0,1
B104297,Transport,Digital Lender,35,21939.0,17,2,0.515,0.656,1,182608.0,0.416,178.9,0,0
B104298,Manufacturing,Bank,28,11899.0,28,3,0.891,0.829,4,44906.0,0.189,13.7,0,0
B104299,Personal/Household,MFI,40,10818.0,32,0,0.59,0.665,4,59330.0,0.274,26.7,0,0
B104300,Real Estate,Bank,42,9538.0,36,1,0.952,0.794,1,18999.0,0.1,13.2,0,0
B104301,Personal/Household,SACCO,38,41740.0,7,1,0.915,0.865,1,86059.0,0.103,8.9,0,0
B104302,Services,MFI,37,14314.0,19,1,0.651,0.831,3,108947.0,0.381,28.9,0,0
B104303,Agriculture,MFI,50,25845.0,13,0,0.759,0.883,1,63908.0,0.124,20.7,0,0
B104304,Trade,Digital Lender,49,48560.0,22,1,0.919,0.441,3,391085.0,0.403,8.0,0,1
B104305,Trade,Digital Lender,34,38363.0,28,4,0.866,0.792,3,128525.0,0.168,108.0,0,0
B104306,Manufacturing,MFI,29,37334.0,123,0,0.969,0.938,5,149478.0,0.2,23.7,0,0
B104307,Agriculture,MFI,39,57965.0,63,1,0.86,0.767,3,108912.0,0.094,18.3,0,0
B104308,Services,Digital Lender,29,72055.0,10,2,0.937,0.783,0,150735.0,0.105,8.0,0,0
B104309,Transport,Digital Lender,44,14936.0,16,3,0.776,0.962,2,72016.0,0.241,70.2,0,0
B104310,Manufacturing,SACCO,39,38784.0,49,1,0.739,0.797,1,169256.0,0.218,14.3,1,0
B104311,Personal/Household,Digital Lender,62,25598.0,1,2,0.972,0.633,1,161868.0,0.316,212.6,0,0
B104312,Agriculture,Digital Lender,50,27428.0,2,2,0.857,0.71,2,90123.0,0.164,168.3,0,0
B104313,Personal/Household,Digital Lender,24,12948.0,17,5,0.808,0.913,3,69828.0,0.27,106.7,0,0
B104314,Trade,Bank,30,22191.0,2,1,0.73,0.476,1,179351.0,0.404,12.7,0,0
B104315,Transport,Digital Lender,18,23564.0,29,1,0.891,0.5,1,165588.0,0.351,8.0,0,0
B104316,Services,SACCO,18,65293.0,2,2,0.675,0.724,3,320776.0,0.246,8.6,1,0
B104317,Personal/Household,SACCO,36,15750.0,3,1,0.766,0.592,1,129991.0,0.413,11.1,0,0
B104318,Personal/Household,MFI,23,8006.0,3,2,0.478,0.287,0,17434.0,0.109,18.1,0,0
B104319,Real Estate,Bank,51,29633.0,37,1,0.897,0.779,0,204142.0,0.344,14.7,0,0
B104320,Personal/Household,Digital Lender,47,14895.0,25,3,0.907,0.748,3,112788.0,0.379,14.0,0,0
B104321,Manufacturing,SACCO,32,27536.0,2,1,0.838,0.673,7,43118.0,0.078,21.8,0,1
B104322,Transport,Bank,32,42762.0,48,1,0.657,0.683,0,322429.0,0.377,15.7,0,0
B104323,Trade,SACCO,50,28144.0,0,1,0.627,0.74,3,92709.0,0.165,13.4,0,0
B104324,Trade,Bank,52,23454.0,62,0,0.792,0.916,2,209446.0,0.446,15.1,0,0
B104325,Manufacturing,MFI,26,27280.0,7,2,0.875,0.534,2,222625.0,0.408,16.7,0,0
B104326,Trade,SACCO,24,47385.0,32,1,0.52,0.843,3,172762.0,0.182,11.0,0,0
B104327,Personal/Household,SACCO,32,15755.0,22,2,0.812,0.785,7,67604.0,0.215,14.3,0,0
B104328,Personal/Household,Bank,39,44385.0,22,1,0.613,0.684,1,221947.0,0.25,14.7,0,0
B104329,Services,Bank,30,17112.0,8,5,0.782,0.616,0,54199.0,0.158,14.1,0,0
B104330,Trade,Bank,40,41404.0,17,3,0.776,0.54,0,368917.0,0.445,15.9,0,0
B104331,Services,SACCO,55,12725.0,41,2,0.969,0.778,2,46843.0,0.184,8.6,0,0
B104332,Trade,Digital Lender,21,40070.0,40,7,0.66,0.849,0,329129.0,0.411,203.3,1,0
B104333,Real Estate,Digital Lender,31,28113.0,6,2,0.693,0.839,1,47442.0,0.084,216.9,0,0
B104334,Personal/Household,SACCO,21,31354.0,15,1,0.46,0.959,0,225063.0,0.359,14.1,0,0
B104335,Trade,Bank,27,50383.0,18,8,0.82,0.492,3,198382.0,0.197,12.0,0,0
B104336,Trade,Bank,32,18928.0,15,4,0.614,0.558,1,121472.0,0.321,14.3,0,0
B104337,Trade,Digital Lender,28,29326.0,91,3,0.852,0.533,1,91100.0,0.155,156.7,0,0
B104338,Manufacturing,MFI,40,35130.0,0,1,0.976,0.919,2,163989.0,0.233,20.9,0,0
B104339,Personal/Household,Bank,37,25224.0,12,2,0.727,0.749,1,213308.0,0.423,11.9,0,0
B104340,Trade,MFI,38,44101.0,35,0,0.501,0.663,2,96057.0,0.109,14.5,0,0
B104341,Trade,SACCO,32,35646.0,64,2,0.584,0.652,2,190205.0,0.267,15.3,0,0
B104342,Manufacturing,Bank,33,21613.0,109,1,0.804,0.65,3,176949.0,0.409,12.7,0,0
B104343,Agriculture,Bank,31,59480.0,41,3,0.825,0.74,0,211497.0,0.178,17.8,0,0
B104344,Personal/Household,SACCO,33,40499.0,8,3,0.858,0.341,1,296015.0,0.365,12.0,0,1
B104345,Services,Bank,39,18706.0,48,1,0.491,0.633,1,35903.0,0.096,15.4,0,0
B104346,Personal/Household,MFI,18,18603.0,25,2,0.511,0.429,2,45530.0,0.122,22.3,0,0
B104347,Personal/Household,Digital Lender,38,26351.0,5,3,0.336,0.537,4,43017.0,0.082,36.7,0,1
B104348,Manufacturing,Digital Lender,26,38029.0,8,2,0.768,0.755,2,272779.0,0.359,77.3,0,0
B104349,Personal/Household,Bank,32,8801.0,10,3,0.662,0.701,1,68616.0,0.39,14.6,0,0
B104350,Trade,Bank,19,19144.0,14,2,0.705,0.687,4,141892.0,0.371,12.4,0,0
B104351,Trade,MFI,31,21642.0,47,5,0.864,0.663,1,166604.0,0.385,16.4,0,0
B104352,Transport,Bank,38,13484.0,35,3,0.529,0.65,3,95764.0,0.355,13.6,0,0
B104353,Trade,Digital Lender,40,16950.0,35,3,0.773,0.805,5,51071.0,0.151,279.5,0,1
B104354,Services,SACCO,23,32065.0,51,0,0.454,0.663,3,244623.0,0.381,9.5,0,0
B104355,Personal/Household,MFI,39,22722.0,47,2,0.902,0.503,0,67244.0,0.148,15.9,0,0
B104356,Services,Digital Lender,46,23726.0,9,2,0.816,0.819,2,63144.0,0.133,202.1,0,1
B104357,Agriculture,Bank,30,13929.0,13,1,0.615,0.744,0,121261.0,0.435,15.6,0,0
B104358,Manufacturing,MFI,35,26438.0,38,1,0.66,0.494,2,177818.0,0.336,21.4,0,1
B104359,Personal/Household,Digital Lender,18,13001.0,52,4,0.561,0.821,0,96439.0,0.371,93.4,1,0
B104360,Agriculture,Bank,26,66335.0,40,1,0.724,0.889,3,586182.0,0.442,14.5,0,0
B104361,Manufacturing,Bank,38,77562.0,34,2,0.798,0.467,1,632143.0,0.408,15.3,1,1
B104362,Transport,Digital Lender,45,22920.0,13,1,0.878,0.599,1,72387.0,0.158,140.2,0,0
B104363,Services,MFI,29,16037.0,19,2,0.634,0.39,1,137341.0,0.428,17.1,0,1
B104364,Personal/Household,Bank,62,47574.0,3,2,0.485,0.744,2,261103.0,0.274,14.7,0,0
B104365,Trade,Bank,38,41184.0,33,4,0.755,0.708,1,166607.0,0.202,18.5,0,0
B104366,Real Estate,MFI,22,83376.0,6,5,0.718,0.829,0,744723.0,0.447,17.3,0,0
B104367,Transport,MFI,48,96528.0,63,1,0.639,0.815,2,506498.0,0.262,18.6,0,0
B104368,Trade,MFI,22,9752.0,2,1,0.546,0.499,3,48177.0,0.247,17.1,0,0
B104369,Real Estate,Bank,38,56233.0,3,1,0.869,0.721,3,327619.0,0.291,15.9,0,0
B104370,Agriculture,Bank,26,26308.0,34,4,0.921,0.963,2,221500.0,0.421,13.7,0,0
B104371,Trade,SACCO,21,40215.0,11,1,0.56,0.599,1,345926.0,0.43,12.7,1,0
B104372,Manufacturing,Digital Lender,45,45607.0,11,5,0.619,0.706,2,233591.0,0.256,178.2,0,0
B104373,Trade,SACCO,32,44567.0,32,1,0.953,0.937,1,294721.0,0.331,11.1,0,0
B104374,Transport,SACCO,52,51545.0,25,3,0.86,0.315,2,335411.0,0.325,17.9,0,0
B104375,Trade,Digital Lender,25,21848.0,12,1,0.875,0.363,0,83799.0,0.192,8.0,0,1
B104376,Personal/Household,Bank,19,17605.0,16,0,0.81,0.632,2,126900.0,0.36,16.3,0,0
B104377,Trade,Bank,30,57114.0,4,4,0.666,0.772,3,370837.0,0.325,17.8,0,1
B104378,Services,Bank,64,18408.0,8,1,0.856,0.662,3,56103.0,0.152,16.8,0,0
B104379,Trade,Bank,43,82766.0,25,3,0.761,0.558,0,410031.0,0.248,17.3,0,0
B104380,Manufacturing,Digital Lender,41,19528.0,37,3,0.743,0.718,3,150313.0,0.385,131.8,0,0
B104381,Agriculture,Bank,41,24114.0,34,1,0.608,0.759,0,85756.0,0.178,16.6,0,0
B104382,Agriculture,Digital Lender,30,26776.0,24,0,0.763,0.822,0,160952.0,0.301,261.4,1,0
B104383,Real Estate,Bank,62,12739.0,37,1,0.777,0.716,2,109170.0,0.428,15.9,0,0
B104384,Personal/Household,MFI,40,12759.0,15,2,0.734,0.684,2,48294.0,0.189,13.2,0,0
B104385,Services,Bank,39,49100.0,55,0,0.755,0.752,3,322347.0,0.328,13.6,0,0
B104386,Agriculture,Bank,45,11545.0,23,2,0.627,0.769,3,69320.0,0.3,15.2,0,0
B104387,Trade,Bank,22,118873.0,50,2,0.784,0.748,2,853537.0,0.359,13.4,0,0
B104388,Personal/Household,SACCO,26,28233.0,37,6,0.849,0.679,1,90072.0,0.16,10.2,1,0
B104389,Transport,MFI,33,16880.0,53,3,0.424,0.948,4,118986.0,0.352,19.1,0,0
B104390,Trade,Digital Lender,45,37463.0,2,2,0.733,0.915,2,320244.0,0.427,194.7,0,0
B104391,Personal/Household,Digital Lender,22,8000.0,3,1,0.792,0.636,0,27471.0,0.172,136.5,0,1
B104392,Manufacturing,MFI,34,24749.0,52,2,0.372,0.667,0,183095.0,0.37,14.7,1,1
B104393,Transport,Digital Lender,33,26557.0,29,5,0.842,0.638,1,191931.0,0.361,8.0,0,1
B104394,Agriculture,Bank,19,14818.0,50,1,0.579,0.506,0,58016.0,0.196,14.5,0,0
B104395,Real Estate,Bank,30,21005.0,1,0,0.495,0.654,5,144317.0,0.344,15.6,0,1
B104396,Trade,MFI,40,68824.0,20,1,0.94,0.846,1,228751.0,0.166,15.0,0,0
B104397,Personal/Household,SACCO,20,32886.0,8,0,0.431,0.683,2,197147.0,0.3,10.7,0,0
B104398,Trade,MFI,49,37038.0,3,1,0.985,0.722,0,313526.0,0.423,17.9,0,0
B104399,Personal/Household,MFI,40,19288.0,28,2,0.814,0.639,0,110505.0,0.286,24.6,1,1
B104400,Personal/Household,Digital Lender,38,14359.0,14,2,0.866,0.947,1,72829.0,0.254,109.1,0,0
B104401,Personal/Household,Bank,35,26041.0,62,2,0.856,0.6,0,40359.0,0.077,17.5,0,0
B104402,Trade,Digital Lender,24,8000.0,15,2,0.841,0.56,2,28433.0,0.178,243.8,0,0
B104403,Agriculture,MFI,29,16265.0,35,1,0.527,0.577,1,101694.0,0.313,27.5,0,0
B104404,Real Estate,MFI,39,14930.0,3,3,0.623,0.833,0,114665.0,0.384,22.4,0,0
B104405,Transport,Bank,28,9688.0,8,1,0.991,0.654,2,30720.0,0.159,15.7,0,0
B104406,Services,Bank,37,42492.0,2,0,0.87,0.621,2,221443.0,0.261,14.1,0,0
B104407,Agriculture,Bank,26,27673.0,28,1,0.85,0.657,1,178853.0,0.323,14.5,0,0
B104408,Personal/Household,Digital Lender,40,21145.0,21,2,0.831,0.412,1,146973.0,0.348,8.0,1,0
B104409,Trade,MFI,40,43004.0,98,2,0.539,0.722,3,65020.0,0.076,21.1,0,0
B104410,Agriculture,Bank,19,12036.0,4,6,0.856,0.489,3,38155.0,0.158,15.1,0,1
B104411,Trade,Digital Lender,36,14200.0,17,2,0.906,0.631,2,70748.0,0.249,160.5,1,0
B104412,Personal/Household,SACCO,20,54969.0,3,1,0.858,0.733,2,457630.0,0.416,20.0,0,0
B104413,Trade,Digital Lender,18,104274.0,29,4,0.752,0.437,0,688451.0,0.33,243.4,0,0
B104414,Agriculture,MFI,29,43318.0,20,1,0.626,0.637,0,173187.0,0.2,21.5,1,1
B104415,Personal/Household,SACCO,63,38537.0,16,2,0.909,0.762,1,331566.0,0.43,11.8,0,0
B104416,Manufacturing,MFI,43,21590.0,12,0,0.794,0.767,1,146855.0,0.34,21.0,0,0
B104417,Trade,SACCO,49,21865.0,55,1,0.925,0.747,2,101208.0,0.231,10.2,1,0
B104418,Trade,MFI,41,33691.0,5,2,0.367,0.941,3,167684.0,0.249,27.1,1,1
B104419,Manufacturing,Bank,37,63265.0,33,4,0.87,0.349,1,456612.0,0.361,13.2,0,0
B104420,Agriculture,Digital Lender,44,37594.0,4,4,0.456,0.54,2,331312.0,0.441,278.0,1,1
B104421,Trade,SACCO,29,50356.0,5,0,0.675,0.403,1,233275.0,0.232,16.1,0,0
B104422,Transport,SACCO,40,17963.0,6,1,0.817,0.708,2,51665.0,0.144,16.0,0,0
B104423,Agriculture,MFI,47,41744.0,5,2,0.778,0.97,3,225084.0,0.27,27.1,0,0
B104424,Transport,SACCO,42,20553.0,11,1,0.875,0.854,1,57317.0,0.139,10.5,0,0
B104425,Agriculture,Bank,47,32115.0,10,2,0.793,0.456,0,130092.0,0.203,14.5,0,0
B104426,Trade,Bank,37,41719.0,15,0,0.846,0.377,3,204479.0,0.245,12.0,0,1
B104427,Trade,Bank,52,22199.0,17,2,0.808,0.53,2,179264.0,0.404,13.4,1,0
B104428,Agriculture,Bank,33,16994.0,15,0,0.779,0.545,1,62666.0,0.184,13.4,0,0
B104429,Trade,Bank,56,36295.0,114,2,0.68,0.798,2,210279.0,0.29,15.1,0,0
B104430,Agriculture,Digital Lender,41,27608.0,10,2,0.412,0.84,6,85488.0,0.155,206.8,0,0
B104431,Services,Bank,31,32044.0,7,1,0.675,0.801,1,72252.0,0.113,13.6,0,1
B104432,Personal/Household,Digital Lender,23,42678.0,14,2,0.665,0.945,0,331147.0,0.388,151.2,0,0
B104433,Agriculture,Digital Lender,27,61023.0,50,0,0.744,0.524,1,106987.0,0.088,103.4,0,1
B104434,Manufacturing,Bank,25,42822.0,22,2,0.836,0.664,2,184285.0,0.215,14.9,0,0
B104435,Manufacturing,SACCO,34,39838.0,7,3,0.986,0.703,0,176733.0,0.222,8.8,0,1
B104436,Personal/Household,MFI,22,22579.0,43,4,0.706,0.806,2,162607.0,0.36,22.2,0,0
B104437,Agriculture,Digital Lender,48,24569.0,19,2,0.922,0.689,1,98898.0,0.201,34.9,0,0
B104438,Agriculture,MFI,36,38177.0,7,1,0.855,0.777,1,95183.0,0.125,16.0,1,0
B104439,Agriculture,Bank,36,24348.0,18,2,0.122,0.535,2,91124.0,0.187,16.3,0,0
B104440,Trade,Bank,23,38090.0,25,4,0.769,0.829,6,114356.0,0.15,13.0,0,0
B104441,Agriculture,Digital Lender,27,18985.0,1,3,0.456,0.862,3,130768.0,0.344,201.0,0,0
B104442,Personal/Household,Bank,18,85917.0,43,3,0.903,0.791,1,611184.0,0.356,12.9,0,0
B104443,Services,Digital Lender,51,33075.0,38,1,0.866,0.764,4,268328.0,0.406,270.7,0,0
B104444,Trade,Bank,21,31901.0,2,3,0.576,0.568,0,116131.0,0.182,13.8,0,0
B104445,Real Estate,SACCO,22,22801.0,3,1,0.959,0.417,1,81405.0,0.179,8.5,0,0
B104446,Real Estate,MFI,49,85149.0,99,1,0.798,0.466,3,439382.0,0.258,18.5,1,0
B104447,Manufacturing,Bank,39,14923.0,40,1,0.718,0.708,3,72775.0,0.244,16.1,0,1
B104448,Manufacturing,Bank,36,20198.0,29,0,0.768,0.772,1,55782.0,0.138,16.5,0,0
B104449,Trade,Bank,38,47547.0,17,2,0.794,0.577,1,249507.0,0.262,14.1,0,1
B104450,Personal/Household,Digital Lender,45,33922.0,101,1,0.925,0.866,2,130112.0,0.192,133.5,0,0
B104451,Services,SACCO,36,21650.0,29,2,0.94,0.919,2,35525.0,0.082,8.0,1,0
B104452,Transport,Bank,20,21995.0,14,2,0.582,0.788,2,133575.0,0.304,12.6,1,0
B104453,Transport,MFI,42,25337.0,10,0,0.621,0.792,2,187004.0,0.369,16.3,0,0
B104454,Manufacturing,Bank,39,31451.0,29,1,0.82,0.983,5,134920.0,0.214,16.5,0,0
B104455,Agriculture,SACCO,47,69877.0,18,2,0.862,0.839,4,317172.0,0.227,12.4,0,1
B104456,Trade,Digital Lender,23,41475.0,13,1,0.792,0.64,3,326066.0,0.393,83.3,0,0
B104457,Transport,Digital Lender,28,52200.0,14,2,0.599,0.451,2,129422.0,0.124,8.0,0,0
B104458,Trade,Digital Lender,39,23415.0,1,2,0.93,0.636,1,126155.0,0.269,78.8,0,0
B104459,Personal/Household,Bank,26,39484.0,84,0,0.654,0.706,1,97471.0,0.123,16.2,0,0
B104460,Real Estate,Bank,18,12643.0,32,3,0.644,0.729,1,68967.0,0.273,19.5,0,0
B104461,Real Estate,Digital Lender,37,32865.0,8,2,0.892,0.778,1,113388.0,0.172,34.2,0,0
B104462,Agriculture,Bank,44,31726.0,43,0,0.885,0.507,3,53599.0,0.084,14.4,1,0
B104463,Services,Bank,34,80966.0,23,1,0.576,0.567,1,513806.0,0.317,14.3,0,0
B104464,Trade,Bank,40,70029.0,86,2,0.664,0.785,1,111961.0,0.08,14.2,0,0
B104465,Trade,Digital Lender,39,25793.0,42,5,0.764,0.606,3,144791.0,0.281,45.3,0,0
B104466,Trade,SACCO,35,18969.0,69,3,0.798,0.872,4,128198.0,0.338,16.9,0,0
B104467,Transport,Digital Lender,36,19258.0,58,4,0.908,0.559,1,121933.0,0.317,64.2,0,0
B104468,Services,Bank,48,25284.0,9,3,0.771,0.419,1,127957.0,0.253,13.2,0,0
B104469,Agriculture,Bank,25,60837.0,39,4,0.466,0.795,2,516907.0,0.425,13.8,0,0
B104470,Services,Bank,43,37354.0,6,0,0.889,0.371,0,151692.0,0.203,13.9,0,0
B104471,Agriculture,Digital Lender,23,39534.0,13,0,0.743,0.31,0,79541.0,0.101,16.7,0,0
B104472,Transport,Bank,27,46451.0,4,2,0.717,0.886,2,85134.0,0.092,14.2,0,0
B104473,Trade,Digital Lender,47,17209.0,15,1,0.44,0.476,2,80679.0,0.234,330.6,0,0
B104474,Manufacturing,MFI,23,20131.0,43,1,0.939,0.763,0,145900.0,0.362,20.9,0,0
B104475,Transport,Digital Lender,33,39582.0,4,5,0.737,0.746,1,282577.0,0.357,181.1,0,0
B104476,Manufacturing,Digital Lender,59,19372.0,35,1,0.786,0.612,0,172072.0,0.444,220.1,0,0
B104477,Agriculture,MFI,45,12842.0,150,1,0.788,0.381,1,37662.0,0.147,21.5,0,0
B104478,Personal/Household,SACCO,28,16393.0,20,1,0.571,0.535,0,118872.0,0.363,14.1,0,0
B104479,Services,Bank,29,53098.0,5,0,0.755,0.531,0,183981.0,0.173,19.0,0,0
B104480,Real Estate,Digital Lender,33,24204.0,14,3,0.924,0.675,2,107532.0,0.222,63.3,0,0
B104481,Transport,Digital Lender,48,33665.0,3,2,0.658,0.516,2,251767.0,0.374,151.5,0,0
B104482,Personal/Household,MFI,25,16850.0,159,1,0.776,0.627,3,76603.0,0.227,21.6,0,0
B104483,Agriculture,Bank,24,36632.0,28,1,0.907,0.419,2,79758.0,0.109,15.3,1,0
B104484,Personal/Household,Digital Lender,42,25635.0,34,2,0.901,0.841,4,175337.0,0.342,238.2,0,0
B104485,Agriculture,Digital Lender,18,38003.0,5,2,0.844,0.744,1,147426.0,0.194,203.6,0,1
B104486,Personal/Household,SACCO,26,22860.0,10,1,0.648,0.627,0,73041.0,0.16,8.6,0,0
B104487,Trade,Digital Lender,34,39236.0,18,2,0.618,0.745,1,94212.0,0.12,267.6,0,0
B104488,Agriculture,MFI,35,22251.0,22,3,0.88,0.628,0,141914.0,0.319,20.3,1,1
B104489,Manufacturing,Bank,21,28448.0,13,1,0.893,0.779,2,81911.0,0.144,15.7,1,0
B104490,Manufacturing,MFI,39,25606.0,49,2,0.95,0.643,2,55765.0,0.109,29.2,1,0
B104491,Personal/Household,Bank,41,30165.0,22,3,0.767,0.317,2,89407.0,0.148,16.8,0,0
B104492,Services,MFI,28,34665.0,47,5,0.544,0.61,1,202895.0,0.293,23.4,0,0
B104493,Trade,SACCO,52,22647.0,10,0,0.559,0.683,3,188342.0,0.416,19.6,0,0
B104494,Agriculture,Bank,38,27839.0,15,1,0.546,0.381,0,120445.0,0.216,11.0,0,0
B104495,Agriculture,Bank,25,32944.0,19,1,0.773,0.491,2,203706.0,0.309,16.9,1,0
B104496,Real Estate,SACCO,51,39310.0,46,1,0.845,0.596,0,101997.0,0.13,13.3,0,0
B104497,Manufacturing,Digital Lender,30,28514.0,5,2,0.859,0.381,2,73701.0,0.129,300.6,0,0
B104498,Personal/Household,Digital Lender,37,18254.0,33,1,0.789,0.86,2,100568.0,0.275,242.5,0,0
B104499,Personal/Household,Bank,30,31181.0,0,2,0.783,0.886,3,56035.0,0.09,12.7,0,0
B104500,Trade,Digital Lender,41,42989.0,4,1,0.852,0.911,4,265625.0,0.309,218.9,0,0
B104501,Real Estate,Bank,30,14282.0,54,3,0.723,0.821,0,101689.0,0.356,13.8,0,0
B104502,Transport,Bank,31,14374.0,12,1,0.73,0.75,3,86501.0,0.301,10.3,0,0
B104503,Real Estate,SACCO,33,20656.0,32,0,0.505,0.813,4,66172.0,0.16,12.2,0,0
B104504,Trade,MFI,30,26748.0,82,1,0.641,0.537,2,150073.0,0.281,20.2,0,0
B104505,Real Estate,Digital Lender,46,8881.0,10,1,0.567,0.536,5,48481.0,0.273,19.1,0,0
B104506,Real Estate,Bank,22,40772.0,127,1,0.664,0.607,2,178788.0,0.219,14.3,1,0
B104507,Trade,Bank,35,26893.0,123,2,0.528,0.783,2,88098.0,0.164,15.2,0,0
B104508,Personal/Household,MFI,36,8159.0,45,1,0.881,0.884,2,19656.0,0.12,12.6,0,0
B104509,Agriculture,Bank,34,16119.0,66,0,0.835,0.632,2,125321.0,0.389,14.2,1,0
B104510,Transport,Bank,45,25202.0,7,1,0.634,0.604,0,186463.0,0.37,13.9,0,0
B104511,Manufacturing,Bank,20,11216.0,15,1,0.26,0.513,2,92447.0,0.412,13.9,0,0
B104512,Personal/Household,Bank,41,50704.0,16,1,0.633,0.424,4,195400.0,0.193,19.0,0,1
B104513,Trade,Digital Lender,23,32950.0,9,2,0.687,0.566,4,157940.0,0.24,151.7,0,0
B104514,Trade,Bank,30,43174.0,6,3,0.379,0.499,2,245550.0,0.284,13.3,0,0
B104515,Agriculture,SACCO,22,16883.0,31,3,0.678,0.698,0,54928.0,0.163,8.0,0,1
B104516,Real Estate,SACCO,32,37282.0,60,1,0.698,0.632,5,185534.0,0.249,12.9,0,0
B104517,Agriculture,MFI,29,20674.0,93,3,0.772,0.578,0,175514.0,0.424,18.9,0,1
B104518,Personal/Household,MFI,51,26746.0,74,4,0.746,0.649,1,142309.0,0.266,23.7,0,1
B104519,Agriculture,SACCO,37,36100.0,3,0,0.333,0.83,3,228983.0,0.317,16.6,0,0
B104520,Trade,Digital Lender,39,28609.0,61,5,0.66,0.889,2,143733.0,0.251,203.6,0,0
B104521,Real Estate,Bank,24,46380.0,5,0,0.777,0.609,1,313562.0,0.338,14.1,0,0
B104522,Personal/Household,Digital Lender,42,32096.0,30,1,0.809,0.708,2,133349.0,0.208,115.0,0,0
B104523,Personal/Household,Bank,51,23047.0,39,2,0.62,0.678,2,69488.0,0.151,11.7,0,0
B104524,Personal/Household,MFI,44,47268.0,1,2,0.872,0.924,1,84775.0,0.09,22.0,0,0
B104525,Manufacturing,MFI,22,53078.0,26,1,0.685,0.351,0,393452.0,0.371,20.9,0,0
B104526,Personal/Household,Bank,30,31200.0,44,1,0.908,0.604,1,177666.0,0.285,17.7,0,0
B104527,Personal/Household,Bank,36,61998.0,10,7,0.969,0.791,0,206491.0,0.167,14.4,0,1
B104528,Agriculture,Bank,29,26121.0,17,0,0.734,0.527,4,115152.0,0.22,13.3,0,0
B104529,Manufacturing,Bank,60,27712.0,245,0,0.948,0.919,2,169703.0,0.306,14.8,0,0
B104530,Personal/Household,MFI,30,29804.0,5,3,0.514,0.651,0,175710.0,0.295,19.2,0,1
B104531,Agriculture,Bank,35,27684.0,5,1,0.734,0.849,0,218494.0,0.395,14.8,0,0
B104532,Transport,Digital Lender,29,25064.0,4,5,0.874,0.571,2,197754.0,0.394,230.3,0,1
B104533,Manufacturing,Digital Lender,37,20067.0,4,1,0.648,0.639,2,53864.0,0.134,183.9,0,1
B104534,Manufacturing,Bank,49,17210.0,6,1,0.763,0.421,3,76965.0,0.224,17.7,1,1
B104535,Trade,Bank,36,31600.0,14,0,0.893,0.562,2,252540.0,0.4,17.7,0,0
B104536,Transport,MFI,33,57474.0,15,1,0.753,0.65,1,315279.0,0.274,14.0,0,0
B104537,Personal/Household,Digital Lender,24,46528.0,76,3,0.514,0.469,2,205388.0,0.221,300.2,0,0
B104538,Trade,Bank,47,36807.0,26,1,0.648,0.738,2,183547.0,0.249,14.6,0,0
B104539,Agriculture,Bank,34,59103.0,14,0,0.697,0.745,4,171377.0,0.145,14.1,1,0
B104540,Trade,Digital Lender,33,30049.0,44,2,0.74,0.569,1,248618.0,0.414,74.9,0,0
B104541,Trade,MFI,18,17260.0,52,3,0.82,0.616,1,108578.0,0.315,15.7,0,0
B104542,Services,Bank,34,24534.0,1,1,0.561,0.448,2,82502.0,0.168,12.4,0,0
B104543,Manufacturing,Digital Lender,31,28757.0,7,5,0.836,0.769,0,199477.0,0.347,70.9,0,0
B104544,Agriculture,Digital Lender,18,22430.0,13,2,0.717,0.835,0,142920.0,0.319,35.8,0,0
B104545,Agriculture,MFI,45,41587.0,23,2,0.695,0.841,1,368904.0,0.444,15.0,0,0
B104546,Services,Bank,30,49739.0,44,3,0.56,0.503,0,243255.0,0.245,16.8,0,0
B104547,Agriculture,MFI,54,11468.0,13,2,0.862,0.512,1,42792.0,0.187,20.3,0,1
B104548,Personal/Household,Bank,49,27447.0,29,2,0.473,0.492,1,177064.0,0.323,10.1,0,0
B104549,Agriculture,MFI,28,8000.0,1,0,0.562,0.608,1,14747.0,0.092,25.2,0,0
B104550,Trade,Bank,49,28272.0,92,0,0.737,0.66,3,90455.0,0.16,15.5,0,0
B104551,Personal/Household,SACCO,51,28099.0,61,0,0.897,0.464,4,140254.0,0.25,8.5,0,0
B104552,Trade,Digital Lender,29,78977.0,2,1,0.411,0.747,2,179940.0,0.114,249.8,0,0
B104553,Transport,Digital Lender,25,66966.0,12,5,0.898,0.84,1,145786.0,0.109,204.3,0,0
B104554,Agriculture,Digital Lender,18,49652.0,91,1,0.761,0.763,1,401772.0,0.405,85.1,0,0
B104555,Personal/Household,Bank,39,17538.0,4,1,0.716,0.845,1,81216.0,0.232,12.6,0,1
B104556,Personal/Household,Bank,25,16990.0,35,4,0.667,0.515,0,82824.0,0.244,13.4,0,0
B104557,Personal/Household,MFI,39,16271.0,7,1,0.89,0.864,0,75987.0,0.233,22.9,0,0
B104558,Trade,Bank,29,68847.0,5,0,0.936,0.68,3,503264.0,0.365,16.2,0,0
B104559,Personal/Household,Bank,27,18020.0,31,0,0.754,0.589,4,63284.0,0.176,20.0,0,0
B104560,Services,Digital Lender,29,24051.0,22,2,0.774,0.922,1,59624.0,0.124,132.6,0,0
B104561,Agriculture,Bank,22,18126.0,5,1,0.915,0.577,1,95710.0,0.264,11.3,0,0
B104562,Agriculture,Bank,29,14883.0,21,1,0.711,0.521,4,117874.0,0.396,16.0,1,0
B104563,Personal/Household,MFI,28,35701.0,88,4,0.995,0.742,1,290843.0,0.407,18.5,0,0
B104564,Trade,Digital Lender,35,32349.0,18,2,0.867,0.626,3,245535.0,0.379,209.4,0,1
B104565,Transport,SACCO,36,8747.0,26,0,0.954,0.6,0,37142.0,0.212,17.4,0,0
B104566,Personal/Household,Bank,24,14529.0,20,1,0.724,0.762,4,73750.0,0.254,17.6,0,0
B104567,Trade,MFI,46,34213.0,1,0,0.833,0.718,2,120371.0,0.176,15.8,0,0
B104568,Manufacturing,Digital Lender,33,28575.0,51,3,0.825,0.298,3,160126.0,0.28,100.2,0,0
B104569,Manufacturing,Bank,50,23849.0,56,1,0.563,0.804,2,65380.0,0.137,13.3,0,0
B104570,Agriculture,SACCO,37,41486.0,20,1,0.673,0.67,3,202612.0,0.244,16.6,0,0
B104571,Personal/Household,SACCO,36,13445.0,9,3,0.962,0.715,2,97966.0,0.364,13.4,1,0
B104572,Trade,SACCO,30,21434.0,61,1,0.679,0.729,3,71547.0,0.167,15.4,0,0
B104573,Agriculture,Bank,41,39534.0,23,1,0.659,0.476,4,226866.0,0.287,16.9,0,0
B104574,Personal/Household,Digital Lender,35,20804.0,82,2,0.875,0.91,1,169577.0,0.408,245.3,0,0
B104575,Trade,Bank,44,35309.0,28,0,0.898,0.454,1,264274.0,0.374,12.9,0,0
B104576,Personal/Household,Bank,51,15829.0,12,1,0.808,0.708,1,43052.0,0.136,12.5,0,0
B104577,Trade,Bank,28,18899.0,42,2,0.653,0.815,3,35110.0,0.093,16.0,0,0
B104578,Manufacturing,MFI,41,11157.0,14,4,0.814,0.637,1,62906.0,0.282,26.8,0,0
B104579,Trade,Bank,41,9591.0,45,2,0.664,0.724,3,37329.0,0.195,15.9,0,0
B104580,Transport,Digital Lender,40,22885.0,13,5,0.707,0.738,0,96505.0,0.211,189.3,0,0
B104581,Personal/Household,Digital Lender,31,38083.0,135,5,0.88,0.593,4,297134.0,0.39,98.1,0,1
B104582,Personal/Household,Bank,31,27913.0,3,0,0.888,0.767,0,60332.0,0.108,17.4,0,0
B104583,Services,Digital Lender,29,56283.0,59,1,0.751,0.768,3,451715.0,0.401,183.7,0,0
B104584,Transport,Digital Lender,29,23956.0,28,4,0.924,0.872,4,40679.0,0.085,171.7,0,0
B104585,Personal/Household,Bank,27,9264.0,14,2,0.753,0.807,2,39445.0,0.213,17.4,0,0
B104586,Manufacturing,SACCO,34,35929.0,73,2,0.978,0.492,0,171611.0,0.239,17.9,0,0
B104587,Services,Digital Lender,27,16429.0,38,0,0.749,0.787,2,53649.0,0.163,75.5,0,0
B104588,Transport,Digital Lender,39,31864.0,28,4,0.945,0.398,0,243464.0,0.382,177.7,0,0
B104589,Services,MFI,36,8459.0,21,3,0.639,0.509,1,53456.0,0.316,16.8,0,0
B104590,Agriculture,Digital Lender,37,25558.0,58,1,0.852,0.748,0,70223.0,0.137,117.2,0,0
B104591,Manufacturing,SACCO,32,43760.0,36,2,0.718,0.799,0,195516.0,0.223,8.7,0,0
B104592,Personal/Household,Bank,36,40915.0,16,2,0.823,0.668,2,357328.0,0.437,12.5,0,0
B104593,Trade,Bank,33,25902.0,34,5,0.927,0.751,3,167947.0,0.324,15.7,1,0
B104594,Trade,MFI,43,28905.0,15,2,0.648,0.905,2,215582.0,0.373,22.0,0,0
B104595,Services,Bank,31,22619.0,12,4,0.77,0.765,2,189733.0,0.419,11.7,0,0
B104596,Real Estate,Bank,39,25234.0,1,3,0.962,0.576,0,175650.0,0.348,13.6,0,1
B104597,Trade,Bank,22,41971.0,10,2,0.835,0.757,3,255761.0,0.305,13.7,1,0
B104598,Agriculture,Digital Lender,42,19684.0,10,2,0.489,0.524,2,130425.0,0.331,312.1,0,0
B104599,Real Estate,SACCO,29,20774.0,35,1,0.982,0.629,5,56943.0,0.137,9.7,0,0
B104600,Transport,Bank,26,12472.0,22,1,0.694,0.824,2,36186.0,0.145,10.4,0,0
B104601,Services,Bank,24,42433.0,7,0,0.531,0.464,0,94913.0,0.112,13.5,0,0
B104602,Services,Bank,23,24936.0,52,5,0.828,0.552,0,72156.0,0.145,14.3,0,0
B104603,Transport,Bank,30,14844.0,19,0,0.86,0.785,1,98449.0,0.332,11.4,0,1
B104604,Personal/Household,SACCO,50,46737.0,16,0,0.751,0.462,1,216243.0,0.231,13.5,0,0
B104605,Agriculture,Bank,29,28125.0,10,1,0.911,0.58,3,226550.0,0.403,13.4,0,0
B104606,Personal/Household,Digital Lender,18,19183.0,7,4,0.669,0.848,0,117228.0,0.306,69.9,0,1
B104607,Trade,Bank,39,47144.0,89,2,0.909,0.75,2,266574.0,0.283,16.4,1,0
B104608,Trade,Bank,24,23914.0,16,0,0.614,0.677,3,154998.0,0.324,14.6,0,0
B104609,Services,Digital Lender,43,12172.0,2,3,0.894,0.852,2,101841.0,0.418,109.4,0,0
B104610,Personal/Household,Bank,31,48884.0,20,3,0.542,0.819,1,298379.0,0.305,13.8,1,1
B104611,Agriculture,Bank,32,18179.0,75,2,0.821,0.46,0,86515.0,0.238,13.9,0,0
B104612,Transport,Bank,47,151924.0,7,2,0.76,0.527,1,1177892.0,0.388,14.4,0,1
B104613,Real Estate,SACCO,41,22582.0,35,2,0.815,0.733,1,182336.0,0.404,12.8,0,0
B104614,Agriculture,Bank,23,9524.0,7,2,0.579,0.276,3,70593.0,0.371,14.2,1,1
B104615,Agriculture,Digital Lender,24,75732.0,22,1,0.906,0.957,1,414963.0,0.274,182.8,0,0
B104616,Trade,SACCO,18,27975.0,22,0,0.839,0.816,2,137585.0,0.246,15.8,1,0
B104617,Manufacturing,Digital Lender,61,33217.0,50,0,0.509,0.715,2,124910.0,0.188,127.5,0,0
B104618,Real Estate,SACCO,26,35598.0,5,1,0.717,0.362,2,120696.0,0.17,17.1,0,0
B104619,Manufacturing,Digital Lender,47,13653.0,3,1,0.936,0.787,1,115055.0,0.421,48.8,1,0
B104620,Trade,SACCO,30,8764.0,78,0,0.824,0.658,1,46108.0,0.263,11.9,0,0
B104621,Services,MFI,24,84513.0,48,2,0.838,0.584,2,279926.0,0.166,21.8,0,0
B104622,Transport,SACCO,35,12213.0,9,0,0.857,0.486,2,42028.0,0.172,8.8,0,0
B104623,Services,SACCO,32,71041.0,24,4,0.644,0.799,3,475956.0,0.335,12.6,0,0
B104624,Trade,Bank,43,38548.0,1,1,0.666,0.541,2,199134.0,0.258,16.9,0,1
B104625,Transport,SACCO,43,31776.0,23,2,0.761,0.707,2,109425.0,0.172,17.7,0,0
B104626,Personal/Household,Bank,29,22307.0,4,4,0.761,0.439,3,94159.0,0.211,11.4,1,1
B104627,Agriculture,MFI,21,102748.0,47,1,0.767,0.731,3,468777.0,0.228,27.4,1,0
B104628,Trade,Bank,23,19715.0,6,2,0.726,0.91,3,31665.0,0.08,13.5,0,1
B104629,Agriculture,Bank,18,20021.0,6,3,0.854,0.412,2,157002.0,0.392,9.4,0,0
B104630,Agriculture,Bank,32,41788.0,12,1,0.757,0.786,3,368615.0,0.441,11.8,0,0
B104631,Real Estate,Bank,35,19933.0,7,1,0.776,0.723,1,82746.0,0.208,14.0,0,0
B104632,Agriculture,Bank,24,16547.0,12,1,0.812,0.554,0,137902.0,0.417,16.2,0,0
B104633,Agriculture,Bank,22,27967.0,24,1,0.916,0.593,3,123939.0,0.222,16.3,1,0
B104634,Transport,MFI,35,42149.0,3,2,0.895,0.743,2,90405.0,0.107,20.1,0,0
B104635,Trade,MFI,29,81191.0,27,1,0.779,0.353,1,375800.0,0.231,18.5,0,0
B104636,Agriculture,Digital Lender,33,90830.0,0,4,0.687,0.793,0,645291.0,0.355,187.5,0,0
B104637,Personal/Household,Digital Lender,31,10786.0,15,1,0.937,0.473,1,77038.0,0.357,247.6,0,0
B104638,Trade,Bank,37,51245.0,52,4,0.749,0.265,2,280856.0,0.274,16.1,0,0
B104639,Agriculture,MFI,29,16811.0,61,3,0.562,0.59,1,92562.0,0.275,19.4,0,0
B104640,Trade,MFI,30,17279.0,1,3,0.705,0.766,1,71790.0,0.208,19.1,0,0
B104641,Trade,Bank,18,21469.0,103,2,0.73,0.753,1,181152.0,0.422,11.0,0,1
B104642,Real Estate,MFI,34,20731.0,36,2,0.809,0.899,1,124412.0,0.3,22.5,0,0
B104643,Trade,SACCO,36,16040.0,34,1,0.702,0.495,1,100934.0,0.315,14.1,0,0
B104644,Agriculture,SACCO,33,8041.0,17,1,0.803,0.783,0,62903.0,0.391,10.0,0,0
B104645,Services,Bank,54,64032.0,1,3,0.467,0.247,5,517379.0,0.404,14.2,0,1
B104646,Services,SACCO,37,47371.0,13,2,0.734,0.747,3,370492.0,0.391,15.7,0,0
B104647,Trade,Bank,33,28644.0,14,3,0.744,0.962,2,255861.0,0.447,14.6,0,0
B104648,Agriculture,Digital Lender,40,16978.0,13,2,0.575,0.773,2,61477.0,0.181,326.0,0,0
B104649,Real Estate,Digital Lender,56,57021.0,21,6,0.725,0.338,1,435117.0,0.382,8.0,0,0
B104650,Personal/Household,Bank,38,27916.0,2,0,0.932,0.402,4,70787.0,0.127,13.0,0,0
B104651,Personal/Household,Digital Lender,18,21069.0,0,1,0.721,0.672,5,38954.0,0.092,124.9,0,0
B104652,Trade,Digital Lender,39,11703.0,14,3,0.811,0.515,2,42482.0,0.181,90.6,0,0
B104653,Trade,MFI,26,38869.0,18,1,0.676,0.566,1,225634.0,0.29,21.4,1,1
B104654,Real Estate,Bank,18,24053.0,8,2,0.696,0.812,0,62726.0,0.13,14.4,0,0
B104655,Personal/Household,Digital Lender,52,33376.0,60,4,0.906,0.796,0,199952.0,0.3,257.9,0,0
B104656,Services,MFI,50,31721.0,22,1,0.406,0.478,4,150578.0,0.237,26.1,0,0
B104657,Trade,Bank,26,41012.0,9,2,0.85,0.643,0,161105.0,0.196,13.7,0,0
B104658,Manufacturing,SACCO,26,32586.0,15,2,0.612,0.812,2,270163.0,0.415,17.6,0,0
B104659,Trade,MFI,37,24452.0,21,5,0.707,0.539,2,175483.0,0.359,20.6,0,0
B104660,Personal/Household,Bank,26,39233.0,35,2,0.879,0.588,4,222601.0,0.284,15.1,0,0
B104661,Services,Digital Lender,34,48787.0,17,3,0.893,0.892,2,91852.0,0.094,216.7,1,1
B104662,Real Estate,Bank,28,67697.0,15,1,0.391,0.768,1,470493.0,0.347,12.8,0,1
B104663,Trade,MFI,31,15615.0,118,0,0.683,0.657,0,76456.0,0.245,21.9,0,0
B104664,Manufacturing,SACCO,21,53318.0,43,3,0.679,0.833,3,146323.0,0.137,18.0,0,0
B104665,Real Estate,Bank,43,12076.0,45,1,0.967,0.336,1,62845.0,0.26,13.7,0,0
B104666,Personal/Household,SACCO,47,50533.0,2,0,0.668,0.628,0,259248.0,0.257,12.0,0,0
B104667,Agriculture,SACCO,34,20903.0,17,3,0.573,0.769,2,118431.0,0.283,13.3,0,1
B104668,Personal/Household,MFI,35,45951.0,38,0,0.916,0.752,4,363475.0,0.395,19.7,0,0
B104669,Agriculture,MFI,41,65739.0,3,0,0.831,0.788,2,416923.0,0.317,22.5,0,0
B104670,Trade,Digital Lender,35,32814.0,1,2,0.851,0.761,0,272323.0,0.415,170.6,0,0
B104671,Agriculture,Digital Lender,52,28968.0,4,2,0.551,0.555,0,65092.0,0.112,90.9,0,0
B104672,Trade,Bank,22,28166.0,3,1,0.597,0.766,0,128453.0,0.228,14.8,1,0
B104673,Agriculture,Bank,44,22952.0,97,1,0.733,0.715,1,89822.0,0.196,17.0,0,0
B104674,Transport,MFI,34,55184.0,23,1,0.642,0.923,4,120006.0,0.109,19.7,0,0
B104675,Trade,Digital Lender,24,28021.0,48,3,0.703,0.641,2,191414.0,0.342,93.4,0,0
B104676,Trade,Digital Lender,57,8988.0,30,2,0.863,0.623,1,77947.0,0.434,256.2,0,0
B104677,Trade,Bank,59,48353.0,27,3,0.466,0.549,0,101137.0,0.105,14.8,1,0
B104678,Trade,Digital Lender,33,46976.0,33,5,0.913,0.576,0,200026.0,0.213,32.2,0,0
B104679,Personal/Household,Bank,39,30446.0,31,0,0.817,0.644,2,208388.0,0.342,16.3,0,0
B104680,Services,Bank,30,19273.0,119,2,0.843,0.718,0,68518.0,0.178,14.4,0,0
B104681,Trade,SACCO,32,15707.0,28,0,0.86,0.405,1,116689.0,0.371,16.8,0,0
B104682,Personal/Household,Bank,24,19304.0,0,3,0.893,0.765,0,144420.0,0.374,14.7,0,0
B104683,Personal/Household,SACCO,22,33168.0,34,0,0.416,0.764,0,176044.0,0.265,14.2,1,0
B104684,Services,MFI,53,10787.0,17,1,0.962,0.483,1,55871.0,0.259,17.3,1,0
B104685,Agriculture,Digital Lender,35,37550.0,21,3,0.735,0.644,0,301651.0,0.402,88.8,0,0
B104686,Agriculture,Digital Lender,36,30943.0,10,1,0.81,0.743,1,219043.0,0.354,143.7,0,0
B104687,Real Estate,Bank,27,60355.0,15,1,0.899,0.466,2,456009.0,0.378,16.5,0,0
B104688,Personal/Household,MFI,37,43725.0,30,4,0.854,0.898,4,207166.0,0.237,25.9,0,0
B104689,Personal/Household,SACCO,20,19977.0,5,1,0.689,0.581,3,78660.0,0.197,18.4,0,0
B104690,Real Estate,Bank,27,11731.0,7,2,0.878,0.569,2,22026.0,0.094,15.7,0,0
B104691,Agriculture,Digital Lender,23,18927.0,20,4,0.873,0.806,4,46123.0,0.122,158.8,0,0
B104692,Personal/Household,SACCO,48,63556.0,15,2,0.951,0.794,2,510307.0,0.401,8.8,1,0
B104693,Personal/Household,Bank,18,34958.0,2,1,0.324,0.879,2,101011.0,0.144,13.8,0,0
B104694,Real Estate,Digital Lender,23,41297.0,12,1,0.833,0.956,2,244689.0,0.296,208.7,0,0
B104695,Transport,MFI,18,21035.0,45,1,0.558,0.859,4,77056.0,0.183,22.4,0,0
B104696,Real Estate,Bank,26,38817.0,11,3,0.744,0.661,4,129224.0,0.166,15.8,0,1
B104697,Real Estate,Bank,30,12886.0,15,3,0.55,0.951,2,19846.0,0.077,15.0,1,0
B104698,Manufacturing,Digital Lender,45,49730.0,63,4,0.751,0.625,2,378081.0,0.38,185.0,0,0
B104699,Personal/Household,Digital Lender,33,15749.0,19,3,0.946,0.569,1,65430.0,0.208,59.9,0,0
B104700,Services,Bank,31,10037.0,18,2,0.644,0.779,1,16936.0,0.084,14.8,0,0
B104701,Real Estate,Bank,38,103185.0,32,4,0.909,0.672,1,768311.0,0.372,13.5,0,0
B104702,Agriculture,Bank,31,32022.0,41,0,0.637,0.384,1,264114.0,0.412,15.7,0,0
B104703,Agriculture,SACCO,59,31539.0,19,2,0.794,0.655,0,256799.0,0.407,8.3,0,0
B104704,Trade,Bank,29,10631.0,10,1,0.743,0.877,3,39203.0,0.184,12.5,0,0
B104705,Agriculture,MFI,39,41873.0,8,3,0.658,0.832,1,131565.0,0.157,22.8,0,1
B104706,Trade,Bank,43,48403.0,19,2,0.676,0.919,4,233833.0,0.242,12.0,0,0
B104707,Real Estate,MFI,29,26646.0,9,1,0.899,0.821,0,112430.0,0.211,22.0,0,0
B104708,Trade,SACCO,37,48506.0,26,0,0.679,0.685,1,227063.0,0.234,10.6,0,0
B104709,Agriculture,MFI,30,56601.0,14,2,0.86,0.93,3,252721.0,0.223,18.9,0,1
B104710,Personal/Household,Bank,38,39702.0,52,3,0.939,0.606,1,290787.0,0.366,16.4,0,0
B104711,Agriculture,MFI,36,9032.0,15,3,0.902,0.81,3,44829.0,0.248,19.2,0,0
B104712,Transport,MFI,34,15782.0,27,2,0.772,0.809,1,36001.0,0.114,24.0,1,0
B104713,Services,MFI,23,75191.0,46,1,0.848,0.881,3,673330.0,0.448,13.5,0,0
B104714,Manufacturing,Bank,54,31111.0,29,1,0.742,0.411,3,115626.0,0.186,12.6,0,0
B104715,Trade,Bank,41,31188.0,33,1,0.669,0.709,1,176835.0,0.283,15.8,0,0
B104716,Agriculture,MFI,19,18818.0,58,6,0.791,0.456,2,62216.0,0.165,14.8,0,0
B104717,Transport,Bank,31,20939.0,15,1,0.729,0.585,2,143937.0,0.344,13.8,0,0
B104718,Manufacturing,SACCO,19,57294.0,5,2,0.669,0.428,2,206300.0,0.18,16.7,0,0
B104719,Trade,Bank,43,67789.0,5,3,0.776,0.545,1,286675.0,0.211,15.8,0,0
B104720,Real Estate,Bank,35,46095.0,0,3,0.875,0.574,0,391427.0,0.425,13.1,0,1
B104721,Manufacturing,SACCO,35,40270.0,20,2,0.767,0.428,2,315168.0,0.391,8.0,0,0
B104722,Agriculture,Bank,27,41967.0,2,2,0.794,0.76,3,177568.0,0.212,16.4,0,0
B104723,Transport,Bank,32,28604.0,59,3,0.87,0.758,2,67718.0,0.118,12.3,0,0
B104724,Trade,Digital Lender,43,15336.0,142,3,0.857,0.684,3,114649.0,0.374,256.7,0,0
B104725,Agriculture,MFI,46,13618.0,4,4,0.859,0.618,0,64925.0,0.238,19.2,0,0
B104726,Personal/Household,Digital Lender,43,61275.0,42,1,0.876,0.544,1,487826.0,0.398,199.2,0,0
B104727,Agriculture,Bank,19,29199.0,55,3,0.941,0.782,2,221404.0,0.379,16.7,1,0
B104728,Transport,Digital Lender,33,38653.0,2,4,0.692,0.886,0,146860.0,0.19,163.5,0,0
B104729,Real Estate,Digital Lender,38,33387.0,7,3,0.534,0.63,6,145997.0,0.219,222.2,0,0
B104730,Agriculture,Bank,28,34332.0,80,1,0.596,0.51,1,293033.0,0.427,14.0,0,0
B104731,Services,MFI,18,35944.0,1,2,0.783,0.737,2,177903.0,0.247,22.4,0,0
B104732,Agriculture,SACCO,22,43633.0,1,0,0.813,0.78,1,193155.0,0.221,11.6,0,0
B104733,Agriculture,MFI,50,19494.0,66,5,0.702,0.702,3,66369.0,0.17,18.0,0,0
B104734,Services,Bank,23,56973.0,83,2,0.921,0.283,3,222940.0,0.196,21.4,0,0
B104735,Personal/Household,Digital Lender,35,19816.0,107,3,0.594,0.717,1,116249.0,0.293,39.2,0,0
B104736,Personal/Household,SACCO,33,33918.0,4,1,0.915,0.683,0,196320.0,0.289,15.2,0,0
B104737,Trade,Digital Lender,33,15512.0,23,3,0.654,0.795,3,132784.0,0.428,8.0,0,0
B104738,Trade,Digital Lender,32,27129.0,0,1,0.72,0.497,1,237138.0,0.437,238.0,1,1
B104739,Transport,Digital Lender,43,20684.0,31,3,0.839,0.944,3,107616.0,0.26,284.1,0,0
B104740,Trade,SACCO,35,30131.0,3,4,0.606,0.557,3,251817.0,0.418,13.7,0,1
B104741,Agriculture,SACCO,29,44555.0,8,2,0.491,0.418,0,339009.0,0.38,11.1,0,0
B104742,Personal/Household,Digital Lender,36,31003.0,66,6,0.896,0.901,3,264739.0,0.427,155.5,1,0
B104743,Agriculture,SACCO,22,87419.0,1,1,0.98,0.402,2,604543.0,0.346,12.9,0,0
B104744,Trade,Bank,40,46063.0,27,2,0.883,0.676,3,389005.0,0.422,16.0,0,0
B104745,Trade,SACCO,28,26222.0,9,2,0.908,0.63,2,90268.0,0.172,12.6,0,0
B104746,Real Estate,Bank,29,28357.0,3,1,0.734,0.526,3,170330.0,0.3,14.9,0,0
B104747,Transport,Digital Lender,40,36599.0,91,3,0.834,0.537,2,217676.0,0.297,123.7,0,0
B104748,Personal/Household,SACCO,31,43800.0,49,1,0.935,0.631,3,100757.0,0.115,10.4,0,0
B104749,Trade,MFI,31,15082.0,6,2,0.508,0.487,1,134288.0,0.445,16.1,1,0
B104750,Trade,Bank,47,42199.0,0,0,0.73,0.793,1,232707.0,0.276,16.9,0,0
B104751,Manufacturing,MFI,25,15299.0,19,1,0.716,0.804,1,52850.0,0.173,21.4,0,0
B104752,Agriculture,Bank,40,40011.0,70,1,0.83,0.808,2,215029.0,0.269,13.6,0,0
B104753,Manufacturing,SACCO,44,54451.0,34,2,0.815,0.26,5,243227.0,0.223,20.4,0,0
B104754,Services,SACCO,47,35061.0,15,4,0.756,0.82,2,173118.0,0.247,14.0,0,0
B104755,Manufacturing,MFI,57,8274.0,31,1,0.761,0.723,2,39051.0,0.236,22.3,0,0
B104756,Real Estate,Bank,29,11156.0,41,2,0.832,0.408,1,86240.0,0.386,17.0,0,0
B104757,Services,MFI,26,40518.0,21,0,0.82,0.417,3,289979.0,0.358,19.5,1,1
B104758,Trade,MFI,43,8000.0,41,4,0.645,0.749,1,46928.0,0.293,20.3,0,0
B104759,Services,Digital Lender,44,41582.0,6,3,0.963,0.707,4,219610.0,0.264,108.9,0,1
B104760,Manufacturing,Digital Lender,27,51106.0,15,5,0.756,0.579,0,370283.0,0.362,55.2,0,0
B104761,Manufacturing,Digital Lender,40,55512.0,90,3,0.643,0.834,1,149423.0,0.135,42.6,0,0
B104762,Services,Bank,62,26035.0,94,1,0.891,0.576,1,86482.0,0.166,16.2,1,0
B104763,Manufacturing,Bank,36,37842.0,58,1,0.949,0.621,1,174226.0,0.23,15.7,0,1
B104764,Real Estate,Digital Lender,44,33353.0,12,2,0.855,0.649,3,58551.0,0.088,229.0,0,0
B104765,Agriculture,Digital Lender,51,13226.0,21,2,0.823,0.539,2,79796.0,0.302,207.2,0,0
B104766,Transport,Bank,60,44791.0,41,3,0.62,0.494,2,145608.0,0.163,14.8,0,0
B104767,Manufacturing,SACCO,37,63880.0,80,1,0.773,0.22,3,558223.0,0.437,11.1,0,1
B104768,Trade,MFI,48,43441.0,49,0,0.738,0.548,4,335494.0,0.386,21.8,1,1
B104769,Personal/Household,Bank,27,22549.0,4,1,0.566,0.58,2,56683.0,0.126,13.6,0,0
B104770,Transport,Digital Lender,35,44666.0,21,4,0.885,0.593,1,95589.0,0.107,69.2,0,0
B104771,Real Estate,Digital Lender,31,60700.0,7,3,0.348,0.47,0,108776.0,0.09,306.3,0,0
B104772,Trade,Digital Lender,18,56468.0,6,3,0.975,0.798,1,217712.0,0.193,225.2,0,1
B104773,Real Estate,Bank,19,52301.0,85,2,0.799,0.528,1,443646.0,0.424,11.8,0,0
B104774,Trade,MFI,39,12388.0,78,2,0.874,0.777,0,63897.0,0.258,20.3,0,1
B104775,Trade,Digital Lender,39,37013.0,18,1,0.954,0.603,1,164225.0,0.222,410.0,0,0
B104776,Real Estate,SACCO,25,42409.0,9,2,0.563,0.63,3,374917.0,0.442,12.8,0,0
B104777,Trade,MFI,51,52642.0,156,1,0.662,0.898,2,128933.0,0.122,22.4,0,0
B104778,Agriculture,MFI,24,39482.0,3,0,0.771,0.435,7,344532.0,0.436,28.1,0,1
B104779,Transport,Bank,38,69813.0,11,1,0.712,0.483,1,349164.0,0.25,15.2,0,0
B104780,Agriculture,SACCO,31,10880.0,115,2,0.712,0.666,0,17730.0,0.081,14.4,0,0
B104781,Services,Digital Lender,36,40421.0,3,0,0.823,0.79,2,168795.0,0.209,39.1,0,0
B104782,Services,Bank,44,38694.0,19,1,0.711,0.493,1,320945.0,0.415,12.9,0,0
B104783,Transport,Bank,43,48849.0,37,3,0.629,0.607,2,78774.0,0.081,14.5,0,0
B104784,Services,MFI,42,69437.0,10,1,0.831,0.522,2,370043.0,0.266,20.1,0,1
B104785,Personal/Household,MFI,41,18241.0,17,2,0.661,0.706,3,156178.0,0.428,20.2,0,0
B104786,Agriculture,Bank,22,68166.0,123,0,0.978,0.576,1,558920.0,0.41,12.6,0,1
B104787,Personal/Household,Bank,46,46546.0,7,1,0.612,0.875,2,414595.0,0.445,13.8,0,0
B104788,Trade,SACCO,24,26824.0,53,1,0.81,0.746,2,91672.0,0.171,10.8,0,0
B104789,Personal/Household,Bank,34,18037.0,10,2,0.824,0.579,3,47675.0,0.132,16.3,0,0
B104790,Manufacturing,SACCO,31,33123.0,6,2,0.593,0.603,2,84851.0,0.128,11.8,0,0
B104791,Trade,MFI,39,34791.0,30,3,0.624,0.539,2,131797.0,0.189,23.3,0,0
B104792,Agriculture,MFI,30,35870.0,18,2,0.786,0.541,2,127595.0,0.178,21.2,0,0
B104793,Services,SACCO,33,21061.0,16,0,0.858,0.782,1,94453.0,0.224,8.0,0,0
B104794,Agriculture,SACCO,51,41570.0,3,2,0.631,0.597,3,130490.0,0.157,8.3,0,0
B104795,Trade,MFI,22,23788.0,30,0,0.629,0.71,2,83260.0,0.175,19.4,1,0
B104796,Trade,MFI,35,58053.0,6,0,0.713,0.9,3,95998.0,0.083,16.0,0,0
B104797,Real Estate,MFI,24,76162.0,42,1,0.783,0.611,4,607779.0,0.399,22.6,0,0
B104798,Personal/Household,MFI,42,19017.0,34,1,0.729,0.766,1,115962.0,0.305,22.6,0,0
B104799,Personal/Household,MFI,28,30728.0,94,3,0.593,0.829,1,75851.0,0.123,22.4,0,0
B104800,Real Estate,MFI,35,50751.0,70,0,0.787,0.736,1,282139.0,0.278,17.9,0,0
B104801,Trade,MFI,22,34604.0,0,0,0.756,0.775,3,99590.0,0.144,21.2,0,0
B104802,Trade,Bank,48,14131.0,3,1,0.666,0.742,0,62717.0,0.222,12.8,0,0
B104803,Real Estate,SACCO,36,47841.0,62,1,0.742,0.497,3,79464.0,0.083,10.1,1,0
B104804,Personal/Household,Bank,36,21308.0,16,1,0.706,0.475,4,105737.0,0.248,15.3,0,0
B104805,Personal/Household,Digital Lender,43,33198.0,24,2,0.761,0.686,4,275888.0,0.416,188.8,1,0
B104806,Real Estate,SACCO,22,17211.0,3,3,0.814,0.843,3,31068.0,0.09,19.5,0,1
B104807,Transport,Bank,29,46029.0,15,1,0.737,0.785,1,273483.0,0.297,16.2,0,0
B104808,Real Estate,SACCO,37,23586.0,10,1,0.668,0.677,1,48341.0,0.102,13.6,1,0
B104809,Manufacturing,Bank,18,48788.0,7,3,0.91,0.556,4,390805.0,0.401,13.4,0,0
B104810,Manufacturing,Digital Lender,18,26418.0,18,1,0.729,0.618,2,86055.0,0.163,104.3,0,0
B104811,Personal/Household,Digital Lender,27,22818.0,2,4,0.842,0.449,2,81333.0,0.178,215.4,0,0
B104812,Manufacturing,Digital Lender,24,37299.0,13,3,0.494,0.753,2,113257.0,0.152,227.1,0,0
B104813,Services,MFI,32,16467.0,37,3,0.813,0.748,3,132947.0,0.404,20.2,0,0
B104814,Real Estate,Digital Lender,40,79940.0,42,2,0.693,0.347,0,347675.0,0.217,211.4,0,0
B104815,Trade,SACCO,42,32928.0,2,0,0.657,0.687,3,156226.0,0.237,13.0,1,0
B104816,Agriculture,Digital Lender,53,21776.0,24,2,0.582,0.941,0,186518.0,0.428,66.8,0,0
B104817,Manufacturing,Bank,35,23870.0,85,0,0.639,0.604,2,63296.0,0.133,10.0,0,0
B104818,Manufacturing,Digital Lender,37,30021.0,22,4,0.619,0.709,6,159590.0,0.266,233.5,0,0
B104819,Manufacturing,SACCO,35,51416.0,14,2,0.772,0.924,1,151853.0,0.148,12.1,0,0
B104820,Personal/Household,Bank,38,18179.0,98,4,0.621,0.747,2,62434.0,0.172,12.8,0,0
B104821,Agriculture,Digital Lender,39,24274.0,67,2,0.903,0.654,4,179315.0,0.369,22.7,0,0
B104822,Transport,SACCO,44,28934.0,84,3,0.415,0.844,3,132529.0,0.229,15.0,0,0
B104823,Personal/Household,Digital Lender,44,69450.0,12,2,0.881,0.581,0,116836.0,0.084,27.3,0,0
B104824,Real Estate,Bank,40,51510.0,10,4,0.725,0.65,4,155672.0,0.151,15.6,0,1
B104825,Real Estate,MFI,50,71296.0,16,3,0.662,0.955,1,463579.0,0.325,19.9,0,0
B104826,Trade,SACCO,35,30244.0,87,0,0.844,0.815,2,61988.0,0.102,12.8,0,0
B104827,Real Estate,Bank,29,65383.0,11,1,0.866,0.485,0,516461.0,0.395,12.2,0,0
B104828,Personal/Household,Digital Lender,31,59695.0,9,3,0.95,0.414,2,409956.0,0.343,8.0,0,0
B104829,Services,SACCO,34,43618.0,2,1,0.59,0.546,3,164681.0,0.189,13.9,0,0
B104830,Transport,Bank,24,45586.0,7,1,0.887,0.482,2,381835.0,0.419,12.1,0,0
B104831,Agriculture,SACCO,29,21439.0,1,1,0.748,0.472,1,43304.0,0.101,13.0,0,1
B104832,Personal/Household,Bank,24,81273.0,22,1,0.667,0.561,1,186068.0,0.114,13.5,0,0
B104833,Personal/Household,Digital Lender,38,25982.0,4,1,0.802,0.852,0,110783.0,0.213,223.7,0,0
B104834,Agriculture,Digital Lender,39,40451.0,26,3,0.945,0.463,4,326025.0,0.403,178.1,0,0
B104835,Personal/Household,MFI,18,43139.0,24,5,0.451,0.861,1,161580.0,0.187,22.6,0,0
B104836,Trade,MFI,28,13985.0,0,2,0.728,0.892,0,73784.0,0.264,17.1,0,0
B104837,Trade,MFI,53,28909.0,16,0,0.942,0.761,1,45728.0,0.079,20.3,0,0
B104838,Trade,Bank,41,33252.0,19,0,0.859,0.358,2,157562.0,0.237,18.0,0,0
B104839,Trade,Digital Lender,40,27935.0,23,2,0.857,0.583,4,98911.0,0.177,140.1,0,0
B104840,Personal/Household,Bank,28,29098.0,41,2,0.778,0.885,1,162078.0,0.278,13.9,0,0
B104841,Real Estate,MFI,38,67574.0,23,1,0.709,0.576,1,180288.0,0.133,19.2,0,0
B104842,Agriculture,Bank,35,18865.0,3,4,0.8,0.848,4,60642.0,0.161,12.7,0,1
B104843,Real Estate,SACCO,27,14797.0,19,0,0.866,0.598,2,67924.0,0.23,11.9,0,1
B104844,Real Estate,Digital Lender,30,21535.0,39,2,0.689,0.668,2,170825.0,0.397,281.2,0,1
B104845,Agriculture,Bank,30,44772.0,7,0,0.754,0.653,2,308652.0,0.345,15.6,0,0
B104846,Trade,Bank,20,47237.0,59,2,0.756,0.705,0,263502.0,0.279,11.2,0,1
B104847,Transport,Bank,22,41494.0,60,2,0.769,0.43,2,194455.0,0.234,14.3,1,0
B104848,Trade,Bank,33,49094.0,5,3,0.559,0.872,1,243468.0,0.248,15.1,0,0
B104849,Personal/Household,MFI,27,34229.0,56,3,0.844,0.943,2,257168.0,0.376,21.4,0,1
B104850,Trade,Digital Lender,32,22361.0,32,3,0.438,0.855,4,60680.0,0.136,302.8,0,0
B104851,Personal/Household,MFI,19,17680.0,19,2,0.959,0.668,0,142844.0,0.404,14.8,0,0
B104852,Personal/Household,Bank,43,14851.0,59,0,0.854,0.64,1,34087.0,0.115,9.2,0,0
B104853,Trade,SACCO,56,26240.0,36,1,0.774,0.756,3,61443.0,0.117,12.6,0,0
B104854,Trade,Digital Lender,45,45871.0,26,2,0.9,0.66,1,350808.0,0.382,99.5,0,0
B104855,Services,Bank,46,33871.0,45,0,0.745,0.922,1,182161.0,0.269,12.8,0,0
B104856,Real Estate,Bank,41,30110.0,26,1,0.738,0.805,5,80476.0,0.134,16.3,0,0
B104857,Transport,Digital Lender,38,16640.0,60,1,0.925,0.074,2,126708.0,0.381,95.6,0,0
B104858,Trade,Bank,36,122835.0,22,0,0.513,0.685,1,754012.0,0.307,21.9,0,0
B104859,Agriculture,Digital Lender,26,18883.0,63,4,0.551,0.841,2,124983.0,0.331,201.1,0,0
B104860,Manufacturing,Digital Lender,42,31772.0,31,1,0.791,0.407,1,124552.0,0.196,223.8,0,0
B104861,Services,Digital Lender,41,51620.0,51,2,0.394,0.252,3,187263.0,0.181,171.3,1,1
B104862,Agriculture,Bank,30,30433.0,15,2,0.768,0.61,1,262836.0,0.432,12.6,0,0
B104863,Personal/Household,Bank,40,19076.0,14,2,0.885,0.482,3,167632.0,0.439,11.9,0,0
B104864,Transport,Digital Lender,28,46386.0,69,2,0.936,0.581,2,157792.0,0.17,129.0,0,0
B104865,Trade,MFI,29,14232.0,36,3,0.895,0.445,1,96855.0,0.34,12.8,0,0
B104866,Agriculture,Bank,43,77507.0,21,0,0.962,0.691,0,546757.0,0.353,12.8,0,0
B104867,Agriculture,MFI,39,34725.0,13,2,0.76,0.639,1,70706.0,0.102,21.1,0,0
B104868,Real Estate,Bank,33,25864.0,0,2,0.433,0.797,4,166213.0,0.321,15.2,0,0
B104869,Transport,SACCO,32,13643.0,3,1,0.883,0.723,2,119668.0,0.439,13.7,0,1
B104870,Real Estate,Digital Lender,37,15779.0,32,2,0.637,0.657,2,107668.0,0.341,206.4,0,0
B104871,Agriculture,SACCO,18,28893.0,4,1,0.965,0.636,3,241589.0,0.418,15.3,0,0
B104872,Personal/Household,MFI,27,84205.0,4,2,0.875,0.824,2,636140.0,0.378,20.6,0,0
B104873,Transport,Digital Lender,22,33797.0,11,5,0.937,0.454,1,245458.0,0.363,208.7,0,0
B104874,Manufacturing,SACCO,35,35986.0,12,4,0.767,0.866,1,246396.0,0.342,19.1,0,0
B104875,Manufacturing,Bank,46,36767.0,14,2,0.589,0.769,1,328158.0,0.446,15.5,0,1
B104876,Agriculture,SACCO,40,109122.0,80,1,0.82,0.738,1,783162.0,0.359,12.4,0,0
B104877,Personal/Household,Bank,30,23324.0,25,1,0.761,0.797,3,52008.0,0.111,12.5,0,0
B104878,Real Estate,Bank,28,70334.0,33,2,0.731,0.584,1,612556.0,0.435,12.1,0,1
B104879,Agriculture,SACCO,27,23880.0,5,1,0.949,0.561,3,75902.0,0.159,16.1,0,0
B104880,Trade,Bank,55,20191.0,56,4,0.691,0.423,4,115538.0,0.286,11.3,0,1
B104881,Transport,Bank,36,28459.0,1,2,0.884,0.633,2,195577.0,0.344,13.9,1,0
B104882,Transport,SACCO,37,28382.0,72,0,0.658,0.77,3,108479.0,0.191,12.0,0,0
B104883,Agriculture,Bank,18,40502.0,13,0,0.851,0.676,1,211385.0,0.261,13.7,0,0
B104884,Personal/Household,MFI,23,8282.0,34,2,0.867,0.827,0,68034.0,0.411,26.6,0,0
B104885,Personal/Household,Bank,35,32252.0,19,3,0.829,0.66,1,69678.0,0.108,16.0,0,0
B104886,Trade,SACCO,30,21390.0,3,0,0.914,0.547,1,32398.0,0.076,16.0,0,0
B104887,Personal/Household,Digital Lender,36,19967.0,10,2,0.652,0.799,1,132662.0,0.332,268.6,0,0
B104888,Real Estate,Bank,36,14579.0,44,1,0.515,0.894,4,112181.0,0.385,12.1,0,1
B104889,Services,Digital Lender,41,24327.0,4,2,0.864,0.485,1,124728.0,0.256,317.2,1,0
B104890,Agriculture,Bank,18,22379.0,19,0,0.781,0.584,1,140069.0,0.313,12.4,0,0
B104891,Agriculture,Bank,24,23514.0,29,1,0.692,0.889,1,101873.0,0.217,12.7,0,0
B104892,Real Estate,Bank,34,12073.0,24,1,0.777,0.439,3,104279.0,0.432,15.1,0,1
B104893,Agriculture,Bank,29,31382.0,3,1,0.882,0.717,3,256525.0,0.409,16.3,0,0
B104894,Personal/Household,Bank,32,19237.0,64,0,0.861,0.616,1,111466.0,0.29,12.3,0,0
B104895,Manufacturing,Digital Lender,36,12097.0,77,1,0.731,0.859,2,74080.0,0.306,8.0,0,0
B104896,Agriculture,Digital Lender,28,21994.0,3,4,0.53,0.728,2,137188.0,0.312,175.1,0,0
B104897,Manufacturing,Digital Lender,37,19424.0,14,4,0.726,0.888,2,136141.0,0.35,205.7,0,0
B104898,Services,Digital Lender,40,30413.0,7,1,0.899,0.447,3,156260.0,0.257,107.9,0,0
B104899,Personal/Household,MFI,36,21833.0,34,2,0.544,0.501,3,165536.0,0.379,19.0,0,0
B104900,Manufacturing,Bank,42,13397.0,80,1,0.363,0.458,5,101899.0,0.38,13.6,0,1
B104901,Agriculture,Bank,18,18241.0,48,2,0.873,0.513,1,68850.0,0.189,12.3,0,1
B104902,Trade,MFI,29,11503.0,22,0,0.565,0.921,1,31933.0,0.139,27.2,1,0
B104903,Personal/Household,Digital Lender,44,55571.0,54,0,0.726,0.811,0,228840.0,0.206,181.5,0,0
B104904,Personal/Household,Bank,26,60708.0,9,1,0.67,0.72,2,235902.0,0.194,11.5,0,0
B104905,Manufacturing,Bank,25,64887.0,39,1,0.649,0.544,0,398865.0,0.307,16.7,0,1
B104906,Personal/Household,MFI,34,21495.0,32,2,0.842,0.861,1,107275.0,0.25,22.3,0,0
B104907,Trade,Digital Lender,35,60682.0,15,3,0.62,0.797,1,185171.0,0.153,187.2,0,0
B104908,Personal/Household,MFI,30,37192.0,4,2,0.436,0.305,1,92968.0,0.125,22.2,0,0
B104909,Trade,SACCO,53,18917.0,73,0,0.51,0.737,3,44957.0,0.119,12.8,0,0
B104910,Trade,MFI,38,21043.0,39,0,0.828,0.607,1,48161.0,0.114,20.2,0,0
B104911,Real Estate,Bank,26,27049.0,13,2,0.709,0.802,1,114544.0,0.212,11.9,0,1
B104912,Real Estate,MFI,21,31456.0,20,1,0.438,0.837,3,63454.0,0.101,20.6,0,0
B104913,Services,Digital Lender,39,36301.0,40,3,0.837,0.704,3,187379.0,0.258,89.2,0,0
B104914,Agriculture,Digital Lender,26,29703.0,84,5,0.871,0.778,1,171215.0,0.288,260.8,0,1
B104915,Personal/Household,MFI,57,24546.0,23,5,0.545,0.649,0,158947.0,0.324,9.0,0,1
B104916,Personal/Household,Bank,39,62546.0,27,0,0.926,0.766,3,152324.0,0.122,14.4,1,0
B104917,Transport,Bank,41,27929.0,3,4,0.907,0.392,2,178821.0,0.32,14.0,0,1
B104918,Services,Bank,37,27063.0,45,1,0.708,0.602,4,197650.0,0.365,15.7,0,0
B104919,Real Estate,Bank,46,26384.0,30,1,0.561,0.604,4,90410.0,0.171,13.3,0,0
B104920,Real Estate,Bank,18,27938.0,13,0,0.76,0.563,1,166424.0,0.298,14.9,0,0
B104921,Trade,SACCO,23,14054.0,2,2,0.642,0.722,3,105595.0,0.376,9.1,0,1
B104922,Agriculture,Digital Lender,45,17125.0,25,1,0.611,0.901,4,108873.0,0.318,126.7,0,0
B104923,Personal/Household,SACCO,50,114153.0,13,0,0.763,0.905,2,296565.0,0.13,12.8,0,0
B104924,Real Estate,SACCO,23,11995.0,8,1,0.692,0.544,5,53415.0,0.223,14.9,0,1
B104925,Agriculture,Digital Lender,18,34526.0,32,2,0.861,0.263,2,178867.0,0.259,142.5,0,0
B104926,Trade,Digital Lender,37,35896.0,22,6,0.774,0.951,3,184294.0,0.257,207.8,0,0
B104927,Manufacturing,Bank,40,51896.0,2,2,0.719,0.711,3,299106.0,0.288,14.0,0,0
B104928,Personal/Household,Bank,36,36378.0,51,4,0.878,0.613,2,288328.0,0.396,12.8,0,0
B104929,Agriculture,Bank,34,84118.0,31,1,0.605,0.451,6,729726.0,0.434,12.3,0,0
B104930,Personal/Household,Digital Lender,18,33922.0,2,1,0.952,0.729,2,241730.0,0.356,193.4,1,0
B104931,Transport,Bank,31,62400.0,22,4,0.657,0.681,0,200399.0,0.161,12.6,0,0
B104932,Personal/Household,Bank,33,52680.0,47,1,0.83,0.632,4,307340.0,0.292,17.4,0,0
B104933,Agriculture,MFI,30,69431.0,38,1,0.537,0.889,2,436962.0,0.315,15.1,0,0
B104934,Transport,SACCO,18,30142.0,10,1,0.958,0.833,4,248054.0,0.411,14.9,0,0
B104935,Trade,SACCO,41,37006.0,39,1,0.979,0.821,0,190735.0,0.258,16.1,0,0
B104936,Agriculture,Digital Lender,44,24269.0,58,4,0.884,0.658,4,110119.0,0.227,162.0,1,0
B104937,Personal/Household,MFI,27,32463.0,41,4,0.929,0.901,1,203401.0,0.313,23.8,0,0
B104938,Transport,Digital Lender,33,33465.0,15,2,0.42,0.8,0,158224.0,0.236,155.7,0,0
B104939,Trade,Bank,30,9485.0,21,1,0.893,0.618,0,41802.0,0.22,13.4,0,0
B104940,Personal/Household,Digital Lender,30,27482.0,2,3,0.906,0.488,2,118661.0,0.216,146.2,0,0
B104941,Trade,SACCO,40,48505.0,11,4,0.717,0.732,2,144641.0,0.149,10.8,0,0
B104942,Transport,Bank,40,14149.0,14,2,0.651,0.743,1,105060.0,0.371,13.6,0,0
B104943,Services,Digital Lender,46,17284.0,3,4,0.877,0.795,0,56187.0,0.163,194.4,0,0
B104944,Manufacturing,Digital Lender,46,56140.0,6,2,0.791,0.764,0,196113.0,0.175,227.2,0,0
B104945,Personal/Household,Digital Lender,33,62238.0,56,1,0.914,0.777,3,159703.0,0.128,241.4,1,0
B104946,Transport,Digital Lender,63,21133.0,0,2,0.802,0.631,1,69681.0,0.165,81.2,0,0
B104947,Personal/Household,Bank,50,32718.0,22,2,0.869,0.589,0,106700.0,0.163,16.0,0,0
B104948,Transport,Bank,28,28483.0,11,3,0.802,0.399,0,243688.0,0.428,17.1,1,1
B104949,Personal/Household,Bank,36,56803.0,133,1,0.766,0.776,2,492860.0,0.434,13.6,0,0
B104950,Agriculture,Digital Lender,18,22174.0,22,3,0.616,0.671,1,113143.0,0.255,160.2,0,0
B104951,Personal/Household,Digital Lender,35,24143.0,55,3,0.796,0.909,3,111297.0,0.23,159.4,0,1
B104952,Agriculture,Digital Lender,52,62157.0,48,3,0.798,0.685,1,240239.0,0.193,207.6,0,0
B104953,Services,Digital Lender,63,17123.0,60,1,0.827,0.486,1,67278.0,0.196,212.7,0,0
B104954,Agriculture,SACCO,34,22609.0,29,0,0.654,0.729,0,86993.0,0.192,14.7,0,0
B104955,Agriculture,Bank,38,31987.0,46,4,0.574,0.809,2,207449.0,0.324,11.6,0,1
B104956,Personal/Household,Bank,41,68739.0,10,3,0.747,0.482,3,611662.0,0.445,15.7,0,1
B104957,Agriculture,MFI,55,15423.0,95,3,0.636,0.661,3,107408.0,0.348,23.1,0,0
B104958,Agriculture,Digital Lender,25,20114.0,9,4,0.813,0.452,3,65996.0,0.164,330.7,1,0
B104959,Personal/Household,Bank,62,41188.0,10,2,0.669,0.414,3,268364.0,0.326,15.6,0,0
B104960,Trade,Digital Lender,32,44839.0,70,8,0.562,0.707,1,239378.0,0.267,8.0,0,0
B104961,Trade,SACCO,23,33401.0,4,3,0.875,0.42,1,202463.0,0.303,10.0,0,1
B104962,Manufacturing,Bank,32,27884.0,46,1,0.892,0.727,5,102525.0,0.184,10.7,0,0
B104963,Agriculture,Digital Lender,27,31930.0,53,2,0.834,0.881,2,82762.0,0.13,60.9,0,0
B104964,Agriculture,SACCO,39,12978.0,32,0,0.544,0.856,4,22532.0,0.087,9.0,0,0
B104965,Trade,SACCO,18,31438.0,12,2,0.721,0.614,2,229188.0,0.364,10.1,0,0
B104966,Agriculture,Bank,36,67182.0,17,2,0.637,0.382,2,357335.0,0.266,14.3,0,0
B104967,Agriculture,Bank,42,14385.0,70,4,0.562,0.881,5,89424.0,0.311,15.4,0,0
B104968,Trade,Bank,50,19318.0,45,2,0.768,0.691,0,101649.0,0.263,14.9,0,0
B104969,Transport,MFI,42,23902.0,29,3,0.935,0.65,3,102003.0,0.213,23.6,0,0
B104970,Transport,Digital Lender,49,24744.0,3,2,0.984,0.778,2,156868.0,0.317,174.5,0,0
B104971,Trade,Digital Lender,29,81859.0,49,0,0.76,0.812,0,545043.0,0.333,123.1,0,0
B104972,Agriculture,Digital Lender,39,17809.0,14,2,0.82,0.273,3,141807.0,0.398,434.1,0,0
B104973,Personal/Household,Bank,18,15955.0,76,1,0.503,0.961,1,62734.0,0.197,11.7,1,1
B104974,Transport,Digital Lender,34,45437.0,55,6,0.672,0.517,0,100075.0,0.11,279.6,0,0
B104975,Real Estate,Bank,39,20832.0,44,2,0.763,0.749,2,89266.0,0.214,16.6,0,1
B104976,Real Estate,Bank,40,45854.0,24,1,0.473,0.683,4,126369.0,0.138,15.9,1,0
B104977,Trade,SACCO,19,26679.0,27,0,0.83,0.454,3,75301.0,0.141,15.2,0,0
B104978,Personal/Household,Digital Lender,31,38272.0,121,4,0.909,0.633,1,93528.0,0.122,277.4,0,0
B104979,Services,Digital Lender,32,12552.0,20,1,0.459,0.374,1,41112.0,0.164,204.0,0,1
B104980,Services,Digital Lender,31,38201.0,41,3,0.539,0.698,2,78763.0,0.103,241.5,0,1
B104981,Agriculture,Bank,42,33516.0,17,3,0.956,0.505,1,289512.0,0.432,16.0,1,1
B104982,Agriculture,Bank,33,25836.0,114,1,0.712,0.473,4,100342.0,0.194,11.0,0,0
B104983,Trade,Bank,36,15093.0,7,4,0.64,0.951,2,132345.0,0.438,15.3,0,0
B104984,Agriculture,SACCO,30,33499.0,25,2,0.684,0.806,3,81382.0,0.121,13.9,0,0
B104985,Agriculture,MFI,46,44277.0,1,1,0.852,0.731,0,70341.0,0.079,22.6,0,0
B104986,Transport,Bank,46,22200.0,21,1,0.706,0.725,2,148736.0,0.335,17.0,0,0
B104987,Trade,MFI,32,22442.0,86,0,0.695,0.593,1,51014.0,0.114,19.6,0,0
B104988,Services,MFI,64,46011.0,24,1,0.777,0.38,2,390567.0,0.424,17.3,0,0
B104989,Trade,SACCO,27,76162.0,58,1,0.766,0.763,4,273454.0,0.18,12.7,0,0
B104990,Trade,MFI,45,49851.0,50,4,0.769,0.904,4,132863.0,0.133,19.2,0,1
B104991,Personal/Household,Bank,25,33732.0,0,1,0.909,0.737,5,70669.0,0.105,14.6,0,0
B104992,Personal/Household,SACCO,43,26010.0,48,0,0.868,0.282,3,114782.0,0.221,14.6,0,0
B104993,Agriculture,SACCO,42,29286.0,37,2,0.978,0.626,1,98957.0,0.169,14.8,0,0
B104994,Transport,Bank,25,14342.0,4,2,0.911,0.832,2,118321.0,0.412,11.1,0,0
B104995,Agriculture,Bank,34,27312.0,49,3,0.796,0.602,3,95886.0,0.176,14.8,0,0
B104996,Trade,Digital Lender,54,55047.0,41,1,0.774,0.752,2,286253.0,0.26,112.3,1,0
B104997,Real Estate,Digital Lender,27,30388.0,60,2,0.774,0.732,0,131391.0,0.216,198.3,0,0
B104998,Agriculture,Bank,39,21078.0,0,2,0.9,0.673,2,55116.0,0.131,13.2,0,0
B104999,Transport,MFI,38,20032.0,23,3,0.659,0.72,3,128253.0,0.32,21.7,0,0
B105000,Trade,SACCO,35,29218.0,83,0,0.749,0.323,3,52546.0,0.09,15.5,0,0
B105001,Transport,Bank,18,15077.0,1,1,0.407,0.747,5,40682.0,0.135,12.9,0,0
B105002,Personal/Household,Bank,43,18039.0,1,2,0.607,0.679,5,81498.0,0.226,15.5,1,0
B105003,Trade,Digital Lender,35,69082.0,26,1,0.539,0.802,1,522678.0,0.378,199.8,0,0
B105004,Trade,MFI,46,16817.0,32,1,0.874,0.443,2,134455.0,0.4,27.4,0,0
B105005,Real Estate,Bank,37,19133.0,19,1,0.621,0.69,2,169245.0,0.442,13.5,0,0
B105006,Personal/Household,Digital Lender,36,34900.0,4,4,0.612,0.584,1,243849.0,0.349,121.5,1,1
B105007,Transport,MFI,39,23319.0,47,2,0.966,0.767,1,149000.0,0.319,13.4,0,1
B105008,Personal/Household,SACCO,25,31218.0,12,1,0.874,0.757,1,169888.0,0.272,16.4,0,0
B105009,Real Estate,Bank,51,47790.0,32,2,0.311,0.796,0,334834.0,0.35,17.1,1,0
B105010,Agriculture,Bank,31,12697.0,47,2,0.193,0.84,0,94205.0,0.371,13.3,1,0
B105011,Manufacturing,Bank,31,45019.0,21,0,0.951,0.687,1,198168.0,0.22,15.5,0,0
B105012,Trade,Digital Lender,48,21584.0,5,4,0.62,0.784,0,154497.0,0.358,133.5,0,0
B105013,Personal/Household,SACCO,37,25404.0,67,1,0.698,0.193,0,99982.0,0.197,10.6,0,0
B105014,Trade,Digital Lender,33,85575.0,11,2,0.778,0.532,1,465332.0,0.272,231.6,0,0
B105015,Agriculture,Bank,39,13747.0,92,2,0.69,0.902,3,71318.0,0.259,12.7,0,0
B105016,Manufacturing,Digital Lender,41,41146.0,20,2,0.451,0.792,5,206311.0,0.251,104.5,1,0
B105017,Manufacturing,MFI,34,55294.0,27,2,0.698,0.618,6,292543.0,0.265,17.6,0,0
B105018,Transport,SACCO,44,20416.0,8,0,0.35,0.866,1,156372.0,0.383,13.5,0,0
B105019,Real Estate,Bank,22,20594.0,7,1,0.436,0.784,0,149251.0,0.362,15.5,0,0
B105020,Services,SACCO,38,24276.0,10,2,0.698,0.419,2,87475.0,0.18,15.6,0,0
B105021,Personal/Household,Bank,43,20349.0,10,3,0.569,0.831,4,46772.0,0.115,17.3,0,0
B105022,Personal/Household,Bank,41,30840.0,14,1,0.782,0.568,1,57140.0,0.093,17.8,0,0
B105023,Transport,Digital Lender,18,48578.0,29,3,0.773,0.697,0,139064.0,0.143,104.7,0,0
B105024,Transport,Bank,34,24348.0,46,3,0.873,0.766,2,81467.0,0.167,15.4,0,0
B105025,Transport,Bank,23,49548.0,21,1,0.793,0.572,3,166881.0,0.168,14.1,0,1
B105026,Real Estate,Digital Lender,48,64251.0,7,4,0.794,0.619,0,536807.0,0.418,118.9,0,1
B105027,Agriculture,Bank,31,37687.0,23,0,0.427,0.831,1,71593.0,0.095,15.1,0,0
B105028,Transport,SACCO,47,39696.0,16,3,0.799,0.961,7,140630.0,0.177,13.6,0,1
B105029,Trade,Digital Lender,23,21447.0,41,2,0.835,0.759,3,167612.0,0.391,8.0,0,0
B105030,Trade,SACCO,39,8000.0,15,3,0.888,0.95,2,27206.0,0.17,12.1,0,0
B105031,Personal/Household,Bank,35,41033.0,68,2,0.464,0.736,4,162012.0,0.197,13.7,0,0
B105032,Trade,MFI,63,46077.0,0,0,0.617,0.411,2,341556.0,0.371,24.4,0,0
B105033,Manufacturing,MFI,47,33974.0,0,1,0.674,0.598,3,153004.0,0.225,23.5,0,0
B105034,Transport,Bank,46,49039.0,26,2,0.542,0.881,1,330019.0,0.336,16.5,0,0
B105035,Trade,Digital Lender,55,21992.0,49,4,0.772,0.681,2,174196.0,0.396,81.9,0,0
B105036,Services,Digital Lender,38,39545.0,4,2,0.772,0.807,2,322895.0,0.408,162.3,0,0
B105037,Trade,Bank,34,66815.0,44,3,0.838,0.781,0,449514.0,0.336,16.6,0,0
B105038,Services,Bank,33,42878.0,8,0,0.765,0.343,3,320425.0,0.374,18.8,0,0
B105039,Personal/Household,SACCO,38,62225.0,30,0,0.762,0.715,1,369181.0,0.297,11.7,0,0
B105040,Agriculture,MFI,18,62445.0,23,2,0.661,0.61,3,177134.0,0.142,18.6,0,0
B105041,Trade,Digital Lender,35,15188.0,7,2,0.752,0.751,3,109819.0,0.362,227.3,0,0
B105042,Agriculture,Bank,37,44159.0,3,3,0.473,0.779,1,116673.0,0.132,14.1,0,1
B105043,Real Estate,Bank,33,21003.0,10,1,0.801,0.822,3,68924.0,0.164,17.2,0,0
B105044,Agriculture,SACCO,20,16170.0,25,2,0.498,0.612,2,96927.0,0.3,9.2,1,0
B105045,Services,Digital Lender,34,25410.0,19,3,0.795,0.809,2,183243.0,0.361,336.6,0,0
B105046,Agriculture,Bank,20,78025.0,78,3,0.844,0.884,2,266036.0,0.17,10.5,0,0
B105047,Personal/Household,Digital Lender,53,22047.0,11,6,0.84,0.589,0,68299.0,0.155,176.9,0,0
B105048,Trade,Bank,32,11305.0,23,3,0.891,0.704,1,87058.0,0.385,14.4,0,0
B105049,Services,Bank,18,13433.0,4,2,0.985,0.687,0,31922.0,0.119,15.8,0,0
B105050,Agriculture,MFI,33,38681.0,25,3,0.737,0.716,1,266493.0,0.344,26.7,0,0
B105051,Real Estate,Bank,44,19587.0,6,0,0.614,0.585,2,100665.0,0.257,17.1,0,0
B105052,Manufacturing,SACCO,37,9665.0,78,2,0.705,0.811,1,71513.0,0.37,17.2,0,0
B105053,Trade,Bank,26,13728.0,17,1,0.707,0.428,4,30212.0,0.11,13.6,0,0
B105054,Personal/Household,MFI,28,32591.0,18,2,0.722,0.495,2,189954.0,0.291,18.9,0,0
B105055,Agriculture,Bank,32,45648.0,13,1,0.895,0.777,0,329425.0,0.361,16.1,0,0
B105056,Manufacturing,Digital Lender,31,23269.0,6,4,0.914,0.721,0,94378.0,0.203,237.1,1,1
B105057,Manufacturing,Digital Lender,22,42486.0,10,3,0.838,0.77,6,238983.0,0.281,94.6,0,1
B105058,Transport,MFI,34,49178.0,48,3,0.79,0.554,0,132759.0,0.135,19.2,0,0
B105059,Trade,MFI,22,19321.0,100,1,0.829,0.942,0,64981.0,0.168,17.3,0,1
B105060,Trade,Digital Lender,44,27815.0,30,2,0.677,0.535,2,92623.0,0.166,85.2,0,0
B105061,Trade,Bank,46,21370.0,23,1,0.915,0.959,3,145202.0,0.34,17.4,0,0
B105062,Agriculture,Digital Lender,25,39990.0,94,1,0.717,0.534,3,62641.0,0.078,151.1,0,0
B105063,Trade,MFI,28,21232.0,40,1,0.913,0.842,4,35712.0,0.084,26.0,1,0
B105064,Services,Digital Lender,31,15256.0,60,1,0.553,0.655,0,38281.0,0.125,138.4,0,0
B105065,Manufacturing,Bank,35,30605.0,6,1,0.866,0.939,0,128013.0,0.209,13.0,0,0
B105066,Transport,Bank,38,54759.0,16,0,0.882,0.502,2,464409.0,0.424,10.2,0,0
B105067,Agriculture,Bank,40,39372.0,30,1,0.804,0.779,1,92376.0,0.117,14.4,0,0
B105068,Agriculture,Bank,39,51728.0,1,1,0.886,0.251,0,183425.0,0.177,14.3,0,0
B105069,Manufacturing,Bank,51,49289.0,55,2,0.915,0.779,1,101482.0,0.103,13.1,0,0
B105070,Agriculture,Digital Lender,36,30430.0,2,2,0.367,0.88,2,95742.0,0.157,207.8,0,0
B105071,Agriculture,Bank,22,21405.0,2,1,0.657,0.755,1,111488.0,0.26,15.9,0,1
B105072,Real Estate,Bank,19,18428.0,3,3,0.919,0.446,1,99376.0,0.27,13.8,0,1
B105073,Manufacturing,Bank,51,12424.0,29,2,0.699,0.495,1,34364.0,0.138,17.7,0,0
B105074,Services,MFI,40,57197.0,40,4,0.803,0.742,4,333178.0,0.291,19.9,0,0
B105075,Agriculture,MFI,37,24789.0,41,1,0.724,0.747,3,194709.0,0.393,24.5,0,1
B105076,Manufacturing,Bank,39,11642.0,44,0,0.471,0.525,3,30054.0,0.129,13.2,0,0
B105077,Trade,Digital Lender,37,58623.0,64,1,0.867,0.458,4,169515.0,0.145,111.4,0,0
B105078,Agriculture,Digital Lender,39,31315.0,4,6,0.915,0.516,1,239390.0,0.382,126.9,1,1
B105079,Personal/Household,Bank,31,50629.0,14,4,0.671,0.563,4,121389.0,0.12,14.6,0,0
B105080,Trade,Digital Lender,46,25749.0,1,2,0.616,0.559,1,47767.0,0.093,274.0,0,0
B105081,Transport,Bank,30,19220.0,88,2,0.89,0.73,4,134704.0,0.35,15.2,0,0
B105082,Real Estate,MFI,26,37993.0,23,1,0.846,0.475,1,317384.0,0.418,21.7,1,1
B105083,Trade,Digital Lender,18,39765.0,28,3,0.792,0.844,0,356814.0,0.449,255.4,0,0
B105084,Services,Digital Lender,33,25490.0,19,2,0.939,0.657,1,70539.0,0.138,8.0,0,0
B105085,Real Estate,Bank,48,61233.0,103,1,0.841,0.851,2,288073.0,0.235,13.2,0,0
B105086,Personal/Household,MFI,30,50011.0,12,1,0.958,0.867,2,450012.0,0.45,32.8,0,0
B105087,Real Estate,Bank,21,40563.0,20,3,0.789,0.579,3,240280.0,0.296,11.9,0,0
B105088,Services,MFI,38,16147.0,200,1,0.875,0.373,0,141092.0,0.437,23.1,0,0
B105089,Agriculture,SACCO,28,14943.0,5,1,0.938,0.619,2,59694.0,0.2,16.0,0,0
B105090,Real Estate,Bank,50,57495.0,12,1,0.819,0.489,4,338851.0,0.295,11.9,0,0
B105091,Personal/Household,Digital Lender,46,8923.0,91,4,0.826,0.542,0,33675.0,0.189,315.9,0,0
B105092,Agriculture,SACCO,22,28281.0,0,4,0.508,0.829,4,57464.0,0.102,12.3,0,1
B105093,Agriculture,Bank,33,32230.0,3,1,0.857,0.288,1,69202.0,0.107,13.7,0,0
B105094,Services,Digital Lender,27,22712.0,23,2,0.794,0.77,1,86482.0,0.19,60.4,0,0
B105095,Manufacturing,SACCO,23,29161.0,56,1,0.477,0.727,2,91482.0,0.157,19.4,0,0
B105096,Personal/Household,Bank,34,37465.0,8,2,0.91,0.378,1,271457.0,0.362,17.8,0,0
B105097,Transport,MFI,43,21526.0,19,4,0.835,0.961,3,106813.0,0.248,24.7,0,0
B105098,Personal/Household,Digital Lender,34,48280.0,35,3,0.772,0.707,1,178679.0,0.185,213.0,0,0
B105099,Personal/Household,Digital Lender,30,40960.0,125,4,0.728,0.969,3,154622.0,0.189,298.7,0,0
B105100,Manufacturing,Bank,18,26931.0,57,1,0.925,0.715,0,72426.0,0.134,15.2,0,0
B105101,Agriculture,SACCO,28,18873.0,15,0,0.695,0.756,1,88683.0,0.235,10.6,1,1
B105102,Trade,Digital Lender,41,28286.0,10,3,0.814,0.555,1,174712.0,0.309,318.1,0,0
B105103,Transport,Digital Lender,22,94927.0,5,2,0.825,0.842,1,563417.0,0.297,250.7,0,0
B105104,Personal/Household,Bank,48,19603.0,2,0,0.821,0.711,1,119282.0,0.304,13.8,0,0
B105105,Real Estate,MFI,29,69005.0,75,2,0.767,0.779,1,501234.0,0.363,18.6,0,1
B105106,Trade,Digital Lender,37,11324.0,4,1,0.31,0.627,4,59056.0,0.261,158.3,0,0
B105107,Agriculture,Bank,31,18519.0,49,1,0.588,0.83,4,159013.0,0.429,18.5,0,1
B105108,Manufacturing,MFI,23,22061.0,0,2,0.651,0.457,2,97335.0,0.221,20.2,0,0
B105109,Personal/Household,SACCO,39,50111.0,15,0,0.773,0.544,1,384940.0,0.384,11.2,1,0
B105110,Trade,MFI,29,30652.0,2,3,0.735,0.782,3,229369.0,0.374,18.2,0,0
B105111,Transport,SACCO,27,61117.0,13,1,0.807,0.787,0,257404.0,0.211,13.0,0,0
B105112,Personal/Household,Bank,18,24762.0,43,1,0.353,0.793,3,216303.0,0.437,14.4,0,0
B105113,Services,Digital Lender,48,28865.0,82,3,0.749,0.658,1,73071.0,0.127,183.9,0,1
B105114,Trade,Bank,35,24816.0,2,2,0.829,0.517,2,205578.0,0.414,15.8,1,0
B105115,Services,Digital Lender,46,90628.0,7,0,0.966,0.576,2,260649.0,0.144,65.3,0,0
B105116,Transport,MFI,41,16056.0,11,1,0.442,0.82,2,114795.0,0.357,22.8,0,0
B105117,Personal/Household,Bank,46,22482.0,37,1,0.764,0.71,1,78963.0,0.176,15.6,0,0
B105118,Trade,Digital Lender,29,17363.0,73,2,0.734,0.689,5,103462.0,0.298,143.2,0,0
B105119,Manufacturing,Digital Lender,21,40755.0,8,3,0.842,0.679,1,353544.0,0.434,126.5,0,0
B105120,Transport,Bank,43,15874.0,6,4,0.616,0.646,2,119532.0,0.376,16.2,0,1
B105121,Agriculture,Bank,36,80998.0,2,4,0.838,0.546,1,549165.0,0.339,15.4,0,1
B105122,Real Estate,SACCO,30,31082.0,0,1,0.883,0.629,1,75832.0,0.122,19.4,1,0
B105123,Manufacturing,Digital Lender,42,37302.0,18,5,0.817,0.603,2,88871.0,0.119,20.2,0,0
B105124,Manufacturing,Bank,38,38358.0,1,4,0.7,0.756,1,107682.0,0.14,13.2,0,0
B105125,Trade,Digital Lender,41,29406.0,2,5,0.702,0.244,1,82008.0,0.139,288.8,0,0
B105126,Real Estate,Bank,25,31790.0,25,3,0.965,0.622,0,178030.0,0.28,13.6,0,0
B105127,Trade,SACCO,45,31151.0,36,2,0.735,0.401,3,54207.0,0.087,8.0,0,1
B105128,Services,Bank,35,39560.0,58,1,0.502,0.595,2,225165.0,0.285,18.4,0,0
B105129,Services,Bank,46,18915.0,30,3,0.739,0.595,1,104657.0,0.277,9.4,0,0
B105130,Agriculture,Digital Lender,45,17229.0,73,3,0.756,0.781,1,43477.0,0.126,119.0,0,0
B105131,Trade,Bank,42,46702.0,82,1,0.874,0.667,0,80973.0,0.087,16.0,0,0
B105132,Trade,Digital Lender,34,29701.0,12,1,0.825,0.928,1,121508.0,0.205,209.4,0,0
B105133,Real Estate,Bank,42,9862.0,21,1,0.567,0.766,4,48864.0,0.248,18.0,0,0
B105134,Personal/Household,Bank,46,22894.0,6,2,0.893,0.725,1,56983.0,0.124,16.4,0,0
B105135,Manufacturing,Digital Lender,41,68974.0,5,1,0.591,0.391,2,561803.0,0.407,124.1,0,0
B105136,Trade,SACCO,37,27222.0,8,1,0.809,0.635,1,161013.0,0.296,16.1,0,0
B105137,Trade,Bank,42,22202.0,21,2,0.759,0.926,1,126326.0,0.284,13.2,0,0
B105138,Agriculture,SACCO,30,13067.0,45,1,0.697,0.662,5,46821.0,0.179,15.3,0,0
B105139,Personal/Household,Bank,50,21757.0,38,0,0.613,0.554,4,130286.0,0.299,16.4,0,0
B105140,Transport,Digital Lender,18,15677.0,123,0,0.493,0.55,4,58163.0,0.185,84.0,0,0
B105141,Manufacturing,Bank,35,37649.0,13,0,0.532,0.83,2,170756.0,0.227,11.6,0,1
B105142,Agriculture,MFI,31,30550.0,16,2,0.828,0.874,3,83517.0,0.137,15.7,0,0
B105143,Services,Bank,29,24345.0,67,4,0.36,0.769,1,162994.0,0.335,16.4,0,0
B105144,Agriculture,SACCO,38,19551.0,9,0,0.862,0.78,3,57454.0,0.147,16.1,0,1
B105145,Personal/Household,Digital Lender,24,68840.0,105,4,0.804,0.842,2,402436.0,0.292,8.0,1,0
B105146,Services,Digital Lender,57,20173.0,8,1,0.867,0.766,1,98476.0,0.244,308.9,0,0
B105147,Manufacturing,Bank,21,20214.0,26,1,0.762,0.785,3,48931.0,0.121,14.2,0,0
B105148,Services,Bank,25,26013.0,40,2,0.705,0.701,0,145693.0,0.28,15.9,0,0
B105149,Agriculture,Bank,25,28093.0,11,3,0.944,0.725,5,245304.0,0.437,12.6,0,1
B105150,Transport,Digital Lender,37,38759.0,4,1,0.425,0.552,2,198338.0,0.256,133.0,0,0
B105151,Trade,Bank,45,49600.0,1,0,0.816,0.919,2,160399.0,0.162,15.3,0,0
B105152,Real Estate,SACCO,40,47599.0,32,2,0.52,0.535,2,355731.0,0.374,15.9,0,0
B105153,Trade,Bank,50,113147.0,43,3,0.955,0.856,0,417383.0,0.184,13.7,1,0
B105154,Trade,Digital Lender,27,11718.0,25,1,0.636,0.715,3,67948.0,0.29,261.8,0,0
B105155,Trade,MFI,42,33758.0,4,1,0.97,0.496,2,148079.0,0.219,22.3,0,0
B105156,Agriculture,MFI,32,22331.0,16,1,0.896,0.293,0,188483.0,0.422,25.5,0,0
B105157,Transport,Digital Lender,37,89802.0,27,1,0.607,0.741,1,283189.0,0.158,43.3,0,0
B105158,Real Estate,Digital Lender,46,32748.0,59,1,0.712,0.828,1,118132.0,0.18,131.1,0,0
B105159,Agriculture,SACCO,18,9737.0,57,2,0.817,0.643,1,77487.0,0.398,12.4,0,0
B105160,Services,Digital Lender,55,37753.0,11,1,0.911,0.946,0,239236.0,0.317,240.0,0,0
B105161,Services,SACCO,34,34433.0,0,1,0.647,0.536,2,263479.0,0.383,15.6,0,1
B105162,Trade,MFI,19,45106.0,27,3,0.83,0.896,2,218207.0,0.242,21.6,0,0
B105163,Real Estate,Bank,28,19971.0,18,1,0.735,0.885,2,52071.0,0.13,15.5,0,0
B105164,Transport,SACCO,36,35607.0,33,1,0.8,0.363,1,254816.0,0.358,13.2,0,0
B105165,Personal/Household,SACCO,28,25623.0,41,0,0.611,0.73,3,222124.0,0.433,10.1,0,0
B105166,Agriculture,Bank,18,20553.0,55,2,0.71,0.608,1,147963.0,0.36,12.9,0,0
B105167,Personal/Household,Bank,36,35900.0,63,0,0.813,0.858,2,137259.0,0.191,15.6,0,0
B105168,Trade,SACCO,28,32339.0,25,3,0.933,0.962,3,202754.0,0.313,9.7,0,0
B105169,Agriculture,Bank,42,52973.0,12,4,0.332,0.857,0,378422.0,0.357,12.6,0,0
B105170,Personal/Household,SACCO,24,30177.0,52,3,0.773,0.77,4,61596.0,0.102,12.4,0,0
B105171,Transport,SACCO,58,41446.0,30,0,0.741,0.888,2,212986.0,0.257,16.5,0,0
B105172,Personal/Household,Bank,40,15305.0,7,0,0.917,0.415,3,88015.0,0.288,15.7,0,0
B105173,Trade,Bank,37,64022.0,22,4,0.834,0.579,3,345633.0,0.27,16.4,0,0
B105174,Trade,Bank,41,19391.0,7,0,0.526,0.689,4,77377.0,0.2,13.9,0,0
B105175,Trade,Bank,18,48855.0,13,3,0.561,0.525,1,141232.0,0.145,13.7,0,0
B105176,Trade,SACCO,30,34362.0,76,1,0.817,0.429,1,235431.0,0.343,15.5,0,0
B105177,Trade,SACCO,53,32048.0,2,1,0.388,0.954,1,142862.0,0.223,12.1,1,1
B105178,Manufacturing,Digital Lender,32,45170.0,3,3,0.622,0.668,1,139184.0,0.154,97.4,0,0
B105179,Manufacturing,Bank,34,9164.0,40,1,0.777,0.732,3,67755.0,0.37,9.7,0,0
B105180,Transport,SACCO,30,21689.0,16,0,0.712,0.882,1,33447.0,0.077,12.1,0,0
B105181,Real Estate,Bank,50,44818.0,34,0,0.953,0.72,1,157041.0,0.175,10.7,0,0
B105182,Trade,Digital Lender,33,85575.0,45,3,0.747,0.811,1,573953.0,0.335,81.5,0,0
B105183,Transport,Bank,22,29337.0,11,2,0.743,0.796,2,187308.0,0.319,12.3,0,0
B105184,Trade,MFI,61,8000.0,54,2,0.735,0.501,0,69076.0,0.432,21.1,0,0
B105185,Personal/Household,MFI,21,24972.0,33,3,0.721,0.966,1,45705.0,0.092,22.9,0,0
B105186,Trade,Bank,34,28765.0,42,1,0.909,0.535,1,211702.0,0.368,15.1,1,0
B105187,Manufacturing,Digital Lender,27,54732.0,9,4,0.935,0.626,3,325302.0,0.297,189.6,0,1
B105188,Services,Bank,28,30534.0,9,0,0.77,0.865,4,128605.0,0.211,14.7,0,0
B105189,Manufacturing,Bank,24,14732.0,26,0,0.92,0.859,1,90533.0,0.307,13.4,0,0
B105190,Transport,SACCO,30,50510.0,38,2,0.694,0.597,2,99649.0,0.099,9.8,1,1
B105191,Personal/Household,MFI,45,40643.0,7,5,0.712,0.529,2,360530.0,0.444,25.9,0,0
B105192,Trade,Bank,18,20242.0,3,0,0.76,0.646,1,70188.0,0.173,19.6,0,1
B105193,Transport,Bank,48,44176.0,11,1,0.857,0.529,3,335926.0,0.38,14.6,0,0
B105194,Services,Bank,46,22012.0,37,3,0.827,0.437,2,112810.0,0.256,15.9,0,1
B105195,Services,Digital Lender,40,25235.0,130,3,0.859,0.481,2,101784.0,0.202,179.9,0,0
B105196,Real Estate,MFI,36,22218.0,17,3,0.754,0.848,3,108472.0,0.244,20.6,0,1
B105197,Agriculture,Bank,38,25073.0,62,1,0.961,0.675,3,171694.0,0.342,14.3,0,0
B105198,Personal/Household,Bank,49,48958.0,32,0,0.954,0.499,3,295485.0,0.302,11.0,0,0
B105199,Manufacturing,Digital Lender,18,11135.0,2,3,0.778,0.531,0,60014.0,0.269,115.8,0,0
B105200,Agriculture,Digital Lender,42,54572.0,30,0,0.744,0.816,0,265887.0,0.244,235.9,0,0
B105201,Trade,Bank,28,32760.0,85,3,0.797,0.669,2,196374.0,0.3,13.6,1,0
B105202,Trade,SACCO,43,23991.0,79,1,0.534,0.457,2,122646.0,0.256,11.4,0,0
B105203,Real Estate,Bank,29,30074.0,33,1,0.814,0.827,1,193114.0,0.321,14.4,0,0
B105204,Trade,Bank,42,18035.0,40,0,0.572,0.209,2,33602.0,0.093,13.5,0,1
B105205,Trade,Digital Lender,20,12119.0,42,7,0.48,0.381,1,58455.0,0.241,188.6,0,0
B105206,Trade,Digital Lender,18,18317.0,35,1,0.656,0.815,1,157344.0,0.429,62.2,0,0
B105207,Services,Bank,34,10483.0,64,1,0.744,0.701,2,40607.0,0.194,15.7,0,0
B105208,Trade,Digital Lender,49,14130.0,8,6,0.809,0.431,1,43958.0,0.156,108.5,0,1
B105209,Trade,SACCO,40,12179.0,22,6,0.494,0.37,1,102532.0,0.421,15.5,1,1
B105210,Real Estate,Digital Lender,40,58285.0,12,2,0.73,0.849,1,131772.0,0.113,103.3,0,0
B105211,Agriculture,Digital Lender,44,14672.0,4,1,0.726,0.795,2,54809.0,0.187,129.0,0,0
B105212,Services,MFI,31,29066.0,59,0,0.91,0.681,3,212206.0,0.365,21.8,1,0
B105213,Services,Digital Lender,41,54951.0,7,1,0.778,0.666,3,378907.0,0.345,237.9,0,0
B105214,Real Estate,Bank,29,47456.0,14,1,0.986,0.832,2,324493.0,0.342,14.8,0,0
B105215,Real Estate,MFI,32,25278.0,94,5,0.788,0.798,3,162562.0,0.322,19.1,0,0
B105216,Agriculture,Bank,33,25341.0,15,4,0.901,0.167,5,211955.0,0.418,12.1,0,1
B105217,Trade,Digital Lender,30,32830.0,23,1,0.793,0.721,1,81368.0,0.124,116.0,0,0
B105218,Agriculture,Bank,34,95009.0,0,1,0.778,0.88,3,639496.0,0.337,15.0,0,0
B105219,Trade,MFI,32,37316.0,94,2,0.646,0.615,3,313815.0,0.42,18.7,0,0
B105220,Trade,Digital Lender,28,42938.0,57,4,0.783,0.768,0,247515.0,0.288,271.8,0,0
B105221,Manufacturing,Bank,34,103416.0,14,0,0.769,0.501,4,635130.0,0.307,17.0,0,1
B105222,Trade,Bank,37,34641.0,154,5,0.715,0.459,4,75195.0,0.109,15.1,0,0
B105223,Trade,Bank,24,55900.0,20,3,0.657,0.63,0,196020.0,0.175,12.6,0,0
B105224,Manufacturing,SACCO,39,38667.0,21,1,0.791,0.968,5,272319.0,0.352,17.7,1,0
B105225,Real Estate,Bank,30,38359.0,3,2,0.803,0.702,1,219987.0,0.287,19.6,0,0
B105226,Trade,MFI,37,17504.0,2,1,0.476,0.537,1,151697.0,0.433,19.6,0,0
B105227,Trade,MFI,28,15978.0,13,2,0.977,0.84,2,42650.0,0.133,23.0,0,0
B105228,Trade,Digital Lender,46,22432.0,5,3,0.814,0.673,2,55767.0,0.124,136.7,0,0
B105229,Agriculture,Digital Lender,45,48294.0,38,2,0.59,0.249,0,161146.0,0.167,111.0,0,1
B105230,Personal/Household,Bank,25,47050.0,53,4,0.703,0.673,3,376647.0,0.4,15.4,0,0
B105231,Services,Digital Lender,40,61899.0,18,3,0.605,0.466,6,160023.0,0.129,191.8,0,0
B105232,Real Estate,Digital Lender,49,29552.0,45,2,0.795,0.756,3,189383.0,0.32,26.8,0,0
B105233,Real Estate,SACCO,26,39965.0,23,0,0.951,0.892,2,259253.0,0.324,11.4,0,0
B105234,Personal/Household,MFI,26,40059.0,7,1,0.971,0.816,2,126385.0,0.158,16.1,0,0
B105235,Transport,Bank,42,28026.0,9,0,0.671,0.635,1,49647.0,0.089,17.5,1,0
B105236,Trade,SACCO,22,24913.0,7,1,0.932,0.551,4,183617.0,0.368,12.6,0,0
B105237,Trade,MFI,27,13138.0,39,2,0.789,0.691,1,75123.0,0.286,19.7,0,0
B105238,Real Estate,Bank,25,27340.0,0,4,0.73,0.49,2,231557.0,0.423,15.2,0,1
B105239,Manufacturing,Bank,42,28080.0,10,3,0.97,0.707,2,121565.0,0.216,16.0,0,0
B105240,Trade,Bank,28,55487.0,100,0,0.362,0.637,0,350331.0,0.316,15.1,0,0
B105241,Agriculture,SACCO,32,58580.0,6,1,0.742,0.714,1,158839.0,0.136,10.9,0,0
B105242,Agriculture,Bank,28,32214.0,48,3,0.991,0.785,2,99334.0,0.154,11.2,0,0
B105243,Agriculture,SACCO,46,92490.0,13,0,0.479,0.609,2,163316.0,0.088,9.0,0,0
B105244,Real Estate,Digital Lender,26,33008.0,2,0,0.935,0.677,2,93249.0,0.141,115.8,0,0
B105245,Transport,Bank,21,52476.0,13,2,0.98,0.576,3,101917.0,0.097,15.6,0,0
B105246,Manufacturing,Bank,21,28140.0,9,4,0.991,0.683,1,223675.0,0.397,13.4,0,0
B105247,Trade,Bank,42,15882.0,11,4,0.813,0.594,4,30517.0,0.096,14.5,0,1
B105248,Trade,Bank,43,23532.0,57,2,0.608,0.664,3,144041.0,0.306,11.7,0,0
B105249,Personal/Household,Digital Lender,47,66885.0,13,2,0.88,0.601,1,360908.0,0.27,26.0,0,0
B105250,Real Estate,SACCO,22,25711.0,20,5,0.81,0.674,0,45758.0,0.089,13.8,0,0
B105251,Trade,Digital Lender,33,23004.0,16,3,0.739,0.448,0,85179.0,0.185,275.8,0,1
B105252,Agriculture,Digital Lender,59,29666.0,1,3,0.883,0.744,0,192205.0,0.324,187.7,0,0
B105253,Personal/Household,Bank,32,23999.0,0,2,0.861,0.759,2,101731.0,0.212,14.6,0,0
B105254,Personal/Household,SACCO,29,57329.0,10,4,0.544,0.255,0,355333.0,0.31,12.0,0,0
B105255,Personal/Household,MFI,35,83868.0,55,0,0.922,0.547,2,555780.0,0.331,14.4,0,0
B105256,Transport,MFI,40,29830.0,48,4,0.588,0.854,1,222286.0,0.373,17.9,0,0
B105257,Real Estate,Bank,40,40025.0,67,2,0.693,0.379,3,74865.0,0.094,18.4,0,0
B105258,Real Estate,Bank,29,50743.0,33,2,0.923,0.497,2,428526.0,0.422,15.1,0,0
B105259,Trade,SACCO,29,31562.0,4,1,0.902,0.592,0,98313.0,0.156,14.0,0,0
B105260,Transport,SACCO,32,18346.0,9,2,0.523,0.705,1,141306.0,0.385,13.8,0,0
B105261,Transport,Bank,28,23737.0,27,1,0.97,0.488,2,177657.0,0.374,13.6,0,0
B105262,Trade,Bank,23,37295.0,3,2,0.844,0.87,2,250684.0,0.336,13.8,0,0
B105263,Services,MFI,53,36923.0,34,1,0.969,0.664,0,285980.0,0.387,19.2,0,0
B105264,Agriculture,SACCO,31,11096.0,62,0,0.882,0.799,1,44745.0,0.202,14.8,0,0
B105265,Trade,MFI,31,23385.0,125,0,0.893,0.403,0,153958.0,0.329,16.7,0,0
B105266,Agriculture,Bank,32,19824.0,43,1,0.777,0.407,2,124882.0,0.315,10.6,0,0
B105267,Personal/Household,Bank,34,48304.0,71,3,0.674,0.896,4,408916.0,0.423,11.7,0,0
B105268,Services,Digital Lender,39,20251.0,70,3,0.66,0.553,0,120679.0,0.298,500.0,0,0
B105269,Manufacturing,SACCO,30,23072.0,78,3,0.961,0.686,0,98669.0,0.214,8.1,0,0
B105270,Services,Bank,46,22633.0,1,2,0.751,0.834,3,38548.0,0.085,14.4,0,0
B105271,Personal/Household,MFI,41,45946.0,2,2,0.854,0.592,2,79076.0,0.086,19.3,0,0
B105272,Personal/Household,MFI,33,50659.0,81,1,0.772,0.642,2,119268.0,0.118,25.5,0,0
B105273,Personal/Household,SACCO,28,39006.0,67,2,0.404,0.564,0,112671.0,0.144,16.6,0,0
B105274,Real Estate,Bank,46,54640.0,8,3,0.525,0.674,3,362069.0,0.331,14.0,0,0
B105275,Personal/Household,SACCO,33,58658.0,25,1,0.917,0.846,3,395775.0,0.337,11.8,0,0
B105276,Manufacturing,Digital Lender,23,10985.0,69,4,0.817,0.602,2,98420.0,0.448,357.1,0,0
B105277,Personal/Household,Bank,45,41174.0,3,1,0.851,0.867,0,271645.0,0.33,15.4,0,0
B105278,Trade,Bank,28,24261.0,1,4,0.77,0.418,1,209716.0,0.432,16.3,0,1
B105279,Personal/Household,Bank,44,14895.0,38,1,0.928,0.569,0,110362.0,0.37,16.3,1,0
B105280,Services,Bank,18,24938.0,13,1,0.87,0.562,3,168679.0,0.338,15.7,0,0
B105281,Agriculture,Digital Lender,31,44443.0,5,1,0.756,0.936,1,265004.0,0.298,235.2,0,0
B105282,Services,Digital Lender,47,66197.0,12,2,0.823,0.914,4,549650.0,0.415,189.7,0,0
B105283,Agriculture,Bank,35,14189.0,24,0,0.513,0.712,2,105973.0,0.373,11.6,1,1
B105284,Trade,Digital Lender,41,41778.0,22,3,0.519,0.455,2,72947.0,0.087,246.7,0,0
B105285,Trade,Bank,26,87649.0,25,1,0.626,0.684,2,604395.0,0.345,15.9,0,0
B105286,Personal/Household,MFI,38,81382.0,27,4,0.754,0.603,2,195810.0,0.12,16.9,0,0
B105287,Manufacturing,SACCO,35,8000.0,141,2,0.889,0.579,2,53588.0,0.335,13.3,0,0
B105288,Agriculture,Bank,37,98556.0,128,4,0.952,0.475,2,709446.0,0.36,14.8,0,1
B105289,Transport,MFI,55,50442.0,1,2,0.881,0.517,4,217750.0,0.216,20.4,0,1
B105290,Agriculture,SACCO,48,8358.0,40,2,0.692,0.893,2,39036.0,0.234,11.7,0,0
B105291,Real Estate,Bank,43,19514.0,11,2,0.48,0.846,0,54302.0,0.139,14.1,0,0
B105292,Personal/Household,Digital Lender,43,59383.0,51,2,0.557,0.569,2,415889.0,0.35,114.5,0,1
B105293,Transport,Bank,26,36249.0,1,0,0.788,0.893,2,320999.0,0.443,14.9,0,0
B105294,Personal/Household,Bank,30,21684.0,72,1,0.517,0.498,2,128665.0,0.297,17.0,0,0
B105295,Transport,Digital Lender,20,30840.0,12,0,0.89,0.636,1,60447.0,0.098,8.0,0,0
B105296,Services,MFI,22,40145.0,14,2,0.662,0.425,4,110601.0,0.138,22.3,0,0
B105297,Agriculture,Bank,26,21621.0,56,3,0.815,0.894,2,185831.0,0.43,11.0,1,0
B105298,Agriculture,Bank,35,27725.0,6,3,0.859,0.818,5,118148.0,0.213,15.3,0,1
B105299,Trade,Bank,23,48694.0,40,3,0.897,0.616,1,355435.0,0.365,13.5,0,0
B105300,Manufacturing,Bank,35,20222.0,21,2,0.555,0.388,1,41424.0,0.102,11.6,0,0
B105301,Transport,Bank,33,14096.0,38,1,0.327,0.757,0,24593.0,0.087,11.2,0,0
B105302,Personal/Household,MFI,24,20941.0,31,1,0.823,0.805,2,48844.0,0.117,20.1,0,0
B105303,Agriculture,MFI,50,18235.0,23,0,0.458,0.273,1,112694.0,0.309,19.2,0,0
B105304,Trade,Digital Lender,22,21318.0,24,1,0.89,0.805,2,62972.0,0.148,204.9,0,0
B105305,Transport,Digital Lender,46,11498.0,35,6,0.936,0.603,2,65113.0,0.283,288.3,0,0
B105306,Services,Bank,18,33847.0,11,5,0.953,0.749,2,247828.0,0.366,13.6,0,0
B105307,Agriculture,Digital Lender,34,47915.0,30,3,0.632,0.815,0,369641.0,0.386,130.8,0,0
B105308,Trade,Digital Lender,23,19026.0,54,3,0.891,0.901,0,108292.0,0.285,141.7,0,0
B105309,Agriculture,Digital Lender,28,20773.0,1,5,0.912,0.685,3,183087.0,0.441,311.3,0,1
B105310,Real Estate,SACCO,53,26821.0,16,1,0.862,0.824,1,43311.0,0.081,9.2,0,0
B105311,Agriculture,Bank,32,18012.0,61,0,0.61,0.621,0,116440.0,0.323,14.8,0,0
B105312,Agriculture,Bank,24,51077.0,0,3,0.905,0.758,3,203368.0,0.199,19.0,0,1
B105313,Transport,Digital Lender,40,18238.0,60,1,0.714,0.634,1,65131.0,0.179,184.5,0,0
B105314,Agriculture,MFI,31,22265.0,3,1,0.838,0.751,0,142820.0,0.321,19.3,0,0
B105315,Real Estate,Digital Lender,37,19540.0,6,0,0.603,0.726,0,151461.0,0.388,230.1,0,0
B105316,Trade,SACCO,26,51747.0,11,3,0.826,0.688,1,308840.0,0.298,10.8,1,1
B105317,Services,Bank,26,26184.0,37,2,0.638,0.45,2,166093.0,0.317,10.1,0,1
B105318,Real Estate,Bank,27,88984.0,31,0,0.818,0.84,1,410626.0,0.231,11.7,0,0
B105319,Agriculture,Digital Lender,43,36119.0,90,4,0.76,0.521,4,212035.0,0.294,159.2,0,0
B105320,Trade,Bank,33,56226.0,35,1,0.853,0.853,3,128298.0,0.114,13.5,0,0
B105321,Transport,SACCO,25,24876.0,6,3,0.611,0.453,3,113063.0,0.227,11.9,0,0
B105322,Personal/Household,Digital Lender,37,17704.0,53,4,0.752,0.69,2,52153.0,0.147,57.4,0,1
B105323,Trade,Bank,36,29195.0,7,1,0.638,0.909,1,221844.0,0.38,13.6,0,0
B105324,Trade,Bank,41,20466.0,66,0,0.789,0.842,0,165032.0,0.403,14.1,0,0
B105325,Trade,MFI,30,9905.0,18,3,0.833,0.915,1,86174.0,0.435,19.9,1,0
B105326,Transport,Digital Lender,34,51919.0,48,2,0.595,0.581,3,457488.0,0.441,100.3,0,0
B105327,Services,MFI,39,30273.0,2,2,0.888,0.445,2,162792.0,0.269,18.2,0,0
B105328,Real Estate,Bank,25,20228.0,42,0,0.836,0.809,2,56146.0,0.139,13.8,0,0
B105329,Agriculture,Bank,44,36569.0,9,5,0.554,0.797,2,58504.0,0.08,11.5,0,0
B105330,Personal/Household,Bank,35,30510.0,6,2,0.856,0.733,1,233113.0,0.382,15.9,0,0
B105331,Personal/Household,Bank,24,64562.0,27,0,0.885,0.602,0,130941.0,0.101,14.1,1,0
B105332,Agriculture,Bank,24,37724.0,4,0,0.492,0.749,1,228791.0,0.303,16.9,0,0
B105333,Trade,Digital Lender,34,27274.0,37,1,0.852,0.931,7,242781.0,0.445,102.9,0,0
B105334,Agriculture,Bank,29,43538.0,57,1,0.803,0.564,2,187325.0,0.215,20.1,0,0
B105335,Personal/Household,Digital Lender,43,29150.0,44,3,0.795,0.816,3,185992.0,0.319,277.9,0,0
B105336,Personal/Household,Digital Lender,32,32896.0,11,1,0.856,0.584,1,177806.0,0.27,322.5,0,0
B105337,Transport,SACCO,38,58360.0,2,2,0.904,0.71,4,426114.0,0.365,13.1,0,0
B105338,Personal/Household,SACCO,27,15635.0,2,2,0.662,0.83,5,112934.0,0.361,13.6,0,0
B105339,Agriculture,Bank,35,18494.0,98,2,0.846,0.703,2,73737.0,0.199,13.7,1,0
B105340,Agriculture,MFI,48,23608.0,14,1,0.788,0.673,0,79421.0,0.168,23.3,0,0
B105341,Trade,Bank,34,25587.0,5,1,0.945,0.411,2,53251.0,0.104,12.4,0,0
B105342,Personal/Household,Bank,29,56168.0,19,1,0.652,0.855,4,244416.0,0.218,15.1,0,0
B105343,Transport,SACCO,26,13656.0,11,2,0.793,0.716,1,24047.0,0.088,20.4,0,0
B105344,Agriculture,Bank,35,29254.0,42,4,0.97,0.573,4,67668.0,0.116,12.9,0,0
B105345,Trade,Bank,49,21962.0,9,1,0.87,0.509,3,129700.0,0.295,15.1,0,0
B105346,Personal/Household,SACCO,21,75755.0,112,2,0.94,0.628,1,168321.0,0.111,17.7,0,0
B105347,Personal/Household,MFI,35,48345.0,25,1,0.823,0.77,3,168253.0,0.174,17.8,0,0
B105348,Transport,Bank,18,33904.0,15,2,0.867,0.536,1,92583.0,0.137,17.5,1,0
B105349,Trade,Bank,31,50659.0,52,2,0.952,0.46,4,234741.0,0.232,9.7,0,1
B105350,Services,Bank,38,14390.0,18,0,0.9,0.841,3,24019.0,0.083,16.3,0,0
B105351,Personal/Household,MFI,19,90683.0,5,2,0.611,0.654,2,244391.0,0.135,18.2,0,0
B105352,Transport,MFI,31,18713.0,36,0,0.577,0.539,1,156058.0,0.417,23.6,0,0
B105353,Transport,Bank,38,59357.0,40,5,0.879,0.848,1,244878.0,0.206,13.2,0,0
B105354,Services,SACCO,36,40272.0,52,1,0.829,0.646,2,278135.0,0.345,13.7,0,0
B105355,Services,Digital Lender,38,34385.0,65,6,0.845,0.923,2,209303.0,0.304,237.6,0,0
B105356,Transport,SACCO,25,58010.0,22,0,0.947,0.727,3,231317.0,0.199,16.7,0,0
B105357,Real Estate,MFI,38,51437.0,47,2,0.697,0.633,3,128390.0,0.125,21.3,0,0
B105358,Agriculture,SACCO,29,31542.0,23,2,0.877,0.706,1,245401.0,0.389,8.4,0,0
B105359,Personal/Household,Digital Lender,42,23579.0,22,3,0.162,0.658,1,99311.0,0.211,196.3,0,1
B105360,Transport,Digital Lender,18,31814.0,146,2,0.787,0.644,1,164417.0,0.258,154.9,1,0
B105361,Trade,Bank,32,28098.0,0,3,0.972,0.753,1,73512.0,0.131,15.0,1,1
B105362,Trade,Bank,36,36123.0,8,4,0.625,0.947,1,102587.0,0.142,15.0,0,1
B105363,Services,Bank,48,52121.0,48,1,0.783,0.912,0,217953.0,0.209,11.6,1,0
B105364,Services,Digital Lender,36,38473.0,3,5,0.853,0.341,1,169017.0,0.22,153.5,0,1
B105365,Services,Bank,37,32915.0,1,1,0.816,0.627,1,145735.0,0.221,16.1,0,0
B105366,Real Estate,Digital Lender,39,20750.0,9,3,0.695,0.898,2,117613.0,0.283,213.0,0,1
B105367,Personal/Household,Bank,48,35545.0,3,3,0.739,0.545,2,69627.0,0.098,16.7,0,1
B105368,Personal/Household,SACCO,31,11699.0,34,2,0.749,0.745,1,38729.0,0.166,11.8,0,0
B105369,Agriculture,Bank,21,19175.0,59,1,0.692,0.688,1,61631.0,0.161,13.6,0,0
B105370,Trade,MFI,19,41499.0,6,0,0.612,0.832,3,191655.0,0.231,20.6,0,0
B105371,Services,MFI,42,48381.0,0,2,0.843,0.665,1,253975.0,0.262,15.4,0,0
B105372,Trade,SACCO,37,29397.0,4,1,0.74,0.59,1,203490.0,0.346,10.7,0,0
B105373,Transport,MFI,32,33208.0,0,0,0.707,0.273,4,217785.0,0.328,18.4,1,1
B105374,Transport,MFI,29,36448.0,61,1,0.756,0.426,1,92654.0,0.127,18.0,0,0
B105375,Personal/Household,SACCO,37,43252.0,152,0,0.647,0.682,1,127512.0,0.147,9.1,0,0
B105376,Agriculture,Digital Lender,37,26615.0,56,2,0.759,0.801,1,114970.0,0.216,8.0,1,1
B105377,Personal/Household,Digital Lender,40,17316.0,15,4,0.466,0.441,3,91772.0,0.265,8.0,0,0
B105378,Trade,SACCO,24,36789.0,1,0,0.852,0.901,1,171515.0,0.233,14.4,0,0
B105379,Personal/Household,MFI,18,87297.0,42,2,0.818,0.764,3,239282.0,0.137,18.8,0,0
B105380,Trade,Digital Lender,26,17902.0,2,3,0.849,0.412,0,113993.0,0.318,18.0,0,1
B105381,Personal/Household,MFI,21,27728.0,27,2,0.727,0.671,1,182996.0,0.33,21.9,0,0
B105382,Personal/Household,Digital Lender,21,24042.0,18,3,0.917,0.685,2,166730.0,0.347,8.0,0,0
B105383,Trade,Digital Lender,51,112113.0,34,6,0.806,0.789,2,507856.0,0.226,29.3,1,1
B105384,Agriculture,Bank,18,17529.0,55,1,0.703,0.831,0,106029.0,0.302,16.1,0,0
B105385,Personal/Household,Bank,40,27221.0,11,0,0.767,0.552,1,63494.0,0.117,14.4,0,0
B105386,Trade,SACCO,44,24329.0,37,1,0.402,0.772,0,212923.0,0.438,15.6,0,0
B105387,Trade,SACCO,45,14915.0,42,2,0.406,0.337,2,98054.0,0.329,13.9,0,0
B105388,Real Estate,SACCO,38,14476.0,39,0,0.876,0.954,1,61620.0,0.213,16.0,0,0
B105389,Services,Digital Lender,48,40644.0,52,2,0.615,0.689,1,204315.0,0.251,199.5,1,0
B105390,Manufacturing,MFI,53,43904.0,24,3,0.936,0.831,4,200100.0,0.228,20.9,0,0
B105391,Real Estate,Bank,32,21857.0,53,2,0.819,0.814,4,73938.0,0.169,13.8,0,1
B105392,Services,MFI,39,64534.0,1,0,0.601,0.379,1,520295.0,0.403,25.5,0,1
B105393,Real Estate,Bank,48,8622.0,37,1,0.815,0.741,2,72614.0,0.421,13.1,0,1
B105394,Real Estate,MFI,26,14881.0,23,1,0.908,0.764,1,25735.0,0.086,24.4,0,0
B105395,Real Estate,Digital Lender,33,18890.0,16,2,0.781,0.365,1,169524.0,0.449,81.0,0,0
B105396,Agriculture,Bank,29,29587.0,12,2,0.716,0.452,4,223747.0,0.378,10.8,0,0
B105397,Agriculture,Digital Lender,40,23202.0,103,1,0.994,0.818,2,76443.0,0.165,154.7,1,1
B105398,Personal/Household,Digital Lender,18,26620.0,49,4,0.988,0.548,3,98832.0,0.186,115.8,0,0
B105399,Trade,Bank,49,38823.0,0,0,0.952,0.623,1,221079.0,0.285,18.0,0,0
B105400,Personal/Household,Digital Lender,40,66263.0,44,3,0.577,0.711,4,343227.0,0.259,131.4,0,0
B105401,Trade,Digital Lender,41,46228.0,3,5,0.838,0.83,1,202226.0,0.219,52.3,0,1
B105402,Real Estate,MFI,18,30665.0,15,2,0.661,0.555,4,142268.0,0.232,13.2,0,0
B105403,Trade,Bank,25,28451.0,11,3,0.935,0.735,4,102777.0,0.181,15.3,0,0
B105404,Manufacturing,Bank,50,54490.0,34,2,0.808,0.506,4,230073.0,0.211,14.7,0,0
B105405,Personal/Household,SACCO,33,83812.0,18,0,0.73,0.714,0,741038.0,0.442,12.4,0,0
B105406,Agriculture,Bank,18,42237.0,14,3,0.873,0.548,1,340982.0,0.404,18.5,0,0
B105407,Trade,Bank,37,22707.0,13,2,0.785,0.596,1,44751.0,0.099,11.6,0,0
B105408,Agriculture,Digital Lender,42,34289.0,15,1,0.868,0.519,0,301630.0,0.44,49.7,0,0
B105409,Personal/Household,SACCO,40,40912.0,3,1,0.832,0.523,1,264988.0,0.324,9.0,0,0
B105410,Agriculture,SACCO,33,21909.0,94,4,0.773,0.862,3,152867.0,0.349,13.6,0,0
B105411,Personal/Household,Digital Lender,46,47866.0,10,10,0.717,0.413,1,272351.0,0.284,182.2,0,0
B105412,Agriculture,Bank,28,34380.0,14,1,0.871,0.7,1,179920.0,0.262,18.1,0,0
B105413,Trade,Bank,40,56419.0,1,0,0.638,0.549,4,462959.0,0.41,14.2,0,1
B105414,Personal/Household,SACCO,36,17375.0,64,1,0.877,0.766,1,149106.0,0.429,12.4,0,0
B105415,Real Estate,MFI,34,11409.0,14,1,0.757,0.822,0,88822.0,0.389,26.5,0,0
B105416,Trade,Bank,31,23956.0,20,0,0.898,0.879,0,167972.0,0.351,16.7,1,1
B105417,Services,Digital Lender,32,30123.0,51,3,0.603,0.489,3,218949.0,0.363,59.4,0,0
B105418,Trade,Bank,35,11042.0,107,3,0.816,0.682,1,47913.0,0.217,14.5,0,0
B105419,Agriculture,MFI,32,21276.0,47,0,0.758,0.806,1,88227.0,0.207,17.9,0,0
B105420,Real Estate,MFI,42,60232.0,1,0,0.748,0.561,0,144496.0,0.12,21.4,1,1
B105421,Manufacturing,SACCO,30,39867.0,52,3,0.552,0.505,1,180231.0,0.226,8.0,1,0
B105422,Personal/Household,Bank,51,32081.0,123,2,0.846,0.465,0,236710.0,0.369,18.4,0,0
B105423,Trade,Bank,29,16636.0,43,1,0.66,0.793,2,33961.0,0.102,11.7,0,1
B105424,Services,Digital Lender,44,59140.0,26,1,0.9,0.797,3,173185.0,0.146,35.7,0,0
B105425,Transport,Digital Lender,45,23634.0,0,3,0.765,0.584,2,200810.0,0.425,220.9,0,0
B105426,Services,MFI,37,31327.0,10,2,0.92,0.84,2,254012.0,0.405,22.3,0,0
B105427,Personal/Household,Bank,36,37200.0,0,2,0.903,0.549,3,106006.0,0.142,10.5,0,0
B105428,Services,SACCO,28,32669.0,20,0,0.846,0.623,5,142475.0,0.218,14.8,0,0
B105429,Transport,Bank,30,67540.0,1,1,0.469,0.707,1,136189.0,0.101,16.3,0,0
B105430,Agriculture,Bank,37,40795.0,9,2,0.65,0.83,3,104381.0,0.128,16.1,0,0
B105431,Real Estate,Bank,35,35814.0,30,2,0.828,0.759,3,91378.0,0.128,15.6,0,0
B105432,Transport,Bank,47,28352.0,61,1,0.817,0.821,0,74441.0,0.131,12.4,1,0
B105433,Real Estate,Bank,30,37705.0,73,3,0.941,0.631,1,288093.0,0.382,16.3,0,0
B105434,Personal/Household,Bank,31,26489.0,31,0,0.728,0.322,1,146177.0,0.276,15.4,1,0
B105435,Trade,Digital Lender,18,32997.0,31,3,0.442,0.688,1,199316.0,0.302,259.3,0,0
B105436,Personal/Household,MFI,41,24638.0,28,2,0.751,0.355,1,142218.0,0.289,22.1,0,1
B105437,Trade,MFI,41,22591.0,0,2,0.841,0.93,2,156871.0,0.347,22.0,0,0
B105438,Services,Bank,45,17965.0,58,2,0.623,0.659,3,155991.0,0.434,14.2,0,0
B105439,Trade,Digital Lender,45,25613.0,40,2,0.584,0.609,5,90130.0,0.176,266.7,0,0
B105440,Trade,Bank,43,24705.0,3,2,0.886,0.935,1,202913.0,0.411,12.4,0,0
B105441,Personal/Household,Bank,43,81321.0,9,3,0.507,0.638,5,267659.0,0.165,12.5,0,0
B105442,Personal/Household,SACCO,41,51311.0,14,1,0.88,0.787,4,184950.0,0.18,12.3,0,0
B105443,Personal/Household,SACCO,43,27620.0,2,1,0.672,0.736,1,211443.0,0.383,14.1,0,0
B105444,Services,Digital Lender,18,23557.0,1,3,0.875,0.747,2,174905.0,0.371,106.2,0,1
B105445,Agriculture,MFI,24,41701.0,59,1,0.913,0.795,2,258772.0,0.31,20.8,0,0
B105446,Personal/Household,Bank,22,86531.0,17,2,0.838,0.601,3,621173.0,0.359,13.8,0,0
B105447,Agriculture,Bank,48,46079.0,80,0,0.669,0.668,1,161836.0,0.176,13.6,0,0
B105448,Manufacturing,MFI,27,11545.0,14,0,0.678,0.879,1,102190.0,0.443,18.1,0,1
B105449,Real Estate,Bank,29,47798.0,13,2,0.921,0.705,1,84243.0,0.088,16.4,0,0
B105450,Trade,Bank,35,52690.0,9,0,0.567,0.886,1,240829.0,0.229,15.9,0,0
B105451,Manufacturing,Bank,23,99666.0,12,3,0.961,0.676,1,634950.0,0.319,14.2,0,0
B105452,Personal/Household,Digital Lender,39,25937.0,12,3,0.829,0.671,4,222990.0,0.43,154.9,0,0
B105453,Trade,Bank,18,32087.0,9,2,0.886,0.882,3,154193.0,0.24,16.0,0,0
B105454,Services,Bank,23,38087.0,17,0,0.789,0.539,1,213493.0,0.28,16.2,0,0
B105455,Manufacturing,Digital Lender,37,19532.0,65,1,0.817,0.73,2,72977.0,0.187,8.0,0,0
B105456,Trade,SACCO,23,18583.0,11,2,0.317,0.706,3,86506.0,0.233,17.2,0,0
B105457,Transport,MFI,48,37036.0,2,2,0.973,0.844,2,256482.0,0.346,16.0,1,0
B105458,Trade,SACCO,35,12725.0,6,1,0.275,0.624,4,98639.0,0.388,16.9,0,0
B105459,Trade,Bank,46,14409.0,15,3,0.969,0.931,2,62754.0,0.218,13.9,0,0
B105460,Personal/Household,Digital Lender,39,46566.0,29,5,0.827,0.732,1,78104.0,0.084,272.2,1,0
B105461,Trade,Bank,35,39097.0,57,2,0.822,0.6,3,211678.0,0.271,14.4,0,0
B105462,Trade,Digital Lender,25,59122.0,4,1,0.446,0.754,3,122902.0,0.104,123.2,0,0
B105463,Personal/Household,Bank,44,38360.0,21,1,0.848,0.385,1,253309.0,0.33,15.5,0,0
B105464,Trade,SACCO,39,29904.0,23,2,0.952,0.711,0,69553.0,0.116,8.7,0,1
B105465,Personal/Household,MFI,56,60415.0,19,2,0.934,0.726,4,471715.0,0.39,19.2,0,0
B105466,Personal/Household,Bank,43,23563.0,112,0,0.899,0.614,3,57805.0,0.123,12.3,0,1
B105467,Trade,Bank,31,24752.0,9,1,0.741,0.783,0,135910.0,0.275,16.9,0,0
B105468,Manufacturing,Digital Lender,38,28696.0,5,3,0.696,0.492,1,221748.0,0.386,189.8,0,0
B105469,Trade,Bank,39,38092.0,2,3,0.708,0.739,1,105232.0,0.138,12.7,0,0
B105470,Transport,Digital Lender,47,28663.0,35,4,0.85,0.718,0,180419.0,0.315,113.5,0,0
B105471,Trade,Bank,48,13137.0,22,0,0.713,0.824,1,99820.0,0.38,13.9,0,0
B105472,Services,SACCO,33,25678.0,1,2,0.679,0.809,1,86305.0,0.168,15.3,0,0
B105473,Trade,SACCO,23,29221.0,23,2,0.444,0.927,2,158682.0,0.272,19.3,0,0
B105474,Personal/Household,MFI,18,31671.0,18,1,0.679,0.633,2,270744.0,0.427,26.4,0,0
B105475,Trade,SACCO,24,23221.0,5,1,0.656,0.768,3,126128.0,0.272,9.8,0,0
B105476,Trade,SACCO,29,39265.0,23,1,0.546,0.497,0,108565.0,0.138,8.6,0,0
B105477,Real Estate,SACCO,50,12261.0,10,3,0.888,0.865,2,92733.0,0.378,13.2,0,0
B105478,Manufacturing,MFI,50,37372.0,3,4,0.653,0.354,2,67929.0,0.091,20.8,0,0
B105479,Services,SACCO,45,79704.0,190,1,0.621,0.748,0,170606.0,0.107,17.3,0,0
B105480,Trade,MFI,47,21296.0,22,1,0.794,0.756,4,148553.0,0.349,15.9,0,0
B105481,Trade,Bank,28,30690.0,3,1,0.966,0.55,1,113222.0,0.184,10.0,0,0
B105482,Agriculture,Bank,20,25955.0,6,5,0.86,0.803,3,130257.0,0.251,16.3,0,1
B105483,Agriculture,SACCO,25,26197.0,7,1,0.774,0.62,0,74833.0,0.143,16.7,0,0
B105484,Services,Digital Lender,18,16888.0,11,1,0.916,0.799,4,140176.0,0.415,169.9,0,0
B105485,Services,Bank,24,88908.0,86,1,0.845,0.904,1,595760.0,0.335,14.1,0,0
B105486,Services,MFI,30,36761.0,0,3,0.924,0.576,0,163461.0,0.222,32.4,0,0
B105487,Trade,Bank,37,20559.0,16,2,0.342,0.567,0,60139.0,0.146,12.7,0,0
B105488,Real Estate,MFI,36,19311.0,27,1,0.752,0.727,2,63376.0,0.164,20.2,0,0
B105489,Personal/Household,SACCO,28,30756.0,9,3,0.919,0.744,2,248345.0,0.404,16.2,0,0
B105490,Agriculture,SACCO,41,9025.0,7,2,0.856,0.402,3,46532.0,0.258,16.5,0,0
B105491,Transport,SACCO,28,53053.0,6,1,0.809,0.743,1,293167.0,0.276,11.0,1,0
B105492,Agriculture,Digital Lender,35,22413.0,9,5,0.897,0.622,2,142294.0,0.317,163.4,0,1
B105493,Agriculture,Bank,24,36821.0,4,2,0.891,0.573,2,289934.0,0.394,13.1,0,0
B105494,Personal/Household,MFI,46,37782.0,2,4,0.634,0.493,0,333930.0,0.442,22.6,0,0
B105495,Agriculture,Bank,35,50560.0,10,0,0.859,0.469,0,257889.0,0.255,12.3,0,0
B105496,Services,Digital Lender,42,38985.0,15,3,0.545,0.844,2,197239.0,0.253,202.4,0,0
B105497,Agriculture,Digital Lender,23,44746.0,26,3,0.595,0.859,1,339817.0,0.38,255.7,0,0
B105498,Trade,Bank,37,52077.0,41,1,0.666,0.857,2,266594.0,0.256,12.2,0,0
B105499,Agriculture,Bank,41,24794.0,1,2,0.533,0.881,2,153407.0,0.309,9.6,0,0
B105500,Trade,MFI,18,97077.0,28,1,0.617,0.397,2,810697.0,0.418,17.3,0,0
B105501,Manufacturing,Digital Lender,47,36101.0,61,0,0.455,0.541,0,195173.0,0.27,153.9,0,0
B105502,Trade,Bank,23,29279.0,16,0,0.945,0.662,0,74024.0,0.126,14.4,0,0
B105503,Transport,MFI,37,18721.0,7,3,0.833,0.352,2,105019.0,0.28,20.1,1,0
B105504,Personal/Household,Bank,53,26532.0,14,4,0.522,0.527,2,168725.0,0.318,16.1,0,0
B105505,Agriculture,SACCO,45,37087.0,130,2,0.606,0.794,1,207888.0,0.28,11.4,0,0
B105506,Trade,SACCO,20,31332.0,16,1,0.51,0.543,1,267221.0,0.426,14.6,0,0
B105507,Real Estate,Bank,33,81235.0,10,1,0.687,0.761,3,331329.0,0.204,16.6,0,0
B105508,Personal/Household,Digital Lender,47,23993.0,4,0,0.602,0.739,2,95809.0,0.2,268.0,0,0
B105509,Transport,Bank,27,43201.0,24,1,0.834,0.491,2,223828.0,0.259,10.8,0,0
B105510,Trade,Digital Lender,31,16010.0,13,1,0.832,0.827,3,58113.0,0.181,100.8,1,0
B105511,Manufacturing,Bank,31,98791.0,57,1,0.731,0.694,5,843366.0,0.427,12.2,0,0
B105512,Real Estate,SACCO,41,15421.0,41,1,0.704,0.84,1,129754.0,0.421,14.1,1,0
B105513,Agriculture,Bank,20,93047.0,83,2,0.803,0.768,2,214855.0,0.115,10.1,0,0
B105514,Trade,SACCO,41,27592.0,0,2,0.669,0.528,0,116319.0,0.211,11.8,0,0
B105515,Services,Bank,29,8699.0,154,1,0.965,0.655,1,61924.0,0.356,14.2,0,0
B105516,Trade,MFI,35,62544.0,15,2,0.565,0.809,4,553025.0,0.442,26.1,0,0
B105517,Trade,Bank,33,31110.0,93,1,0.54,0.5,3,123855.0,0.199,15.1,0,0
B105518,Trade,Bank,41,23170.0,6,2,0.828,0.44,2,88131.0,0.19,10.5,0,0
B105519,Manufacturing,Digital Lender,35,42316.0,8,2,0.825,0.805,1,244631.0,0.289,132.8,0,0
B105520,Real Estate,MFI,49,42848.0,6,2,0.93,0.989,0,93578.0,0.109,20.8,0,0
B105521,Agriculture,MFI,45,37347.0,15,0,0.794,0.518,4,253986.0,0.34,16.1,1,1
B105522,Real Estate,SACCO,27,55507.0,35,2,0.935,0.59,0,368186.0,0.332,8.0,0,0
B105523,Transport,MFI,49,34163.0,32,0,0.851,0.379,2,58183.0,0.085,20.1,1,0
B105524,Agriculture,Digital Lender,38,42504.0,32,3,0.741,0.552,1,211535.0,0.249,96.0,0,1
B105525,Services,MFI,37,22315.0,11,0,0.913,0.675,2,35301.0,0.079,12.5,1,0
B105526,Agriculture,Digital Lender,43,45300.0,45,2,0.931,0.83,1,350522.0,0.387,79.7,0,0
B105527,Trade,Digital Lender,25,22369.0,20,3,0.785,0.913,4,73026.0,0.163,159.5,0,0
B105528,Services,MFI,21,16019.0,14,2,0.896,0.565,1,74025.0,0.231,14.9,0,0
B105529,Personal/Household,Bank,35,26544.0,17,2,0.281,0.829,5,121624.0,0.229,15.5,0,0
B105530,Agriculture,SACCO,29,25548.0,2,3,0.807,0.785,1,220222.0,0.431,10.2,0,0
B105531,Personal/Household,Digital Lender,56,49526.0,49,2,0.301,0.912,2,198660.0,0.201,251.8,0,0
B105532,Manufacturing,Bank,27,13370.0,65,2,0.94,0.783,2,110975.0,0.415,12.8,0,0
B105533,Agriculture,Bank,35,54258.0,35,1,0.908,0.754,1,145354.0,0.134,14.9,0,0
B105534,Personal/Household,Bank,37,21107.0,7,1,0.864,0.773,2,101904.0,0.241,12.8,0,0
B105535,Personal/Household,Digital Lender,47,8000.0,4,4,0.941,0.325,1,19368.0,0.121,253.7,0,1
B105536,Agriculture,SACCO,25,15305.0,48,1,0.692,0.808,0,110418.0,0.361,9.1,0,0
B105537,Transport,Bank,19,25106.0,0,3,0.898,0.575,1,184594.0,0.368,14.0,0,0
B105538,Agriculture,MFI,49,37961.0,20,4,0.745,0.465,1,79577.0,0.105,19.4,0,0
B105539,Trade,Digital Lender,36,27631.0,86,3,0.625,0.414,2,44947.0,0.081,234.2,0,0
B105540,Services,Digital Lender,43,15287.0,58,3,0.863,0.728,3,106008.0,0.347,175.2,0,0
B105541,Manufacturing,Bank,44,19376.0,7,4,0.696,0.652,2,30957.0,0.08,15.3,0,1
B105542,Transport,Bank,45,15428.0,7,2,0.708,0.878,4,80833.0,0.262,11.0,0,0
B105543,Transport,Bank,31,34280.0,24,2,0.756,0.757,1,168240.0,0.245,12.2,0,0
B105544,Manufacturing,SACCO,29,28287.0,8,1,0.806,0.805,2,145067.0,0.256,12.5,0,0
B105545,Agriculture,Bank,18,41672.0,1,2,0.656,0.453,3,204388.0,0.245,14.0,1,0
B105546,Services,Bank,25,11231.0,9,1,0.65,0.44,1,48396.0,0.215,16.3,0,1
B105547,Transport,Digital Lender,36,22166.0,1,1,0.395,0.632,3,179912.0,0.406,199.7,1,0
B105548,Transport,MFI,28,90748.0,11,2,0.706,0.486,2,302984.0,0.167,18.5,0,1
B105549,Real Estate,Bank,24,42301.0,39,0,0.66,0.688,2,164434.0,0.194,16.1,1,0
B105550,Agriculture,Bank,36,25264.0,11,1,0.927,0.602,2,100482.0,0.199,14.3,0,0
B105551,Trade,Bank,48,17274.0,58,3,0.739,0.92,0,32435.0,0.094,14.8,0,1
B105552,Agriculture,Bank,34,54680.0,21,1,0.753,0.688,2,109551.0,0.1,16.2,0,0
B105553,Trade,MFI,24,69076.0,25,2,0.704,0.509,1,136462.0,0.099,19.1,0,0
B105554,Transport,Bank,48,15807.0,1,2,0.958,0.884,2,67188.0,0.213,15.2,1,0
B105555,Personal/Household,Bank,27,16652.0,0,0,0.705,0.682,2,40455.0,0.121,15.6,0,0
B105556,Agriculture,Digital Lender,50,34660.0,1,4,0.777,0.674,1,71576.0,0.103,170.0,0,1
B105557,Agriculture,Digital Lender,32,36489.0,59,4,0.66,0.588,1,312048.0,0.428,58.2,0,0
B105558,Transport,Bank,36,38775.0,65,4,0.799,0.916,3,305571.0,0.394,16.5,1,0
B105559,Trade,SACCO,51,81949.0,101,0,0.65,0.454,2,328471.0,0.2,14.3,0,0
B105560,Services,Bank,21,17425.0,156,1,0.853,0.498,2,76354.0,0.219,12.7,0,0
B105561,Agriculture,Digital Lender,24,30392.0,24,6,0.916,0.862,1,227196.0,0.374,168.2,0,0
B105562,Trade,Digital Lender,32,44208.0,9,1,0.851,0.669,0,351274.0,0.397,261.5,0,0
B105563,Trade,SACCO,34,43947.0,47,3,0.791,0.629,0,352839.0,0.401,14.2,0,0
B105564,Services,SACCO,61,20821.0,15,1,0.834,0.689,2,147249.0,0.354,17.1,0,0
B105565,Agriculture,Bank,26,21278.0,8,2,0.596,0.858,5,141515.0,0.333,15.2,1,1
B105566,Transport,Bank,22,23096.0,1,0,0.881,0.394,2,125153.0,0.271,12.8,0,0
B105567,Trade,MFI,26,75879.0,6,1,0.937,0.757,4,478927.0,0.316,24.2,1,1
B105568,Trade,Bank,37,17359.0,20,2,0.932,0.252,0,95519.0,0.275,16.3,0,0
B105569,Personal/Household,SACCO,40,24875.0,12,0,0.801,0.621,4,115610.0,0.232,8.0,0,0
B105570,Trade,MFI,28,45547.0,53,1,0.932,0.756,1,143738.0,0.158,16.7,0,0
B105571,Trade,Bank,35,16336.0,37,0,0.651,0.851,0,109169.0,0.334,19.6,0,0
B105572,Manufacturing,SACCO,54,34266.0,8,0,0.835,0.65,2,136738.0,0.2,13.6,0,0
B105573,Personal/Household,Digital Lender,35,10459.0,28,1,0.939,0.525,3,89731.0,0.429,169.9,0,0
B105574,Agriculture,SACCO,38,33055.0,22,1,0.741,0.647,2,152351.0,0.23,8.0,1,1
B105575,Trade,MFI,54,30602.0,29,0,0.485,0.496,6,106368.0,0.174,20.2,0,1
B105576,Services,Digital Lender,28,32532.0,8,5,0.798,0.346,2,83465.0,0.128,285.3,0,1
B105577,Transport,Bank,27,18436.0,5,0,0.825,0.477,2,68465.0,0.186,15.3,0,0
B105578,Personal/Household,SACCO,30,33700.0,35,0,0.606,0.605,1,95048.0,0.141,13.4,0,0
B105579,Personal/Household,MFI,30,29101.0,19,1,0.688,0.811,2,176515.0,0.303,18.5,1,0
B105580,Personal/Household,Bank,18,60750.0,9,3,0.688,0.649,2,322716.0,0.266,13.9,0,1
B105581,Real Estate,Digital Lender,36,42227.0,34,4,0.824,0.654,2,367081.0,0.435,121.5,0,0
B105582,Agriculture,MFI,37,13401.0,43,4,0.947,0.897,2,45596.0,0.17,22.8,0,0
B105583,Personal/Household,Bank,33,18809.0,44,4,0.776,0.752,3,100647.0,0.268,12.4,0,0
B105584,Personal/Household,Bank,37,21184.0,36,3,0.728,0.935,3,149230.0,0.352,15.4,0,0
B105585,Services,Digital Lender,38,32834.0,9,4,0.769,0.731,2,218756.0,0.333,15.9,1,0
B105586,Manufacturing,Digital Lender,22,27092.0,6,2,0.797,0.619,2,182306.0,0.336,141.3,0,0
B105587,Agriculture,Bank,38,27030.0,82,3,0.783,0.755,1,82069.0,0.152,14.1,0,0
B105588,Manufacturing,MFI,41,140050.0,6,1,0.873,0.744,1,777646.0,0.278,19.2,0,0
B105589,Transport,Bank,19,22424.0,24,2,0.613,0.841,0,62658.0,0.14,16.2,0,0
B105590,Real Estate,SACCO,50,63894.0,6,2,0.647,0.725,5,328552.0,0.257,10.7,0,0
B105591,Personal/Household,MFI,23,27418.0,37,1,0.569,0.663,2,211880.0,0.386,29.0,0,0
B105592,Transport,Bank,24,8972.0,114,0,0.972,0.817,4,71559.0,0.399,17.0,0,0
B105593,Trade,MFI,37,33032.0,14,0,0.908,0.745,1,96340.0,0.146,17.1,0,0
B105594,Manufacturing,Digital Lender,40,55027.0,2,1,0.639,0.679,3,345274.0,0.314,22.5,0,0
B105595,Transport,Bank,43,42125.0,55,2,0.928,0.923,6,274656.0,0.326,17.2,0,0
B105596,Services,Bank,41,34231.0,16,3,0.82,0.769,5,237105.0,0.346,14.2,0,0
B105597,Real Estate,Digital Lender,30,30123.0,58,3,0.653,0.632,1,229284.0,0.381,24.6,0,0
B105598,Manufacturing,Bank,36,22651.0,35,2,0.756,0.773,5,117823.0,0.26,12.4,0,0
B105599,Real Estate,MFI,32,48675.0,55,1,0.799,0.766,1,299741.0,0.308,29.2,0,0
B105600,Manufacturing,MFI,37,23416.0,3,2,0.842,0.719,2,175645.0,0.375,17.7,0,1
B105601,Trade,Bank,36,20906.0,11,1,0.766,0.493,2,121580.0,0.291,16.2,0,0
B105602,Services,Bank,30,37266.0,35,0,0.9,0.725,3,219719.0,0.295,8.9,0,0
B105603,Services,Bank,32,25209.0,85,0,0.651,0.935,3,126650.0,0.251,15.5,0,0
B105604,Manufacturing,Bank,18,60143.0,36,1,0.971,0.664,0,131061.0,0.109,11.4,0,0
B105605,Manufacturing,MFI,43,38446.0,73,1,0.878,0.673,0,125475.0,0.163,22.1,1,0
B105606,Trade,Digital Lender,38,19382.0,12,1,0.693,0.552,2,136167.0,0.351,209.5,0,0
B105607,Transport,Bank,18,15842.0,33,4,0.881,0.858,3,132667.0,0.419,17.0,0,0
B105608,Real Estate,SACCO,43,21688.0,46,0,0.946,0.63,2,147636.0,0.34,14.3,0,0
B105609,Personal/Household,MFI,34,107568.0,1,2,0.85,0.641,1,379442.0,0.176,20.0,0,0
B105610,Trade,Bank,26,26091.0,15,2,0.846,0.869,1,226275.0,0.434,13.6,0,0
B105611,Personal/Household,MFI,25,45119.0,7,1,0.826,0.69,2,274294.0,0.304,17.0,0,0
B105612,Agriculture,Bank,28,14500.0,16,1,0.844,0.681,1,64242.0,0.222,14.5,0,0
B105613,Transport,SACCO,26,16388.0,20,2,0.96,0.916,3,66208.0,0.202,14.8,1,0
B105614,Transport,Bank,27,26806.0,14,0,0.578,0.434,2,162739.0,0.304,15.4,0,0
B105615,Agriculture,SACCO,52,75781.0,22,3,0.738,0.519,1,473631.0,0.312,13.5,0,0
B105616,Real Estate,Digital Lender,39,14619.0,22,1,0.888,0.902,0,93478.0,0.32,213.3,0,0
B105617,Personal/Household,Bank,55,21029.0,61,2,0.175,0.394,6,101108.0,0.24,14.6,0,0
B105618,Transport,Digital Lender,37,48822.0,69,3,0.74,0.537,0,190796.0,0.195,113.0,0,0
B105619,Trade,Bank,41,71391.0,12,2,0.805,0.805,2,221474.0,0.155,16.0,0,0
B105620,Real Estate,Bank,26,37819.0,5,3,0.595,0.706,1,338058.0,0.447,15.2,0,0
B105621,Agriculture,Bank,33,43119.0,59,0,0.838,0.81,2,77451.0,0.09,17.4,0,0
B105622,Transport,Digital Lender,34,18155.0,3,3,0.955,0.709,2,71823.0,0.198,8.0,0,0
B105623,Transport,SACCO,41,14363.0,26,3,0.526,0.672,0,73582.0,0.256,14.9,0,0
B105624,Trade,Digital Lender,35,15832.0,16,2,0.742,0.749,1,140706.0,0.444,118.7,0,0
B105625,Transport,SACCO,39,18392.0,52,2,0.499,0.658,1,89537.0,0.243,17.0,0,0
B105626,Personal/Household,MFI,38,33661.0,24,2,0.636,0.567,3,95229.0,0.141,19.8,0,0
B105627,Personal/Household,Digital Lender,32,15202.0,31,8,0.851,0.399,1,50248.0,0.165,16.5,0,0
B105628,Trade,Digital Lender,31,34123.0,21,2,0.811,0.836,0,214317.0,0.314,115.8,0,0
B105629,Agriculture,Digital Lender,28,25000.0,12,4,0.759,0.952,3,216698.0,0.433,269.2,0,1
B105630,Real Estate,MFI,46,21821.0,7,0,0.815,0.65,1,103120.0,0.236,19.9,0,0
B105631,Trade,Digital Lender,32,48377.0,21,5,0.727,0.685,1,240841.0,0.249,44.6,0,0
B105632,Real Estate,Bank,38,17545.0,47,1,0.656,0.642,2,37261.0,0.106,18.6,0,0
B105633,Trade,Digital Lender,33,65489.0,54,3,0.88,0.808,0,152697.0,0.117,152.7,0,0
B105634,Trade,Digital Lender,46,46956.0,116,6,0.689,0.94,0,405481.0,0.432,63.2,0,0
B105635,Transport,SACCO,18,17248.0,11,1,0.593,0.516,2,65292.0,0.189,13.4,0,0
B105636,Agriculture,Bank,38,57597.0,26,5,0.777,0.864,1,127727.0,0.111,18.3,0,0
B105637,Personal/Household,Bank,22,16163.0,8,3,0.649,0.475,4,120533.0,0.373,11.8,0,0
B105638,Trade,Digital Lender,39,60548.0,23,4,0.545,0.802,0,457411.0,0.378,261.7,0,0
B105639,Manufacturing,Digital Lender,34,35707.0,134,1,0.791,0.671,4,73248.0,0.103,251.0,0,0
B105640,Real Estate,SACCO,20,12475.0,17,0,0.85,0.809,1,44698.0,0.179,13.1,0,0
B105641,Personal/Household,Digital Lender,38,14582.0,4,0,0.485,0.797,3,128177.0,0.439,225.4,1,0
B105642,Personal/Household,MFI,37,23796.0,44,1,0.519,0.861,2,129553.0,0.272,20.2,0,0
B105643,Agriculture,Digital Lender,33,47920.0,91,1,0.927,0.518,2,103487.0,0.108,225.1,0,0
B105644,Transport,Bank,34,27068.0,5,2,0.955,0.579,3,145051.0,0.268,14.6,0,0
B105645,Agriculture,Bank,37,26700.0,55,1,0.897,0.908,0,130893.0,0.245,17.6,0,0
B105646,Transport,MFI,47,30397.0,17,3,0.981,0.802,4,55849.0,0.092,13.8,0,0
B105647,Trade,Bank,32,9924.0,15,3,0.828,0.852,4,79504.0,0.401,14.9,0,0
B105648,Real Estate,MFI,45,46785.0,16,1,0.863,0.704,3,215975.0,0.231,26.4,1,1
B105649,Trade,Digital Lender,35,62119.0,11,0,0.884,0.745,0,254727.0,0.205,251.5,0,0
B105650,Services,Bank,48,45897.0,8,1,0.573,0.809,1,179817.0,0.196,14.2,0,0
B105651,Real Estate,SACCO,33,23555.0,23,0,0.919,0.722,3,74671.0,0.158,17.5,0,0
B105652,Transport,Bank,28,18274.0,0,1,0.748,0.576,0,152040.0,0.416,15.2,0,0
B105653,Agriculture,Digital Lender,24,16398.0,13,1,0.817,0.884,2,123874.0,0.378,128.9,0,0
B105654,Agriculture,Bank,35,15943.0,13,3,0.796,0.78,0,57430.0,0.18,13.8,0,0
B105655,Trade,SACCO,27,103312.0,4,2,0.948,0.548,2,808673.0,0.391,12.8,0,0
B105656,Services,SACCO,49,28471.0,26,1,0.85,0.822,3,137974.0,0.242,9.5,0,0
B105657,Personal/Household,Bank,26,48902.0,9,3,0.947,0.652,0,325443.0,0.333,15.5,0,0
B105658,Trade,Bank,28,47444.0,49,1,0.795,0.888,1,223350.0,0.235,13.8,0,0
B105659,Personal/Household,Bank,41,32159.0,9,0,0.708,0.919,2,103284.0,0.161,18.9,0,0
B105660,Real Estate,Bank,47,17811.0,9,2,0.902,0.557,2,128029.0,0.359,18.3,0,0
B105661,Trade,Bank,42,39548.0,3,1,0.77,0.832,1,97587.0,0.123,14.3,0,0
B105662,Manufacturing,Bank,46,16393.0,22,2,0.648,0.396,2,98968.0,0.302,17.8,0,0
B105663,Trade,SACCO,34,41410.0,26,0,0.638,0.675,1,79506.0,0.096,13.6,0,1
B105664,Trade,Bank,34,16810.0,44,2,0.908,0.842,2,65803.0,0.196,14.8,0,0
B105665,Personal/Household,Bank,55,23391.0,9,0,0.663,0.736,1,38887.0,0.083,12.0,0,0
B105666,Agriculture,Bank,52,23370.0,40,2,0.54,0.824,0,46854.0,0.1,14.1,0,0
B105667,Services,MFI,42,64178.0,35,5,0.927,0.432,3,323177.0,0.252,24.4,0,0
B105668,Transport,MFI,46,8000.0,2,2,0.725,0.693,2,39823.0,0.249,24.1,0,1
B105669,Personal/Household,SACCO,44,107144.0,21,0,0.637,0.777,2,600523.0,0.28,11.1,0,0
B105670,Transport,SACCO,23,19087.0,2,0,0.748,0.766,1,94795.0,0.248,15.1,0,0
B105671,Personal/Household,MFI,35,27782.0,3,3,0.711,0.681,1,141277.0,0.254,17.6,0,1
B105672,Agriculture,Bank,50,37321.0,3,1,0.955,0.567,4,302190.0,0.405,13.6,0,0
B105673,Manufacturing,Bank,42,35603.0,4,4,0.762,0.535,0,102609.0,0.144,13.2,0,0
B105674,Manufacturing,SACCO,34,47287.0,18,0,0.569,0.731,1,258973.0,0.274,19.0,0,0
B105675,Services,Bank,50,41594.0,3,2,0.785,0.669,2,304726.0,0.366,12.8,0,1
B105676,Trade,Digital Lender,39,91158.0,2,1,0.748,0.648,1,320388.0,0.176,18.9,0,0
B105677,Manufacturing,SACCO,43,44461.0,2,2,0.74,0.726,3,317710.0,0.357,11.0,0,0
B105678,Personal/Household,SACCO,39,27874.0,10,0,0.855,0.709,1,78482.0,0.141,13.9,0,0
B105679,Agriculture,MFI,40,21935.0,37,0,0.976,0.725,1,105558.0,0.241,22.3,0,0
B105680,Personal/Household,Digital Lender,41,21626.0,6,2,0.589,0.786,3,117735.0,0.272,63.4,1,0
B105681,Agriculture,MFI,48,60554.0,88,2,0.661,0.862,5,206640.0,0.171,23.4,0,1
B105682,Trade,MFI,49,78070.0,17,1,0.885,0.509,1,609142.0,0.39,19.8,0,1
B105683,Transport,Digital Lender,30,51651.0,39,4,0.869,0.787,2,341700.0,0.331,8.0,1,0
B105684,Real Estate,SACCO,39,8000.0,19,2,0.795,0.739,2,44876.0,0.28,12.0,0,0
B105685,Trade,MFI,48,8639.0,5,1,0.753,0.784,3,49236.0,0.285,20.2,0,0
B105686,Trade,Bank,34,29609.0,5,1,0.948,0.46,4,66076.0,0.112,16.0,0,1
B105687,Trade,Bank,22,27128.0,5,0,0.422,0.662,1,239388.0,0.441,13.4,0,0
B105688,Personal/Household,Digital Lender,26,30060.0,28,3,0.595,0.595,2,173000.0,0.288,64.3,0,0
B105689,Services,Bank,27,59187.0,51,0,0.807,0.464,3,389031.0,0.329,15.7,0,0
B105690,Manufacturing,Bank,30,57586.0,29,0,0.84,0.891,0,145904.0,0.127,12.1,0,0
B105691,Trade,Bank,28,32735.0,46,6,0.714,0.873,3,236911.0,0.362,14.3,0,0
B105692,Manufacturing,Digital Lender,45,12860.0,39,4,0.757,0.435,3,68234.0,0.265,8.9,0,1
B105693,Personal/Household,MFI,32,15122.0,15,0,0.907,0.547,1,107466.0,0.355,22.5,0,0
B105694,Personal/Household,MFI,48,30856.0,49,3,0.897,0.43,4,193841.0,0.314,20.0,0,0
B105695,Agriculture,Digital Lender,24,37394.0,43,1,0.914,0.646,2,312351.0,0.418,123.6,0,0
B105696,Trade,Bank,31,15222.0,65,1,0.877,0.88,2,37745.0,0.124,17.3,0,0
B105697,Services,Digital Lender,36,42757.0,4,2,0.806,0.563,1,159530.0,0.187,234.0,0,0
B105698,Personal/Household,SACCO,43,11341.0,30,1,0.715,0.742,1,78979.0,0.348,10.4,0,0
B105699,Trade,MFI,46,8000.0,36,5,0.926,0.462,4,26243.0,0.164,13.7,0,0
B105700,Personal/Household,Digital Lender,30,18374.0,29,2,0.565,0.722,2,68735.0,0.187,123.8,0,0
B105701,Trade,Digital Lender,45,63271.0,4,1,0.778,0.933,0,555080.0,0.439,143.8,0,0
B105702,Trade,Bank,18,68683.0,23,1,0.741,0.61,2,237855.0,0.173,15.2,0,1
B105703,Personal/Household,Bank,44,12367.0,37,4,0.805,0.874,3,25080.0,0.101,14.4,0,0
B105704,Manufacturing,Digital Lender,22,12898.0,9,3,0.627,0.494,4,101727.0,0.394,232.9,0,1
B105705,Real Estate,MFI,39,45185.0,5,0,0.863,0.692,2,182554.0,0.202,20.1,0,0
B105706,Services,MFI,46,23333.0,5,0,0.861,0.734,4,94669.0,0.203,14.1,0,1
B105707,Personal/Household,Bank,44,63039.0,9,3,0.924,0.414,1,201649.0,0.16,13.6,0,1
B105708,Trade,Digital Lender,19,44782.0,72,1,0.795,0.922,2,385488.0,0.43,117.1,0,0
B105709,Transport,SACCO,31,49218.0,5,1,0.514,0.792,0,142187.0,0.144,11.8,1,1
B105710,Personal/Household,Digital Lender,42,18920.0,39,0,0.8,0.702,1,42673.0,0.113,97.8,0,0
B105711,Manufacturing,MFI,42,37953.0,5,2,0.935,0.749,2,110196.0,0.145,19.4,1,1
B105712,Services,Digital Lender,38,90130.0,140,3,0.798,0.857,1,140344.0,0.078,211.1,0,0
B105713,Personal/Household,MFI,18,32152.0,3,3,0.913,0.556,1,223607.0,0.348,29.2,0,0
B105714,Trade,SACCO,47,29006.0,26,3,0.942,0.718,4,230866.0,0.398,13.3,0,0
B105715,Trade,SACCO,49,23397.0,53,6,0.454,0.841,0,154695.0,0.331,11.0,0,0
B105716,Personal/Household,MFI,37,12319.0,11,1,0.501,0.864,1,25224.0,0.102,14.1,0,0
B105717,Services,MFI,37,16246.0,61,2,0.618,0.606,0,29703.0,0.091,13.7,0,0
B105718,Trade,Bank,40,18206.0,6,1,0.738,0.66,2,59364.0,0.163,14.9,0,0
B105719,Trade,Bank,50,12036.0,8,0,0.764,0.59,2,25112.0,0.104,17.9,0,0
B105720,Personal/Household,SACCO,38,12722.0,5,2,0.593,0.617,2,42121.0,0.166,12.0,0,0
B105721,Trade,Bank,33,8000.0,8,0,0.937,0.874,2,34938.0,0.218,13.5,1,0
B105722,Trade,SACCO,39,19334.0,28,1,0.688,0.562,1,138845.0,0.359,16.1,0,0
B105723,Services,Bank,35,43105.0,14,1,0.65,0.609,2,241653.0,0.28,17.5,0,0
B105724,Personal/Household,Bank,35,24982.0,64,2,0.558,0.678,3,117461.0,0.235,15.0,0,0
B105725,Services,SACCO,18,25044.0,2,1,0.75,0.621,1,188385.0,0.376,8.1,0,0
B105726,Transport,Bank,40,45330.0,46,1,0.774,0.927,2,407408.0,0.449,16.4,1,0
B105727,Agriculture,Digital Lender,47,75277.0,38,1,0.793,0.937,0,461903.0,0.307,249.5,0,0
B105728,Services,Digital Lender,45,103811.0,0,2,0.439,0.552,2,297374.0,0.143,161.5,0,0
B105729,Agriculture,MFI,45,32192.0,24,3,0.962,0.634,4,237931.0,0.37,20.3,0,0
B105730,Agriculture,MFI,34,25464.0,41,2,0.826,0.324,4,167208.0,0.328,22.9,0,0
B105731,Services,Bank,36,23690.0,0,0,0.663,0.371,5,128486.0,0.271,14.8,0,0
B105732,Personal/Household,Digital Lender,47,41157.0,12,0,0.868,0.611,0,244915.0,0.298,226.1,1,0
B105733,Services,Bank,44,27283.0,9,1,0.922,0.681,2,193780.0,0.355,13.1,0,0
B105734,Trade,Digital Lender,50,27337.0,9,1,0.414,0.82,4,81654.0,0.149,34.0,0,0
B105735,Services,Digital Lender,28,28352.0,10,5,0.797,0.919,2,160991.0,0.284,209.3,0,0
B105736,Transport,Bank,28,17709.0,21,2,0.914,0.772,1,148812.0,0.42,18.2,0,0
B105737,Transport,SACCO,32,8244.0,14,1,0.399,0.639,1,59863.0,0.363,17.5,0,0
B105738,Services,MFI,26,20577.0,96,2,0.632,0.685,4,139145.0,0.338,23.4,0,0
B105739,Real Estate,MFI,22,66278.0,2,1,0.878,0.803,1,593849.0,0.448,19.1,0,0
B105740,Personal/Household,Bank,40,64587.0,6,0,0.75,0.607,1,498243.0,0.386,15.2,0,0
B105741,Transport,SACCO,39,49855.0,76,1,0.954,0.651,1,309224.0,0.31,8.0,0,0
B105742,Personal/Household,Bank,37,22662.0,74,1,0.845,0.471,1,61713.0,0.136,13.4,0,0
B105743,Services,Digital Lender,39,19249.0,5,3,0.491,0.817,1,102198.0,0.265,96.4,0,0
B105744,Personal/Household,MFI,20,72659.0,34,0,0.769,0.811,2,181378.0,0.125,20.6,0,0
B105745,Trade,SACCO,30,16388.0,10,3,0.754,0.521,1,41792.0,0.128,14.7,0,1
B105746,Trade,Digital Lender,32,30384.0,36,2,0.651,0.617,0,186389.0,0.307,265.4,1,0
B105747,Services,SACCO,35,75299.0,47,2,0.812,0.587,2,202277.0,0.134,12.3,0,0
B105748,Services,MFI,20,31830.0,6,1,0.795,0.771,0,127604.0,0.2,12.7,0,0
B105749,Services,MFI,26,25301.0,5,1,0.739,0.744,1,67915.0,0.134,17.8,0,0
B105750,Trade,MFI,31,56270.0,15,0,0.784,0.522,1,324578.0,0.288,28.0,0,0
B105751,Real Estate,Bank,46,30934.0,15,4,0.454,0.744,1,115073.0,0.186,11.7,0,0
B105752,Personal/Household,Digital Lender,38,33120.0,1,5,0.687,0.926,4,99923.0,0.151,294.4,1,1
B105753,Personal/Household,Bank,45,68398.0,58,2,0.807,0.576,2,371650.0,0.272,19.0,0,1
B105754,Trade,MFI,34,8000.0,18,3,0.904,0.561,0,24989.0,0.156,14.6,0,0
B105755,Transport,Digital Lender,35,36220.0,20,0,0.817,0.583,2,89978.0,0.124,133.4,0,0
B105756,Trade,Bank,40,19507.0,14,0,0.84,0.982,0,145537.0,0.373,12.1,0,0
B105757,Manufacturing,Digital Lender,33,26530.0,23,6,0.844,0.822,0,130333.0,0.246,111.3,0,0
B105758,Agriculture,Bank,29,31638.0,22,1,0.989,0.757,0,192728.0,0.305,13.0,0,0
B105759,Trade,Bank,20,20506.0,49,3,0.806,0.739,1,140401.0,0.342,13.2,0,0
B105760,Trade,SACCO,29,33715.0,64,2,0.843,0.796,1,231109.0,0.343,11.9,0,0
B105761,Services,MFI,43,36752.0,27,6,0.906,0.954,2,208353.0,0.283,21.2,0,0
B105762,Personal/Household,Digital Lender,48,33253.0,42,2,0.692,0.67,1,254959.0,0.383,87.7,0,0
B105763,Services,MFI,27,31612.0,1,4,0.838,0.88,3,80593.0,0.127,17.4,0,0
B105764,Real Estate,Bank,18,27870.0,21,0,0.644,0.68,2,123258.0,0.221,12.4,0,0
B105765,Real Estate,Bank,44,28173.0,10,2,0.823,0.626,2,59555.0,0.106,16.2,0,0
B105766,Agriculture,Bank,36,31060.0,2,1,0.782,0.517,6,53389.0,0.086,15.9,0,1
B105767,Transport,SACCO,22,17706.0,44,0,0.903,0.945,1,151697.0,0.428,13.6,0,0
B105768,Agriculture,Bank,18,59788.0,3,2,0.565,0.691,1,133940.0,0.112,16.3,0,1
B105769,Personal/Household,MFI,25,28279.0,5,0,0.389,0.56,1,109152.0,0.193,21.7,0,0
B105770,Personal/Household,Digital Lender,30,23817.0,36,0,0.917,0.633,0,89606.0,0.188,109.3,0,0
B105771,Personal/Household,MFI,23,36965.0,23,2,0.553,0.879,0,250446.0,0.339,23.8,0,0
B105772,Agriculture,SACCO,42,27915.0,91,0,0.932,0.425,4,160316.0,0.287,14.2,0,0
B105773,Manufacturing,Bank,27,58891.0,16,3,0.787,0.694,2,125627.0,0.107,16.0,0,0
B105774,Agriculture,Digital Lender,35,48634.0,0,3,0.763,0.699,2,309034.0,0.318,58.4,0,1
B105775,Trade,Bank,59,31292.0,227,0,0.638,0.556,1,268809.0,0.43,12.7,0,0
B105776,Personal/Household,MFI,36,49832.0,1,2,0.926,0.704,0,396812.0,0.398,20.6,0,0
B105777,Manufacturing,Bank,34,33840.0,0,5,0.568,0.51,1,250339.0,0.37,17.9,0,0
B105778,Personal/Household,Bank,34,15760.0,28,1,0.422,0.649,2,61011.0,0.194,16.5,0,0
B105779,Trade,Bank,42,48505.0,12,2,0.839,0.545,1,135867.0,0.14,13.7,0,0
B105780,Services,Bank,40,10454.0,53,1,0.649,0.672,1,67866.0,0.325,12.5,1,0
B105781,Services,Digital Lender,25,8000.0,40,2,0.522,0.928,1,56316.0,0.352,200.5,1,0
B105782,Real Estate,Bank,31,43647.0,25,3,0.786,0.559,1,233925.0,0.268,14.8,0,0
B105783,Personal/Household,Digital Lender,28,37948.0,36,3,0.677,0.7,2,328477.0,0.433,139.3,1,0
B105784,Agriculture,MFI,32,36578.0,15,0,0.705,0.725,2,324201.0,0.443,20.6,0,0
B105785,Personal/Household,Bank,53,63848.0,10,2,0.792,0.711,2,443914.0,0.348,18.1,1,0
B105786,Personal/Household,Bank,41,29331.0,8,2,0.883,0.704,2,199714.0,0.34,14.7,0,0
B105787,Personal/Household,Bank,34,24148.0,140,2,0.538,0.492,4,90238.0,0.187,17.9,0,0
B105788,Personal/Household,Digital Lender,47,46081.0,11,2,0.764,0.787,2,414542.0,0.45,124.7,0,0
B105789,Real Estate,Bank,37,20079.0,9,1,0.904,0.727,4,132826.0,0.331,13.4,0,0
B105790,Personal/Household,Digital Lender,19,26083.0,6,3,0.627,0.61,2,87659.0,0.168,190.6,0,1
B105791,Personal/Household,Bank,52,34164.0,23,2,0.916,0.7,1,202556.0,0.296,15.2,1,0
B105792,Trade,Bank,33,35700.0,42,2,0.769,0.694,0,288744.0,0.404,14.7,0,0
B105793,Trade,Bank,18,24756.0,61,1,0.79,0.852,1,135192.0,0.273,13.0,0,0
B105794,Personal/Household,SACCO,19,22703.0,23,1,0.925,0.77,2,203669.0,0.449,20.8,0,0
B105795,Transport,MFI,46,16059.0,95,2,0.841,0.432,1,57194.0,0.178,21.1,0,0
B105796,Manufacturing,Digital Lender,19,19284.0,82,0,0.738,0.398,2,134327.0,0.348,8.0,0,0
B105797,Services,Bank,48,80862.0,20,0,0.986,0.693,4,507575.0,0.314,16.8,0,1
B105798,Transport,Bank,36,25692.0,6,1,0.418,0.757,1,218112.0,0.424,15.1,1,1
B105799,Real Estate,Digital Lender,42,32994.0,43,0,0.823,0.815,1,214019.0,0.324,299.0,0,0
B105800,Real Estate,MFI,32,13093.0,7,3,0.756,0.708,5,68610.0,0.262,27.3,0,0
B105801,Transport,Digital Lender,40,121755.0,19,4,0.668,0.719,1,299671.0,0.123,201.4,0,1
B105802,Personal/Household,MFI,38,18512.0,9,1,0.708,0.908,2,122062.0,0.33,24.9,0,1
B105803,Manufacturing,SACCO,35,15579.0,7,2,0.859,0.515,3,124272.0,0.399,12.3,0,0
B105804,Manufacturing,Bank,24,28749.0,99,3,0.549,0.494,1,248575.0,0.432,12.6,0,0
B105805,Personal/Household,Digital Lender,39,18199.0,26,3,0.736,0.809,2,66953.0,0.184,282.7,0,1
B105806,Personal/Household,Bank,18,36342.0,3,1,0.72,0.576,2,262900.0,0.362,12.7,0,0
B105807,Personal/Household,Digital Lender,44,12947.0,9,3,0.875,0.719,2,101158.0,0.391,89.2,0,0
B105808,Trade,Bank,37,55569.0,22,2,0.85,0.613,4,163044.0,0.147,14.1,0,0
B105809,Personal/Household,Digital Lender,40,49857.0,31,3,0.499,0.427,0,361408.0,0.362,149.4,0,0
B105810,Manufacturing,Digital Lender,18,27854.0,79,5,0.69,0.764,1,87549.0,0.157,232.5,0,0
B105811,Trade,Digital Lender,24,11962.0,18,2,0.643,0.635,3,103564.0,0.433,208.5,0,0
B105812,Transport,MFI,30,19020.0,75,4,0.59,0.787,1,149690.0,0.393,24.1,0,0
B105813,Personal/Household,MFI,42,30773.0,1,2,0.551,0.736,2,258173.0,0.419,20.3,0,0
B105814,Manufacturing,Digital Lender,26,15279.0,29,4,0.661,0.513,0,41575.0,0.136,85.3,0,0
B105815,Personal/Household,MFI,60,16709.0,65,3,0.651,0.707,2,48156.0,0.144,19.0,0,0
B105816,Agriculture,SACCO,32,52951.0,18,1,0.832,0.582,2,331794.0,0.313,11.7,0,0
B105817,Trade,Bank,25,32377.0,59,0,0.659,0.907,1,161168.0,0.249,16.1,1,1
B105818,Agriculture,MFI,33,31819.0,2,1,0.917,0.749,4,198555.0,0.312,14.0,0,0
B105819,Real Estate,Bank,25,39740.0,30,4,0.837,0.728,5,82915.0,0.104,14.7,0,0
B105820,Personal/Household,SACCO,23,27171.0,46,4,0.698,0.723,2,101775.0,0.187,12.4,1,0
B105821,Personal/Household,Bank,45,28775.0,54,0,0.762,0.747,0,68604.0,0.119,18.0,0,1
B105822,Personal/Household,MFI,40,38208.0,57,2,0.868,0.682,2,71460.0,0.094,22.0,0,0
B105823,Trade,Digital Lender,40,46395.0,87,4,0.842,0.814,0,155253.0,0.167,178.8,0,0
B105824,Agriculture,MFI,48,39103.0,6,1,0.63,0.31,3,225075.0,0.288,21.3,0,0
B105825,Trade,Digital Lender,40,66384.0,49,2,0.916,0.727,2,171956.0,0.13,120.3,0,0
B105826,Personal/Household,Bank,24,30138.0,40,2,0.604,0.364,0,159363.0,0.264,15.8,0,0
B105827,Agriculture,MFI,42,14172.0,20,2,0.858,0.838,1,49112.0,0.173,17.4,0,0
B105828,Manufacturing,MFI,24,54098.0,43,2,0.281,0.643,1,417223.0,0.386,23.3,0,0
B105829,Personal/Household,MFI,30,25983.0,107,0,0.84,0.405,1,200277.0,0.385,16.3,0,0
B105830,Transport,SACCO,35,19481.0,19,2,0.797,0.308,2,171069.0,0.439,14.5,1,0
B105831,Agriculture,Bank,34,43993.0,13,1,0.892,0.676,2,88087.0,0.1,11.9,1,0
B105832,Agriculture,MFI,18,36458.0,13,3,0.949,0.65,1,103718.0,0.142,18.5,1,0
B105833,Transport,Bank,25,14716.0,69,0,0.598,0.376,0,123750.0,0.42,10.7,0,0
B105834,Manufacturing,SACCO,35,42995.0,33,2,0.902,0.655,1,345977.0,0.402,19.4,0,0
B105835,Trade,Digital Lender,29,83356.0,4,3,0.693,0.659,3,480111.0,0.288,109.3,0,1
B105836,Personal/Household,Bank,46,35525.0,64,1,0.955,0.454,1,296899.0,0.418,12.0,0,0
B105837,Manufacturing,MFI,48,25825.0,5,3,0.982,0.952,2,198061.0,0.383,20.9,0,0
B105838,Real Estate,MFI,24,11872.0,29,2,0.744,0.464,3,48642.0,0.205,16.4,0,0
B105839,Trade,SACCO,36,91874.0,8,1,0.819,0.686,2,641653.0,0.349,12.3,0,0
B105840,Agriculture,Bank,51,22374.0,78,1,0.904,0.336,3,69817.0,0.156,16.7,0,0
B105841,Agriculture,MFI,34,13706.0,22,1,0.886,0.759,1,39537.0,0.144,23.9,0,0
B105842,Agriculture,Digital Lender,31,31602.0,22,2,0.826,0.546,0,133164.0,0.211,138.6,0,0
B105843,Manufacturing,MFI,44,51768.0,9,2,0.625,0.551,2,379771.0,0.367,25.4,1,0
B105844,Real Estate,SACCO,32,58674.0,9,2,0.877,0.299,5,205276.0,0.175,23.2,0,0
B105845,Services,Bank,48,20543.0,64,0,0.585,0.609,1,31211.0,0.076,17.0,1,0
B105846,Services,Digital Lender,29,28164.0,38,1,0.614,0.58,1,52754.0,0.094,86.9,0,0
B105847,Trade,Bank,30,29739.0,52,1,0.833,0.855,5,55086.0,0.093,13.5,0,1
B105848,Trade,Bank,43,50874.0,55,1,0.826,0.891,2,115001.0,0.113,14.6,1,0
B105849,Personal/Household,MFI,36,41194.0,6,5,0.705,0.526,0,297826.0,0.361,21.6,0,1
B105850,Services,MFI,36,34504.0,24,2,0.7,0.463,0,126954.0,0.184,17.0,0,0
B105851,Personal/Household,SACCO,18,49176.0,29,1,0.733,0.422,1,408266.0,0.415,11.4,0,0
B105852,Trade,Bank,31,14057.0,8,3,0.814,0.474,0,59833.0,0.213,14.7,0,0
B105853,Agriculture,Bank,44,37477.0,46,1,0.432,0.867,2,234177.0,0.312,15.0,1,0
B105854,Trade,SACCO,27,33586.0,26,4,0.984,0.769,0,249095.0,0.371,12.4,0,0
B105855,Personal/Household,Bank,42,28926.0,33,1,0.686,0.567,2,44300.0,0.077,15.6,0,0
B105856,Transport,SACCO,38,25918.0,13,0,0.686,0.743,0,211834.0,0.409,18.8,0,0
B105857,Manufacturing,SACCO,33,32009.0,29,4,0.784,0.928,1,208006.0,0.325,15.0,0,0
B105858,Manufacturing,Bank,49,21729.0,129,0,0.971,0.506,0,190575.0,0.439,15.9,0,0
B105859,Agriculture,SACCO,32,133254.0,16,1,0.814,0.782,1,560766.0,0.21,11.2,0,0
B105860,Transport,Digital Lender,32,62783.0,9,2,0.884,0.527,4,412649.0,0.329,73.7,0,0
B105861,Trade,Digital Lender,33,54236.0,14,2,0.849,0.943,0,211150.0,0.195,113.3,0,0
B105862,Transport,Bank,36,22218.0,4,2,0.829,0.317,2,104557.0,0.235,17.2,0,0
B105863,Personal/Household,MFI,43,17563.0,51,1,0.747,0.728,4,153303.0,0.436,23.7,0,0
B105864,Transport,Digital Lender,20,26461.0,33,2,0.845,0.605,1,142863.0,0.27,55.9,0,0
B105865,Agriculture,SACCO,44,31659.0,40,2,0.742,0.545,1,79916.0,0.126,14.0,0,0
B105866,Personal/Household,Bank,36,13405.0,6,5,0.634,0.666,1,41378.0,0.154,16.7,0,0
B105867,Personal/Household,Bank,41,38715.0,3,2,0.636,0.268,2,93960.0,0.121,16.9,0,0
B105868,Trade,SACCO,59,53916.0,13,0,0.727,0.848,0,371831.0,0.345,15.0,0,0
B105869,Trade,Digital Lender,30,8694.0,52,2,0.854,0.673,3,33189.0,0.191,226.6,0,0
B105870,Transport,Digital Lender,23,18120.0,57,3,0.795,0.901,2,55623.0,0.153,391.6,0,0
B105871,Agriculture,Digital Lender,37,58414.0,32,3,0.775,0.912,0,514499.0,0.44,403.4,0,0
B105872,Trade,Bank,39,36522.0,35,1,0.876,0.334,0,100604.0,0.138,13.5,0,0
B105873,Trade,SACCO,44,18463.0,115,0,0.573,0.924,1,131195.0,0.355,16.1,0,0
B105874,Trade,Bank,30,44554.0,32,0,0.911,0.606,1,397096.0,0.446,16.8,0,0
B105875,Real Estate,Bank,27,21444.0,3,0,0.807,0.649,2,182470.0,0.425,11.8,0,0
B105876,Transport,Bank,20,26112.0,27,2,0.566,0.898,3,88439.0,0.169,18.0,0,0
B105877,Trade,Digital Lender,21,15893.0,33,2,0.598,0.509,2,104324.0,0.328,8.0,0,0
B105878,Personal/Household,Bank,31,30011.0,38,1,0.804,0.681,2,159953.0,0.266,12.9,0,0
B105879,Agriculture,MFI,34,52052.0,14,3,0.488,0.434,3,349746.0,0.336,20.4,0,0
B105880,Agriculture,MFI,56,22865.0,52,2,0.918,0.46,0,195941.0,0.428,24.7,0,0
B105881,Agriculture,Bank,18,42404.0,3,1,0.859,0.795,2,319761.0,0.377,11.4,0,0
B105882,Personal/Household,MFI,38,28928.0,11,1,0.955,0.759,1,247803.0,0.428,26.6,0,0
B105883,Services,Bank,28,53823.0,112,1,0.778,0.633,1,117282.0,0.109,15.3,1,0
B105884,Manufacturing,Bank,37,23048.0,20,2,0.846,0.689,1,35360.0,0.077,19.0,1,1
B105885,Trade,MFI,29,69931.0,54,3,0.911,0.804,0,329350.0,0.235,24.8,0,0
B105886,Agriculture,Digital Lender,45,43255.0,17,3,0.663,0.836,4,65927.0,0.076,149.8,0,0
B105887,Trade,SACCO,45,34003.0,166,3,0.797,0.859,1,268118.0,0.394,12.9,0,0
B105888,Personal/Household,Digital Lender,34,34693.0,60,2,0.786,0.413,1,209259.0,0.302,43.3,0,0
B105889,Trade,Bank,49,23023.0,13,2,0.529,0.465,1,169626.0,0.368,16.8,0,0
B105890,Services,Bank,43,22223.0,7,3,0.673,0.762,3,197793.0,0.445,15.0,0,0
B105891,Transport,MFI,49,34345.0,10,0,0.748,0.521,1,182524.0,0.266,18.7,0,0
B105892,Manufacturing,Digital Lender,35,15378.0,1,4,0.608,0.874,2,37718.0,0.123,28.1,0,0
B105893,Personal/Household,Bank,45,21356.0,112,3,0.597,0.645,0,173861.0,0.407,12.5,0,0
B105894,Trade,Bank,27,17757.0,17,1,0.78,0.571,5,119729.0,0.337,15.3,0,0
B105895,Personal/Household,Digital Lender,26,40721.0,8,3,0.856,0.634,0,223416.0,0.274,193.7,0,1
B105896,Trade,Digital Lender,57,41063.0,1,2,0.963,0.642,3,323174.0,0.393,58.2,0,0
B105897,Personal/Household,Bank,24,59713.0,14,0,0.695,0.392,2,443292.0,0.371,14.6,1,0
B105898,Manufacturing,Digital Lender,31,24734.0,66,5,0.686,0.776,3,132164.0,0.267,157.5,0,0
B105899,Trade,MFI,18,19067.0,10,0,0.86,0.377,3,85330.0,0.224,14.5,0,0
B105900,Personal/Household,MFI,27,13252.0,32,2,0.927,0.516,6,116809.0,0.441,26.6,0,0
B105901,Trade,MFI,25,34511.0,4,2,0.85,0.585,3,184016.0,0.267,22.0,0,0
B105902,Trade,Digital Lender,28,64102.0,65,4,0.92,0.938,0,204144.0,0.159,32.9,0,0
B105903,Personal/Household,Bank,38,28537.0,21,2,0.669,0.773,1,136632.0,0.239,14.1,0,0
B105904,Real Estate,Digital Lender,40,30171.0,1,2,0.937,0.49,1,257210.0,0.426,29.0,0,0
B105905,Services,Bank,25,29631.0,27,2,0.858,0.522,1,222264.0,0.375,15.4,0,0
B105906,Transport,SACCO,27,34191.0,16,1,0.705,0.749,2,273511.0,0.4,9.5,0,0
B105907,Transport,SACCO,46,51451.0,60,2,0.956,0.628,2,407837.0,0.396,10.3,0,0
B105908,Agriculture,Digital Lender,52,85439.0,98,5,0.814,0.498,1,751045.0,0.44,295.8,0,0
B105909,Trade,Digital Lender,48,39107.0,12,0,0.755,0.61,3,179402.0,0.229,185.0,0,0
B105910,Services,Digital Lender,19,40552.0,28,3,0.745,0.763,2,76711.0,0.095,344.3,0,0
B105911,Trade,SACCO,47,26066.0,3,4,0.854,0.246,3,139866.0,0.268,11.5,0,1
B105912,Manufacturing,Bank,54,28021.0,7,4,0.963,0.549,2,53426.0,0.095,17.5,0,0
B105913,Agriculture,Digital Lender,18,27814.0,64,2,0.707,0.366,1,57470.0,0.103,73.9,0,0
B105914,Agriculture,MFI,46,24309.0,18,0,0.939,0.67,1,74881.0,0.154,21.3,0,1
B105915,Transport,MFI,37,31893.0,25,2,0.889,0.682,0,266981.0,0.419,13.1,0,0
B105916,Personal/Household,MFI,32,41927.0,33,1,0.92,0.638,2,160989.0,0.192,17.6,1,0
B105917,Personal/Household,Bank,36,30790.0,64,4,0.947,0.757,2,220551.0,0.358,14.0,0,0
B105918,Personal/Household,SACCO,39,25482.0,26,0,0.919,0.505,2,129075.0,0.253,13.8,0,1
B105919,Agriculture,Bank,47,31866.0,5,3,0.602,0.828,1,92246.0,0.145,13.7,0,0
B105920,Real Estate,Bank,46,17537.0,51,0,0.266,0.975,2,68674.0,0.196,15.0,1,0
B105921,Trade,Digital Lender,20,46251.0,13,4,0.52,0.372,2,332216.0,0.359,252.8,0,1
B105922,Personal/Household,Digital Lender,29,23689.0,40,5,0.87,0.807,3,80339.0,0.17,169.4,0,0
B105923,Agriculture,MFI,36,15753.0,45,4,0.284,0.596,2,83599.0,0.265,17.4,0,0
B105924,Manufacturing,Digital Lender,51,38329.0,39,2,0.765,0.561,2,329220.0,0.429,281.9,0,0
B105925,Trade,MFI,18,39390.0,108,2,0.554,0.784,5,147488.0,0.187,19.7,0,0
B105926,Personal/Household,Bank,29,18528.0,15,3,0.675,0.646,0,109826.0,0.296,11.7,0,0
B105927,Personal/Household,Digital Lender,20,41897.0,2,1,0.592,0.623,5,135510.0,0.162,349.5,0,0
B105928,Personal/Household,SACCO,21,42135.0,1,3,0.867,0.473,0,89795.0,0.107,16.7,0,0
B105929,Trade,Digital Lender,45,88096.0,83,1,0.814,0.636,4,356280.0,0.202,26.6,0,0
B105930,Services,MFI,30,26127.0,14,1,0.914,0.657,0,93199.0,0.178,19.2,0,0
B105931,Agriculture,MFI,18,28857.0,23,1,0.709,0.814,3,103472.0,0.179,19.4,0,0
B105932,Agriculture,Bank,33,21296.0,6,2,0.863,0.771,2,176254.0,0.414,14.4,0,0
B105933,Agriculture,Digital Lender,55,39008.0,38,2,0.866,0.867,3,279977.0,0.359,296.8,0,0
B105934,Agriculture,Bank,18,29657.0,33,2,0.798,0.804,1,80482.0,0.136,17.0,0,0
B105935,Manufacturing,MFI,40,51193.0,2,3,0.728,0.498,0,352867.0,0.345,23.5,0,1
B105936,Agriculture,Bank,51,23420.0,31,3,0.755,0.602,3,60295.0,0.129,14.6,0,0
B105937,Real Estate,SACCO,35,38543.0,14,1,0.983,0.808,2,335301.0,0.435,13.8,0,0
B105938,Transport,Bank,54,26087.0,28,2,0.787,0.596,1,208106.0,0.399,12.5,1,0
B105939,Personal/Household,Digital Lender,28,10793.0,22,1,0.636,0.669,1,50549.0,0.234,8.0,0,0
B105940,Personal/Household,MFI,49,42000.0,25,1,0.782,0.657,0,139839.0,0.166,23.3,0,0
B105941,Transport,Bank,47,11368.0,17,1,0.619,0.476,4,101837.0,0.448,20.6,1,0
B105942,Trade,Bank,35,27236.0,96,3,0.78,0.575,2,204642.0,0.376,12.0,0,0
B105943,Personal/Household,Bank,20,27471.0,26,0,0.747,0.482,3,136008.0,0.248,11.6,0,0
B105944,Trade,SACCO,25,29596.0,80,0,0.707,0.523,0,96706.0,0.163,14.5,1,0
B105945,Agriculture,Digital Lender,18,30516.0,25,3,0.895,0.414,0,261929.0,0.429,212.9,0,0
B105946,Trade,Bank,41,30352.0,12,2,0.858,0.886,3,46342.0,0.076,14.7,0,0
B105947,Transport,MFI,40,36304.0,8,4,0.896,0.87,0,140146.0,0.193,15.2,1,1
B105948,Agriculture,Bank,36,28007.0,8,1,0.773,0.86,2,153172.0,0.273,14.5,0,1
B105949,Transport,Digital Lender,34,125321.0,48,3,0.837,0.702,3,562004.0,0.224,254.3,0,0
B105950,Agriculture,Digital Lender,49,24629.0,50,3,0.984,0.759,2,136643.0,0.277,152.0,0,0
B105951,Real Estate,Digital Lender,38,15177.0,73,3,0.916,0.92,6,93880.0,0.309,82.3,0,0
B105952,Real Estate,Bank,29,13691.0,41,1,0.818,0.602,2,99908.0,0.365,16.7,1,0
B105953,Trade,MFI,36,42704.0,2,0,0.913,0.543,2,344449.0,0.403,25.9,0,0
B105954,Real Estate,Digital Lender,55,12389.0,3,3,0.956,0.789,2,89752.0,0.362,102.2,0,0
B105955,Transport,Bank,41,15285.0,46,1,0.877,0.347,1,38930.0,0.127,12.1,1,0
B105956,Manufacturing,SACCO,31,14121.0,23,1,0.718,0.416,1,64135.0,0.227,11.4,0,0
B105957,Trade,Digital Lender,35,38232.0,16,6,0.934,0.395,3,247900.0,0.324,35.7,0,0
B105958,Transport,Digital Lender,40,61814.0,5,5,0.647,0.871,1,288455.0,0.233,250.2,0,1
B105959,Agriculture,SACCO,31,17691.0,26,2,0.905,0.716,3,69998.0,0.198,8.7,0,0
B105960,Trade,MFI,30,37501.0,7,2,0.774,0.726,1,337090.0,0.449,20.2,0,0
B105961,Trade,Digital Lender,35,8000.0,9,3,0.77,0.665,3,27833.0,0.174,68.3,0,1
B105962,Manufacturing,Bank,50,19740.0,48,2,0.667,0.654,2,164306.0,0.416,16.1,0,0
B105963,Agriculture,Digital Lender,43,41413.0,45,3,0.662,0.581,1,81145.0,0.098,116.0,0,0
B105964,Personal/Household,MFI,31,25040.0,86,1,0.712,0.637,3,73006.0,0.146,23.2,0,0
B105965,Agriculture,Digital Lender,44,51365.0,15,1,0.671,0.817,2,405775.0,0.395,148.0,0,0
B105966,Personal/Household,Digital Lender,35,8706.0,31,5,0.748,0.59,1,21124.0,0.121,292.6,0,0
B105967,Agriculture,MFI,38,19846.0,6,1,0.711,0.775,3,163898.0,0.413,32.7,0,0
B105968,Transport,Bank,38,38140.0,1,3,0.772,0.455,1,191922.0,0.252,10.9,0,1
B105969,Personal/Household,Bank,18,37877.0,72,2,0.384,0.612,1,156718.0,0.207,13.6,0,0
B105970,Real Estate,Digital Lender,18,39510.0,54,3,0.836,0.459,0,135304.0,0.171,29.9,0,0
B105971,Trade,SACCO,37,33327.0,100,3,0.782,0.698,2,282889.0,0.424,19.5,1,0
B105972,Manufacturing,Bank,26,15847.0,4,2,0.655,0.363,2,128072.0,0.404,11.5,0,0
B105973,Services,Digital Lender,19,19370.0,41,2,0.8,0.729,1,168184.0,0.434,194.7,1,0
B105974,Services,Digital Lender,27,106299.0,31,3,0.874,0.502,2,931662.0,0.438,208.4,0,1
B105975,Agriculture,Digital Lender,44,14874.0,23,3,0.681,0.865,1,120302.0,0.404,215.7,0,0
B105976,Personal/Household,SACCO,39,13649.0,14,2,0.526,0.674,0,115548.0,0.423,19.2,1,0
B105977,Agriculture,Digital Lender,43,43215.0,3,5,0.633,0.442,4,212936.0,0.246,243.6,0,1
B105978,Trade,Digital Lender,40,16604.0,8,5,0.785,0.505,0,101457.0,0.305,142.1,0,1
B105979,Transport,Bank,26,79676.0,41,5,0.554,0.664,2,623988.0,0.392,13.7,0,0
B105980,Manufacturing,Digital Lender,43,133779.0,64,2,0.922,0.365,1,309744.0,0.116,275.1,0,0
B105981,Manufacturing,MFI,41,26042.0,13,0,0.831,0.98,3,204397.0,0.392,25.8,0,0
B105982,Personal/Household,Digital Lender,34,35249.0,23,2,0.798,0.322,4,284148.0,0.403,95.5,0,1
B105983,Agriculture,Digital Lender,36,10899.0,4,1,0.688,0.629,1,25229.0,0.116,80.6,0,0
B105984,Transport,SACCO,43,52438.0,19,2,0.828,0.804,2,154012.0,0.147,8.0,0,0
B105985,Agriculture,Bank,28,8680.0,33,1,0.963,0.527,3,53230.0,0.307,13.9,0,0
B105986,Trade,Bank,46,14232.0,90,1,0.584,0.722,2,39162.0,0.138,13.7,0,0
B105987,Agriculture,Bank,41,31737.0,17,1,0.756,0.489,0,65817.0,0.104,15.4,0,0
B105988,Services,SACCO,35,40183.0,123,1,0.72,0.301,4,148832.0,0.185,11.0,0,0
B105989,Manufacturing,Digital Lender,50,13146.0,37,3,0.979,0.397,1,61567.0,0.234,8.0,0,0
B105990,Trade,Bank,22,22062.0,73,1,0.997,0.745,4,147970.0,0.335,15.7,0,0
B105991,Personal/Household,Bank,30,11922.0,14,1,0.782,0.781,3,50536.0,0.212,12.3,1,0
B105992,Services,SACCO,28,24975.0,31,2,0.809,0.788,1,152162.0,0.305,10.4,0,0
B105993,Services,Bank,39,19141.0,6,1,0.782,0.577,3,43206.0,0.113,14.2,1,0
B105994,Manufacturing,Bank,47,20960.0,9,1,0.618,0.529,3,181540.0,0.433,14.3,0,1
B105995,Agriculture,Bank,25,42539.0,19,3,0.605,0.738,1,169821.0,0.2,13.8,0,0
B105996,Transport,SACCO,68,34713.0,22,2,0.745,0.567,1,232267.0,0.335,13.7,1,0
B105997,Personal/Household,SACCO,28,40484.0,58,1,0.899,0.799,0,261735.0,0.323,14.5,0,0
B105998,Personal/Household,Digital Lender,39,27693.0,61,4,0.489,0.875,1,45271.0,0.082,147.9,0,0
B105999,Personal/Household,Bank,35,44104.0,60,1,0.961,0.622,1,161101.0,0.183,13.0,0,0
B106000,Real Estate,Bank,35,29164.0,21,1,0.675,0.551,3,46857.0,0.08,14.3,0,1
B106001,Trade,Digital Lender,27,22691.0,40,6,0.623,0.555,4,70794.0,0.156,36.8,0,0
B106002,Manufacturing,Digital Lender,46,40693.0,70,1,0.929,0.719,2,291744.0,0.358,333.2,1,0
B106003,Trade,Bank,26,23556.0,3,2,0.885,0.771,3,111015.0,0.236,11.5,0,0
B106004,Trade,Digital Lender,18,24805.0,5,4,0.547,0.576,0,116465.0,0.235,57.1,0,1
B106005,Manufacturing,Digital Lender,24,53506.0,28,2,0.912,0.741,1,96771.0,0.09,85.3,0,0
B106006,Transport,Digital Lender,49,50805.0,95,5,0.941,0.494,0,445717.0,0.439,100.9,0,0
B106007,Personal/Household,MFI,48,25250.0,27,4,0.626,0.672,2,116757.0,0.231,27.6,0,0
B106008,Personal/Household,Bank,18,48054.0,100,2,0.981,0.471,1,188474.0,0.196,17.1,0,0
B106009,Personal/Household,Bank,43,14721.0,10,2,0.932,0.765,3,69520.0,0.236,14.3,0,0
B106010,Personal/Household,Digital Lender,18,25330.0,135,2,0.732,0.621,1,118930.0,0.235,217.4,0,0
B106011,Personal/Household,Digital Lender,35,19663.0,53,3,0.58,0.89,2,168929.0,0.43,242.3,0,0
B106012,Trade,MFI,23,29704.0,14,1,0.638,0.685,1,87535.0,0.147,18.9,0,0
B106013,Transport,Bank,44,44535.0,2,1,0.806,0.616,2,380158.0,0.427,14.2,0,0
B106014,Trade,Bank,41,40361.0,22,2,0.896,0.735,2,64562.0,0.08,18.6,0,0
B106015,Trade,SACCO,45,37451.0,2,0,0.408,0.586,3,272148.0,0.363,14.1,0,0
B106016,Trade,Digital Lender,32,32068.0,15,2,0.946,0.571,3,268788.0,0.419,135.6,0,0
B106017,Personal/Household,Bank,33,27237.0,45,4,0.729,0.597,1,83165.0,0.153,17.7,0,0
B106018,Personal/Household,SACCO,20,57564.0,7,2,0.751,0.802,2,281189.0,0.244,18.9,0,0
B106019,Services,MFI,25,12701.0,13,1,0.753,0.789,2,82993.0,0.327,12.8,0,0
B106020,Services,Digital Lender,44,20605.0,87,4,0.838,0.583,3,140369.0,0.341,105.6,0,0
B106021,Services,Digital Lender,39,37280.0,13,1,0.657,0.468,1,332600.0,0.446,57.1,0,0
B106022,Trade,Bank,36,68895.0,0,2,0.685,0.852,1,134270.0,0.097,15.7,0,0
B106023,Personal/Household,SACCO,48,24582.0,6,1,0.7,0.878,3,154418.0,0.314,15.1,0,0
B106024,Personal/Household,Digital Lender,22,25758.0,32,5,0.627,0.543,1,221719.0,0.43,48.8,0,0
B106025,Personal/Household,Digital Lender,42,14626.0,1,2,0.569,0.589,1,92767.0,0.317,172.1,1,0
B106026,Trade,SACCO,23,22074.0,3,3,0.743,0.347,3,116697.0,0.264,8.0,0,0
B106027,Trade,Bank,50,43894.0,7,2,0.873,0.784,0,342072.0,0.39,16.3,0,0
B106028,Services,MFI,40,70871.0,85,3,0.798,0.731,1,172604.0,0.122,15.3,0,0
B106029,Trade,SACCO,45,25303.0,11,1,0.945,0.701,0,45383.0,0.09,17.1,0,0
B106030,Agriculture,Bank,28,19160.0,9,2,0.584,0.891,1,83617.0,0.218,19.5,0,0
B106031,Real Estate,Digital Lender,57,30895.0,27,1,0.886,0.819,3,97290.0,0.157,161.6,0,0
B106032,Trade,Bank,55,12233.0,0,2,0.835,0.543,0,55574.0,0.227,16.5,1,0
B106033,Trade,Digital Lender,39,58663.0,28,5,0.452,0.789,2,513576.0,0.438,188.4,0,0
B106034,Services,MFI,47,15110.0,74,0,0.569,0.915,0,99305.0,0.329,13.1,0,0
B106035,Personal/Household,Bank,32,35333.0,53,1,0.233,0.703,0,217031.0,0.307,15.5,0,0
B106036,Services,MFI,22,35047.0,20,2,0.927,0.881,3,296135.0,0.422,20.0,0,0
B106037,Agriculture,SACCO,43,41993.0,2,2,0.812,0.729,2,76747.0,0.091,8.0,0,0
B106038,Agriculture,Digital Lender,26,34220.0,16,6,0.709,0.812,0,283268.0,0.414,103.8,0,1
B106039,Real Estate,MFI,48,29777.0,53,1,0.806,0.813,0,116546.0,0.196,20.0,0,0
B106040,Real Estate,Bank,45,37636.0,36,5,0.897,0.935,1,268241.0,0.356,15.5,0,0
B106041,Trade,Digital Lender,37,47055.0,61,0,0.862,0.775,1,94308.0,0.1,8.0,0,0
B106042,Personal/Household,MFI,37,79862.0,5,2,0.942,0.684,1,706080.0,0.442,19.9,0,0
B106043,Services,Bank,45,16214.0,22,3,0.86,0.689,0,40191.0,0.124,13.7,0,0
B106044,Manufacturing,Digital Lender,38,10813.0,8,2,0.616,0.874,3,24434.0,0.113,29.1,0,0
B106045,Real Estate,Bank,31,12698.0,8,1,0.533,0.451,2,62769.0,0.247,15.2,0,0
B106046,Real Estate,Bank,20,10968.0,0,1,0.579,0.567,1,25097.0,0.114,13.2,0,0
B106047,Trade,MFI,45,15370.0,5,3,0.94,0.305,3,79403.0,0.258,15.5,0,1
B106048,Agriculture,SACCO,39,14334.0,58,3,0.823,0.816,1,95860.0,0.334,15.0,1,0
B106049,Manufacturing,MFI,63,23647.0,3,2,0.608,0.752,2,98649.0,0.209,19.3,0,1
B106050,Real Estate,Digital Lender,34,47587.0,2,5,0.946,0.607,2,323706.0,0.34,308.3,0,0
B106051,Manufacturing,Bank,38,41964.0,15,0,0.775,0.827,0,110734.0,0.132,12.0,0,0
B106052,Personal/Household,Digital Lender,38,21116.0,31,4,0.555,0.731,3,111147.0,0.263,242.6,0,0
B106053,Agriculture,Bank,42,22143.0,1,0,0.708,0.839,2,44976.0,0.102,12.5,0,0
B106054,Trade,Bank,25,89853.0,69,0,0.92,0.422,3,275243.0,0.153,13.5,0,0
B106055,Trade,Bank,34,41239.0,8,1,0.871,0.785,0,347698.0,0.422,15.3,0,0
B106056,Trade,Bank,43,32695.0,9,2,0.602,0.783,1,260373.0,0.398,15.5,0,0
B106057,Manufacturing,MFI,32,31787.0,28,4,0.593,0.723,0,193377.0,0.304,15.5,0,0
B106058,Personal/Household,Digital Lender,43,25360.0,3,0,0.545,0.863,3,145968.0,0.288,263.0,0,0
B106059,Services,Digital Lender,36,89476.0,7,2,0.907,0.578,0,779188.0,0.435,70.8,0,0
B106060,Transport,SACCO,39,26785.0,81,3,0.792,0.944,1,119613.0,0.223,11.7,0,0
B106061,Real Estate,Bank,47,32277.0,26,1,0.719,0.766,2,266073.0,0.412,15.1,0,0
B106062,Trade,Digital Lender,33,12006.0,25,2,0.808,0.549,1,64586.0,0.269,189.4,0,0
B106063,Real Estate,Bank,20,20952.0,81,2,0.766,0.544,1,185764.0,0.443,14.7,0,0
B106064,Agriculture,SACCO,32,21963.0,60,2,0.723,0.554,1,118000.0,0.269,15.8,0,0
B106065,Personal/Household,SACCO,27,38850.0,22,0,0.858,0.87,3,140253.0,0.181,14.3,0,0
B106066,Manufacturing,Bank,18,19412.0,37,1,0.642,0.704,3,81925.0,0.211,13.4,0,0
B106067,Agriculture,MFI,34,30533.0,34,1,0.695,0.728,3,205681.0,0.337,19.4,0,0
B106068,Agriculture,Digital Lender,37,21301.0,46,2,0.669,0.368,3,92341.0,0.217,63.0,0,0
B106069,Trade,Bank,45,16230.0,21,1,0.692,0.664,2,91603.0,0.282,12.0,0,0
B106070,Services,SACCO,24,15872.0,30,1,0.391,0.362,2,46625.0,0.147,11.6,0,0
B106071,Trade,Digital Lender,36,27028.0,18,3,0.406,0.522,1,145468.0,0.269,148.5,0,0
B106072,Trade,Bank,46,31467.0,7,0,0.628,0.705,0,99868.0,0.159,16.2,0,1
B106073,Trade,Bank,29,26728.0,11,0,0.634,0.674,4,211048.0,0.395,12.5,0,0
B106074,Personal/Household,MFI,40,18806.0,58,2,0.451,0.481,0,49424.0,0.131,16.5,0,0
B106075,Manufacturing,Digital Lender,51,27563.0,4,4,0.961,0.663,2,208212.0,0.378,39.5,0,0
B106076,Transport,MFI,18,24897.0,5,1,0.693,0.579,1,138280.0,0.278,14.0,0,0
B106077,Agriculture,MFI,38,16764.0,4,0,0.437,0.357,3,124253.0,0.371,20.1,0,0
B106078,Trade,Bank,47,31123.0,58,2,0.741,0.712,1,125941.0,0.202,20.3,0,0
B106079,Personal/Household,Digital Lender,31,80473.0,4,4,0.478,0.911,0,666833.0,0.414,127.8,0,1
B106080,Trade,Digital Lender,49,27384.0,4,6,0.939,0.754,3,196761.0,0.359,26.9,0,0
B106081,Trade,SACCO,41,13312.0,85,2,0.605,0.228,1,100938.0,0.379,13.3,0,0
B106082,Manufacturing,Digital Lender,53,66683.0,12,3,0.993,0.348,1,545119.0,0.409,228.8,1,0
B106083,Trade,SACCO,41,59362.0,47,4,0.472,0.687,1,208337.0,0.175,18.5,0,0
B106084,Trade,Digital Lender,54,65375.0,16,3,0.852,0.544,4,110710.0,0.085,272.7,0,0
B106085,Personal/Household,Bank,38,29050.0,65,3,0.757,0.826,1,207932.0,0.358,13.2,0,1
B106086,Manufacturing,Bank,21,19323.0,7,1,0.901,0.557,1,49082.0,0.127,13.8,0,0
B106087,Agriculture,Digital Lender,29,18194.0,68,3,0.721,0.552,0,52905.0,0.145,218.3,0,0
B106088,Agriculture,MFI,45,55697.0,17,0,0.9,0.665,1,425179.0,0.382,18.9,0,0
B106089,Personal/Household,Bank,45,71915.0,59,1,0.993,0.382,4,209239.0,0.145,13.4,0,0
B106090,Trade,Digital Lender,32,17922.0,14,5,0.923,0.795,1,140950.0,0.393,92.9,0,1
B106091,Trade,SACCO,53,8000.0,12,3,0.636,0.605,3,44316.0,0.277,10.2,0,0
B106092,Transport,Bank,31,29443.0,106,0,0.699,0.623,1,214825.0,0.365,13.7,0,0
B106093,Transport,Bank,40,18082.0,57,2,0.953,0.571,1,146610.0,0.405,16.4,0,0
B106094,Services,MFI,39,20151.0,69,0,0.709,0.909,2,129044.0,0.32,31.2,1,1
B106095,Agriculture,Bank,22,26081.0,8,2,0.57,0.492,5,196369.0,0.376,16.4,0,1
B106096,Trade,Bank,34,37251.0,35,1,0.739,0.689,2,194932.0,0.262,16.6,0,0
B106097,Manufacturing,MFI,59,19350.0,56,1,0.75,0.519,0,134520.0,0.348,21.5,1,1
B106098,Transport,Digital Lender,26,32043.0,37,3,0.968,0.764,2,149534.0,0.233,109.5,0,1
B106099,Trade,MFI,41,27740.0,36,1,0.606,0.702,2,211563.0,0.381,17.8,0,0
B106100,Manufacturing,Bank,23,8367.0,1,1,0.917,0.688,3,49451.0,0.295,16.1,0,0
B106101,Trade,SACCO,26,40124.0,17,0,0.679,0.816,2,120498.0,0.15,12.4,0,0
B106102,Personal/Household,Bank,21,23201.0,14,2,0.798,0.731,2,107011.0,0.231,12.0,0,0
B106103,Personal/Household,Bank,44,14837.0,34,2,0.912,0.887,1,25473.0,0.086,13.8,0,0
B106104,Real Estate,Bank,26,19944.0,14,2,0.523,0.804,1,94350.0,0.237,16.5,0,1
B106105,Services,SACCO,48,33244.0,14,1,0.807,0.884,2,282748.0,0.425,9.8,0,0
B106106,Services,Bank,30,30498.0,9,0,0.851,0.684,3,178411.0,0.292,11.7,0,1
B106107,Trade,MFI,36,42380.0,20,3,0.618,0.601,1,279836.0,0.33,23.4,0,0
B106108,Agriculture,SACCO,39,37802.0,11,0,0.768,0.576,1,64873.0,0.086,11.6,0,0
B106109,Transport,Digital Lender,19,15609.0,9,3,0.954,0.832,1,118568.0,0.38,77.7,0,0
B106110,Trade,SACCO,37,8000.0,12,5,0.808,0.637,1,65649.0,0.41,14.9,0,0
B106111,Real Estate,Digital Lender,38,31777.0,5,5,0.892,0.549,0,264330.0,0.416,106.4,0,0
B106112,Agriculture,SACCO,46,42067.0,70,1,0.951,0.698,4,99443.0,0.118,14.3,0,0
B106113,Services,Bank,25,26600.0,44,2,0.674,0.659,2,196063.0,0.369,17.0,0,0
B106114,Real Estate,Bank,27,42759.0,23,1,0.539,0.673,3,220470.0,0.258,15.0,0,0
B106115,Personal/Household,Bank,42,17139.0,29,1,0.837,0.678,2,78829.0,0.23,15.6,0,0
B106116,Real Estate,Bank,49,24580.0,24,2,0.862,0.879,4,209452.0,0.426,13.7,0,1
B106117,Trade,Bank,29,17920.0,25,4,0.819,0.808,1,50072.0,0.14,15.5,0,0
B106118,Personal/Household,Bank,23,43631.0,17,2,0.773,0.561,2,300017.0,0.344,14.1,0,0
B106119,Trade,SACCO,32,18021.0,16,2,0.637,0.629,1,131560.0,0.365,14.3,0,0
B106120,Trade,SACCO,25,92311.0,54,0,0.703,0.568,5,157887.0,0.086,13.4,0,1
B106121,Agriculture,Bank,39,22559.0,32,2,0.808,0.819,3,55545.0,0.123,15.2,0,0
B106122,Personal/Household,MFI,24,46120.0,101,1,0.893,0.749,0,272313.0,0.295,20.8,0,0
B106123,Agriculture,Bank,45,22719.0,8,2,0.952,0.784,1,124851.0,0.275,19.5,0,0
B106124,Trade,MFI,37,62050.0,11,3,0.813,0.528,1,526982.0,0.425,24.6,0,1
B106125,Agriculture,MFI,45,60763.0,10,4,0.705,0.605,1,212145.0,0.175,18.9,0,1
B106126,Agriculture,Bank,18,24883.0,42,1,0.638,0.694,1,212171.0,0.426,16.2,0,0
B106127,Trade,Bank,18,34582.0,18,0,0.752,0.502,2,79369.0,0.115,12.0,0,0
B106128,Manufacturing,Digital Lender,48,59915.0,9,3,0.859,0.897,1,447988.0,0.374,233.3,0,0
B106129,Trade,MFI,28,35150.0,33,1,0.635,0.928,2,160823.0,0.229,15.2,0,0
B106130,Agriculture,MFI,20,17919.0,18,3,0.848,0.714,1,27362.0,0.076,32.3,0,0
B106131,Transport,Bank,33,30901.0,39,1,0.642,0.549,8,156645.0,0.253,14.3,0,0
B106132,Personal/Household,Bank,37,19702.0,10,1,0.892,0.655,2,31077.0,0.079,15.5,0,0
B106133,Agriculture,Bank,33,32307.0,20,1,0.635,0.174,4,266356.0,0.412,13.3,0,0
B106134,Agriculture,Digital Lender,40,19281.0,5,0,0.662,0.472,2,43247.0,0.112,173.7,0,0
B106135,Agriculture,Bank,38,36499.0,71,0,0.841,0.706,1,309774.0,0.424,15.0,0,0
B106136,Services,Bank,38,11116.0,32,1,0.707,0.514,0,57897.0,0.26,11.8,0,0
B106137,Trade,Digital Lender,48,16041.0,19,1,0.473,0.66,3,87779.0,0.274,256.0,0,0
B106138,Trade,MFI,35,19220.0,3,0,0.418,0.625,2,167995.0,0.437,24.1,0,0
B106139,Real Estate,Bank,35,27225.0,23,0,0.647,0.611,1,129008.0,0.237,16.6,0,0
B106140,Trade,SACCO,43,12944.0,3,1,0.867,0.694,1,78566.0,0.303,17.8,0,0
B106141,Trade,MFI,41,18290.0,21,1,0.738,0.475,3,105316.0,0.288,22.8,0,0
B106142,Trade,Digital Lender,26,45614.0,18,0,0.677,0.797,2,331758.0,0.364,192.4,0,0
B106143,Transport,Bank,34,48700.0,39,1,0.646,0.512,1,139388.0,0.143,14.4,0,0
B106144,Transport,Digital Lender,39,8000.0,3,2,0.914,0.863,1,34915.0,0.218,165.3,0,0
B106145,Transport,Bank,29,21532.0,25,1,0.654,0.905,2,178611.0,0.415,13.1,0,0
B106146,Personal/Household,Digital Lender,30,59944.0,11,1,0.676,0.886,2,345338.0,0.288,196.0,0,1
B106147,Agriculture,Digital Lender,21,36766.0,9,1,0.959,0.775,1,174651.0,0.238,76.8,0,1
B106148,Services,Digital Lender,18,37199.0,13,4,0.715,0.468,1,244280.0,0.328,109.0,0,1
B106149,Personal/Household,Digital Lender,31,40550.0,18,1,0.926,0.524,2,327135.0,0.403,140.7,0,0
B106150,Personal/Household,SACCO,36,17546.0,17,1,0.596,0.561,2,103330.0,0.294,14.8,0,0
B106151,Personal/Household,Bank,24,33447.0,73,0,0.836,0.646,1,185991.0,0.278,16.4,0,0
B106152,Agriculture,Bank,49,38540.0,25,3,0.779,0.841,5,308134.0,0.4,16.7,0,0
B106153,Agriculture,Bank,25,31536.0,21,1,0.509,0.863,2,162134.0,0.257,14.1,0,0
B106154,Real Estate,MFI,44,23945.0,28,1,0.504,0.691,1,194747.0,0.407,20.3,0,0
B106155,Trade,Bank,39,28957.0,30,0,0.534,0.658,0,253996.0,0.439,13.7,0,0
B106156,Real Estate,SACCO,57,15882.0,1,3,0.523,0.753,2,93291.0,0.294,16.7,0,1
B106157,Trade,SACCO,40,41680.0,10,0,0.639,0.721,3,292927.0,0.351,12.9,0,0
B106158,Trade,Digital Lender,21,13502.0,6,3,0.742,0.839,2,67803.0,0.251,18.1,0,0
B106159,Services,MFI,46,18978.0,16,3,0.699,0.598,3,157251.0,0.414,20.2,0,0
B106160,Personal/Household,Digital Lender,52,43260.0,32,4,0.579,0.816,3,193361.0,0.223,114.0,0,0
B106161,Manufacturing,SACCO,18,34879.0,62,2,0.71,0.871,1,303808.0,0.436,12.0,0,0
B106162,Agriculture,Digital Lender,41,22782.0,20,1,0.879,0.798,2,124458.0,0.273,121.7,0,0
B106163,Manufacturing,Digital Lender,44,11593.0,1,1,0.72,0.957,0,89348.0,0.385,194.7,0,0
B106164,Services,Bank,33,28988.0,21,1,0.918,0.665,0,88377.0,0.152,11.9,0,0
B106165,Transport,Bank,18,21024.0,21,1,0.959,0.246,3,61643.0,0.147,14.3,0,0
B106166,Transport,Digital Lender,32,38725.0,9,1,0.96,0.777,2,141666.0,0.183,189.1,0,0
B106167,Real Estate,SACCO,29,22379.0,41,3,0.841,0.448,3,185171.0,0.414,14.2,0,0
B106168,Agriculture,Digital Lender,50,11352.0,10,2,0.854,0.809,0,24493.0,0.108,143.7,0,1
B106169,Personal/Household,Digital Lender,34,13890.0,37,7,0.77,0.612,4,72444.0,0.261,136.5,0,0
B106170,Services,SACCO,31,23509.0,42,2,0.559,0.784,1,87392.0,0.186,12.9,0,0
B106171,Real Estate,Digital Lender,29,31566.0,44,3,0.812,0.87,2,212922.0,0.337,252.6,1,0
B106172,Real Estate,Digital Lender,38,15676.0,32,3,0.823,0.53,1,88761.0,0.283,46.9,0,1
B106173,Real Estate,Digital Lender,36,19591.0,1,3,0.659,0.495,2,31767.0,0.081,303.5,0,0
B106174,Real Estate,Bank,27,45975.0,38,1,0.576,0.927,0,73217.0,0.08,14.5,0,0
B106175,Services,Bank,38,54738.0,7,1,0.631,0.377,1,100710.0,0.092,13.9,0,0
B106176,Personal/Household,Bank,29,34624.0,39,4,0.8,0.53,1,150196.0,0.217,15.0,0,0
B106177,Agriculture,MFI,18,25418.0,48,2,0.962,0.818,1,176429.0,0.347,21.0,0,0
B106178,Agriculture,Digital Lender,42,21125.0,2,2,0.972,0.906,4,59088.0,0.14,166.3,0,0
B106179,Real Estate,Digital Lender,41,39998.0,11,4,0.815,0.67,3,233111.0,0.291,270.3,1,1
B106180,Trade,MFI,37,24984.0,7,2,0.712,0.776,1,97815.0,0.196,23.7,0,0
B106181,Manufacturing,Bank,31,49319.0,61,1,0.796,0.471,4,324295.0,0.329,16.3,0,0
B106182,Personal/Household,MFI,34,50766.0,44,2,0.775,0.679,1,104733.0,0.103,19.7,0,0
B106183,Transport,Digital Lender,43,37255.0,1,3,0.649,0.748,2,59439.0,0.08,98.1,0,0
B106184,Trade,SACCO,29,22614.0,4,1,0.939,0.666,2,112941.0,0.25,14.2,0,0
B106185,Personal/Household,Bank,44,23595.0,20,1,0.78,0.842,1,73296.0,0.155,14.9,0,0
B106186,Personal/Household,Bank,20,12040.0,95,3,0.766,0.592,1,38394.0,0.159,12.1,0,0
B106187,Agriculture,MFI,37,28884.0,39,0,0.728,0.643,4,82279.0,0.142,16.2,0,0
B106188,Transport,MFI,35,28395.0,24,0,0.911,0.712,0,166151.0,0.293,24.8,1,0
B106189,Transport,Digital Lender,45,13938.0,31,8,0.96,0.484,1,121331.0,0.435,72.7,0,0
B106190,Personal/Household,Digital Lender,26,109129.0,27,2,0.727,0.936,1,323116.0,0.148,53.4,0,0
B106191,Trade,Bank,27,40374.0,1,1,0.752,0.742,2,69167.0,0.086,11.6,0,0
B106192,Trade,Bank,21,18728.0,17,1,0.855,0.699,3,55655.0,0.149,15.6,0,0
B106193,Manufacturing,Bank,29,92024.0,1,1,0.959,0.801,1,477860.0,0.26,15.0,0,0
B106194,Trade,Bank,38,22633.0,12,2,0.836,0.509,2,118039.0,0.261,16.7,0,0
B106195,Real Estate,MFI,18,46943.0,19,4,0.774,0.619,0,413767.0,0.441,22.1,0,0
B106196,Personal/Household,Bank,31,31201.0,1,1,0.714,0.723,1,193584.0,0.31,12.8,0,0
B106197,Trade,Bank,41,23064.0,29,1,0.838,0.703,1,151812.0,0.329,11.3,0,0
B106198,Real Estate,Digital Lender,34,24703.0,7,5,0.762,0.586,1,67289.0,0.136,265.4,0,0
B106199,Services,Bank,36,65523.0,5,2,0.8,0.777,3,128246.0,0.098,13.5,0,0
B106200,Manufacturing,Digital Lender,20,48143.0,11,5,0.85,0.576,3,194726.0,0.202,205.7,1,1
B106201,Manufacturing,Bank,34,27797.0,49,2,0.668,0.748,1,145923.0,0.262,15.1,0,0
B106202,Manufacturing,Bank,35,9627.0,6,1,0.708,0.675,2,70784.0,0.368,13.6,0,1
B106203,Trade,Bank,33,35152.0,57,5,0.479,0.706,0,226975.0,0.323,14.4,0,0
B106204,Trade,Bank,37,14980.0,54,2,0.856,0.954,3,65085.0,0.217,15.5,0,0
B106205,Transport,Bank,32,39984.0,14,2,0.655,0.644,2,359184.0,0.449,16.8,0,0
B106206,Real Estate,Digital Lender,30,20076.0,5,1,0.865,0.821,2,111048.0,0.277,181.0,0,0
B106207,Agriculture,Digital Lender,25,21265.0,10,4,0.651,0.519,4,92424.0,0.217,185.3,0,1
B106208,Trade,Bank,45,20932.0,12,0,0.522,0.883,1,58660.0,0.14,13.1,0,0
B106209,Personal/Household,Bank,23,52119.0,8,0,0.732,0.812,3,412857.0,0.396,17.5,0,0
B106210,Trade,Bank,37,11255.0,5,1,0.875,0.817,3,94907.0,0.422,14.0,0,0
B106211,Personal/Household,Digital Lender,53,44612.0,33,1,0.535,0.803,0,240108.0,0.269,392.3,0,0
B106212,Real Estate,Bank,46,35892.0,41,0,0.937,0.602,2,132998.0,0.185,11.7,1,1
B106213,Transport,Bank,40,28568.0,38,0,0.686,0.799,2,112086.0,0.196,13.2,0,0
B106214,Agriculture,Digital Lender,37,23239.0,0,5,0.751,0.717,2,95719.0,0.206,8.0,0,0
B106215,Trade,Digital Lender,34,38854.0,3,1,0.911,0.543,1,243760.0,0.314,195.7,1,0
B106216,Manufacturing,SACCO,26,23341.0,35,3,0.753,0.546,1,84568.0,0.181,13.8,0,0
B106217,Personal/Household,Bank,32,23226.0,43,2,0.833,0.641,2,59247.0,0.128,15.5,0,0
B106218,Trade,Bank,41,30794.0,43,0,0.797,0.976,2,130958.0,0.213,15.6,0,0
B106219,Real Estate,Bank,39,76563.0,34,3,0.783,0.53,1,285719.0,0.187,16.5,0,0
B106220,Real Estate,SACCO,43,12938.0,12,1,0.557,0.876,3,35304.0,0.136,10.9,0,0
B106221,Trade,Digital Lender,47,39159.0,116,6,0.705,0.921,5,207913.0,0.265,138.0,0,1
B106222,Manufacturing,Bank,33,27483.0,135,1,0.796,0.774,3,152014.0,0.277,15.3,0,0
B106223,Trade,Digital Lender,37,26335.0,36,2,0.697,0.793,6,60612.0,0.115,213.4,0,0
B106224,Manufacturing,MFI,18,12838.0,21,1,0.486,0.733,1,109144.0,0.425,26.4,0,0
B106225,Trade,Digital Lender,58,11320.0,37,1,0.83,0.725,2,92432.0,0.408,122.9,0,0
B106226,Manufacturing,Bank,31,35845.0,132,1,0.88,0.535,1,248506.0,0.347,14.0,0,0
B106227,Agriculture,Bank,42,14792.0,1,3,0.732,0.526,4,113914.0,0.385,12.6,0,1
B106228,Real Estate,Bank,31,52000.0,7,1,0.52,0.719,3,130091.0,0.125,16.4,0,0
B106229,Real Estate,SACCO,31,17005.0,13,2,0.595,0.621,2,100229.0,0.295,12.0,1,0
B106230,Services,Bank,33,40257.0,30,0,0.756,0.591,1,236134.0,0.293,15.8,0,0
B106231,Manufacturing,Bank,23,21659.0,17,3,0.684,0.808,2,48483.0,0.112,14.3,0,0
B106232,Personal/Household,Digital Lender,18,21095.0,13,6,0.744,0.641,2,74646.0,0.177,101.4,0,0
B106233,Agriculture,SACCO,47,17987.0,7,1,0.697,0.767,1,33813.0,0.094,12.4,0,0
B106234,Agriculture,SACCO,40,37807.0,31,1,0.879,0.633,4,180203.0,0.238,12.6,0,0
B106235,Trade,SACCO,26,44071.0,102,1,0.792,0.762,1,206326.0,0.234,14.5,0,1
B106236,Real Estate,SACCO,40,24996.0,5,2,0.982,0.67,1,119410.0,0.239,9.4,0,0
B106237,Transport,SACCO,43,41158.0,1,2,0.689,0.926,2,72676.0,0.088,13.2,0,0
B106238,Personal/Household,Bank,28,29940.0,15,2,0.767,0.674,6,226906.0,0.379,17.9,1,0
B106239,Manufacturing,Bank,39,14274.0,31,1,0.784,0.771,0,107246.0,0.376,15.3,0,0
B106240,Transport,MFI,45,36614.0,145,3,0.441,0.918,3,229685.0,0.314,22.2,0,0
B106241,Trade,Bank,21,25203.0,15,0,0.822,0.513,0,102911.0,0.204,12.0,0,0
B106242,Trade,MFI,40,8000.0,127,2,0.63,0.681,1,28099.0,0.176,17.5,0,0
B106243,Personal/Household,MFI,39,23982.0,12,4,0.84,0.768,2,99218.0,0.207,22.3,0,0
B106244,Trade,Bank,54,11714.0,29,2,0.925,0.736,3,28204.0,0.12,16.7,0,0
B106245,Trade,Digital Lender,41,15103.0,18,2,0.677,0.64,1,84865.0,0.281,43.7,0,0
B106246,Services,SACCO,31,25928.0,81,3,0.761,0.798,0,92330.0,0.178,17.3,0,0
B106247,Services,MFI,32,28528.0,17,1,0.812,0.389,2,190036.0,0.333,15.8,1,0
B106248,Transport,Digital Lender,55,18783.0,25,3,0.977,0.594,1,38996.0,0.104,244.2,0,0
B106249,Agriculture,Bank,31,39736.0,131,1,0.586,0.917,2,87477.0,0.11,13.1,1,1
B106250,Personal/Household,Bank,41,27918.0,35,3,0.51,0.591,2,93678.0,0.168,12.3,0,0
B106251,Trade,Bank,33,23548.0,24,2,0.616,0.743,0,146938.0,0.312,16.7,0,0
B106252,Real Estate,MFI,46,30451.0,52,1,0.554,0.81,1,86907.0,0.143,19.7,0,0
B106253,Agriculture,Bank,46,57687.0,21,3,0.589,0.423,2,438282.0,0.38,11.6,1,1
B106254,Services,Digital Lender,35,9112.0,7,3,0.944,0.561,0,79059.0,0.434,195.2,0,1
B106255,Services,Bank,31,60763.0,14,1,0.823,0.651,1,438080.0,0.36,16.4,1,0
B106256,Transport,MFI,31,21181.0,138,1,0.781,0.519,5,123380.0,0.291,20.2,0,1
B106257,Trade,MFI,18,19372.0,9,1,0.707,0.655,3,54510.0,0.141,21.4,0,0
B106258,Manufacturing,Bank,36,23832.0,37,2,0.834,0.835,2,187346.0,0.393,12.9,0,0
B106259,Agriculture,SACCO,36,18257.0,7,2,0.847,0.349,4,59004.0,0.162,13.6,0,1
B106260,Services,SACCO,27,16777.0,42,2,0.96,0.672,1,92826.0,0.277,12.0,0,0
B106261,Trade,Digital Lender,18,47370.0,7,5,0.667,0.354,1,281194.0,0.297,242.5,0,0
B106262,Trade,SACCO,37,32462.0,9,0,0.42,0.431,1,118595.0,0.183,13.6,0,0
B106263,Personal/Household,MFI,38,10355.0,39,1,0.792,0.574,2,28117.0,0.136,20.5,0,0
B106264,Real Estate,MFI,39,43078.0,0,1,0.587,0.885,0,228796.0,0.266,22.4,0,0
B106265,Personal/Household,SACCO,25,39761.0,117,3,0.752,0.783,2,75157.0,0.095,11.9,0,0
B106266,Trade,Bank,39,13141.0,38,4,0.846,0.386,4,37363.0,0.142,14.0,0,1
B106267,Personal/Household,MFI,33,32831.0,2,2,0.715,0.753,1,49964.0,0.076,15.3,0,0
B106268,Trade,Bank,44,41825.0,3,1,0.913,0.451,6,122917.0,0.147,12.9,0,0
B106269,Trade,SACCO,25,12303.0,26,4,0.839,0.616,3,88723.0,0.361,15.1,0,0
B106270,Real Estate,Bank,47,34784.0,22,1,0.662,0.673,4,101507.0,0.146,14.6,0,0
B106271,Agriculture,Digital Lender,50,20511.0,37,2,0.688,0.395,4,108926.0,0.266,126.3,0,0
B106272,Transport,Bank,36,40063.0,33,1,0.819,0.711,3,207393.0,0.259,12.1,0,0
B106273,Trade,Bank,39,17792.0,10,2,0.929,0.748,2,102944.0,0.289,15.8,0,0
B106274,Trade,Bank,43,52746.0,24,3,0.661,0.855,1,355718.0,0.337,12.5,0,0
B106275,Personal/Household,Bank,25,26005.0,26,0,0.95,0.475,0,217040.0,0.417,17.3,0,0
B106276,Trade,Bank,30,21201.0,17,1,0.831,0.478,2,103109.0,0.243,15.8,0,0
B106277,Transport,SACCO,37,19983.0,9,2,0.969,0.838,1,76063.0,0.19,8.0,1,1
B106278,Personal/Household,Bank,55,48084.0,8,1,0.709,0.773,2,170826.0,0.178,12.4,0,0
B106279,Trade,Bank,23,19975.0,7,1,0.913,0.435,2,122736.0,0.307,14.3,0,0
B106280,Personal/Household,Bank,51,53276.0,28,3,0.719,0.77,3,426087.0,0.4,9.5,0,0
B106281,Agriculture,Bank,33,33436.0,48,1,0.774,0.833,1,154105.0,0.23,14.2,0,0
B106282,Real Estate,Digital Lender,35,13876.0,77,4,0.813,0.638,1,58500.0,0.211,109.1,0,0
B106283,Trade,Bank,47,30161.0,37,1,0.787,0.707,4,105931.0,0.176,15.7,0,0
B106284,Personal/Household,Digital Lender,55,30509.0,109,3,0.586,0.716,5,141971.0,0.233,291.2,0,0
B106285,Manufacturing,MFI,39,13630.0,32,1,0.707,0.784,0,90598.0,0.332,10.4,0,0
B106286,Manufacturing,MFI,47,29868.0,5,4,0.931,0.429,2,71628.0,0.12,19.4,0,0
B106287,Services,Digital Lender,26,40063.0,78,4,0.878,0.734,3,110848.0,0.138,139.5,1,0
B106288,Agriculture,Bank,30,55298.0,79,3,0.784,0.729,2,140731.0,0.127,11.1,0,0
B106289,Services,Digital Lender,21,53981.0,0,2,0.644,0.671,2,90422.0,0.084,64.4,0,0
B106290,Personal/Household,MFI,30,110632.0,16,1,0.554,0.739,0,462596.0,0.209,19.5,0,0
B106291,Services,Bank,41,29742.0,50,1,0.874,0.876,3,170426.0,0.286,14.1,1,0
B106292,Services,Digital Lender,37,40320.0,4,3,0.755,0.584,3,303048.0,0.376,125.2,0,1
B106293,Services,Bank,52,21302.0,3,2,0.54,0.45,2,179745.0,0.422,16.6,0,0
B106294,Trade,Digital Lender,56,83812.0,4,3,0.482,0.564,4,312667.0,0.187,201.8,0,0
B106295,Personal/Household,Digital Lender,34,18215.0,26,3,0.322,0.782,3,77179.0,0.212,212.6,0,0
B106296,Personal/Household,Bank,28,81763.0,20,1,0.482,0.575,2,194422.0,0.119,16.4,0,1
B106297,Transport,Bank,47,76192.0,28,0,0.995,0.756,1,363099.0,0.238,15.2,0,1
B106298,Agriculture,Digital Lender,48,19309.0,2,4,0.773,0.837,1,80461.0,0.208,122.5,0,0
B106299,Services,Bank,39,52574.0,40,4,0.59,0.79,1,290200.0,0.276,13.4,0,0
B106300,Trade,SACCO,42,38223.0,13,2,0.881,0.801,3,98446.0,0.129,13.9,0,0
B106301,Manufacturing,Bank,40,23704.0,36,1,0.846,0.56,1,166287.0,0.351,13.7,0,1
B106302,Manufacturing,Bank,25,27593.0,16,1,0.893,0.695,4,97856.0,0.177,15.5,0,0
B106303,Trade,MFI,23,34407.0,4,3,0.617,0.435,0,225549.0,0.328,17.0,0,0
B106304,Personal/Household,SACCO,34,36256.0,52,1,0.811,0.799,1,229353.0,0.316,14.8,0,0
B106305,Trade,SACCO,33,67630.0,18,1,0.641,0.667,1,185105.0,0.137,8.1,0,0
B106306,Personal/Household,SACCO,38,40708.0,3,0,0.727,0.726,1,166030.0,0.204,16.8,0,0
B106307,Personal/Household,Bank,34,19469.0,20,0,0.905,0.713,0,69992.0,0.18,14.8,0,0
B106308,Agriculture,MFI,18,44756.0,9,1,0.778,0.768,3,256087.0,0.286,20.5,0,0
B106309,Personal/Household,Bank,18,11371.0,12,1,0.429,0.815,0,32333.0,0.142,12.3,0,0
B106310,Trade,Bank,42,24038.0,15,1,0.549,0.855,4,95393.0,0.198,10.8,0,1
B106311,Personal/Household,Bank,28,25345.0,34,1,0.854,0.875,2,152224.0,0.3,15.7,0,0
B106312,Services,SACCO,33,42705.0,27,0,0.882,0.875,1,87408.0,0.102,11.4,0,0
B106313,Trade,Bank,29,78743.0,1,0,0.882,0.552,1,226751.0,0.144,14.1,0,0
B106314,Personal/Household,Bank,26,33514.0,36,1,0.814,0.833,1,80932.0,0.121,12.9,1,0
B106315,Manufacturing,SACCO,26,24373.0,64,1,0.789,0.809,5,181440.0,0.372,9.1,0,0
B106316,Manufacturing,Bank,45,20251.0,14,2,0.561,0.899,4,103586.0,0.256,14.4,0,0
B106317,Personal/Household,Digital Lender,33,47064.0,3,2,0.759,0.479,2,182213.0,0.194,229.5,0,0
B106318,Manufacturing,Bank,41,26711.0,21,1,0.477,0.671,2,97004.0,0.182,13.4,0,0
B106319,Transport,Bank,43,22544.0,98,1,0.832,0.712,2,89526.0,0.199,12.6,0,0
B106320,Agriculture,Digital Lender,38,50172.0,38,3,0.831,0.593,1,86529.0,0.086,200.2,0,0
B106321,Agriculture,SACCO,43,56563.0,10,1,0.978,0.681,4,462757.0,0.409,13.0,0,0
B106322,Personal/Household,Digital Lender,35,17542.0,34,2,0.712,0.801,3,101075.0,0.288,203.6,0,0
B106323,Trade,MFI,49,13054.0,52,2,0.588,0.69,3,91037.0,0.349,23.1,0,0
B106324,Transport,Bank,43,28176.0,21,3,0.762,0.404,1,245845.0,0.436,13.9,1,0
B106325,Trade,SACCO,45,15881.0,20,0,0.711,0.773,1,68847.0,0.217,13.9,0,0
B106326,Personal/Household,MFI,26,14730.0,5,1,0.869,0.727,0,111034.0,0.377,20.8,0,0
B106327,Manufacturing,MFI,38,16775.0,48,1,0.783,0.641,0,144791.0,0.432,20.0,0,0
B106328,Real Estate,Bank,18,52870.0,23,2,0.622,0.69,1,292629.0,0.277,14.6,0,0
B106329,Agriculture,Bank,49,42519.0,0,0,0.772,0.523,7,242804.0,0.286,14.5,0,0
B106330,Real Estate,Bank,29,114877.0,89,2,0.931,0.803,3,791470.0,0.344,13.9,0,0
B106331,Services,Digital Lender,30,20888.0,7,2,0.867,0.646,3,134877.0,0.323,314.1,0,0
B106332,Manufacturing,Bank,21,61785.0,30,3,0.847,0.834,1,475623.0,0.385,12.5,0,0
B106333,Real Estate,Digital Lender,35,39005.0,8,2,0.75,0.978,4,210037.0,0.269,170.3,0,0
B106334,Personal/Household,Bank,32,21894.0,29,1,0.932,0.8,6,154925.0,0.354,11.7,0,0
B106335,Agriculture,MFI,53,27428.0,1,1,0.571,0.689,1,203970.0,0.372,18.1,0,0
B106336,Real Estate,Bank,44,21837.0,16,1,0.63,0.77,2,58543.0,0.134,11.1,0,1
B106337,Agriculture,SACCO,30,34279.0,1,2,0.703,0.519,2,89875.0,0.131,14.6,0,1
B106338,Trade,Digital Lender,18,51159.0,1,5,0.563,0.502,4,168867.0,0.165,33.2,0,1
B106339,Personal/Household,MFI,18,24277.0,8,2,0.49,0.928,2,171002.0,0.352,16.4,0,0
B106340,Personal/Household,Bank,25,47411.0,24,3,0.684,0.391,3,403300.0,0.425,15.4,0,0
B106341,Services,SACCO,22,59825.0,25,0,0.816,0.695,1,173337.0,0.145,9.2,0,0
B106342,Services,Bank,38,67620.0,44,3,0.422,0.56,0,439755.0,0.325,11.5,0,1
B106343,Real Estate,SACCO,34,15598.0,10,2,0.791,0.865,4,29179.0,0.094,13.4,0,1
B106344,Agriculture,SACCO,35,28940.0,51,0,0.708,0.955,3,245199.0,0.424,12.4,0,0
B106345,Transport,Bank,26,43923.0,41,1,0.865,0.904,0,163634.0,0.186,12.7,0,0
B106346,Services,SACCO,37,16355.0,14,3,0.799,0.659,1,54555.0,0.167,17.5,0,0
B106347,Personal/Household,SACCO,21,14469.0,55,2,0.682,0.917,1,58563.0,0.202,13.0,0,0
B106348,Manufacturing,Bank,34,29304.0,57,1,0.766,0.548,2,176618.0,0.301,13.6,0,0
B106349,Personal/Household,Bank,43,23691.0,10,0,0.444,0.833,0,158719.0,0.335,15.2,1,0
B106350,Personal/Household,MFI,31,27044.0,16,3,0.663,0.545,2,204998.0,0.379,22.9,0,0
B106351,Services,Digital Lender,39,22943.0,24,1,0.714,0.523,2,42979.0,0.094,92.1,1,0
B106352,Personal/Household,MFI,18,97532.0,40,4,0.92,0.691,1,172333.0,0.088,20.8,1,0
B106353,Real Estate,MFI,18,23066.0,3,1,0.795,0.501,3,54496.0,0.118,21.4,0,1
B106354,Agriculture,Bank,38,41032.0,33,2,0.792,0.744,2,310333.0,0.378,13.8,0,0
B106355,Manufacturing,Bank,45,39546.0,14,2,0.719,0.764,1,228408.0,0.289,12.7,0,0
B106356,Agriculture,Bank,33,11745.0,41,2,0.833,0.901,2,92924.0,0.396,15.1,0,0
B106357,Services,Bank,56,66594.0,11,0,0.709,0.305,4,406924.0,0.306,20.6,0,0
B106358,Manufacturing,Bank,21,41948.0,115,5,0.988,0.608,2,257385.0,0.307,13.2,0,0
B106359,Real Estate,Bank,28,32413.0,24,1,0.805,0.582,4,171445.0,0.264,13.5,0,0
B106360,Agriculture,SACCO,36,53188.0,2,3,0.898,0.297,4,387777.0,0.365,10.3,0,1
B106361,Transport,SACCO,40,28961.0,2,1,0.846,0.533,2,248543.0,0.429,14.5,0,0
B106362,Manufacturing,Bank,29,48294.0,22,3,0.413,0.662,5,327325.0,0.339,14.0,0,1
B106363,Trade,SACCO,24,10594.0,21,1,0.805,0.759,4,27893.0,0.132,10.2,0,0
B106364,Personal/Household,Bank,41,46613.0,3,0,0.738,0.488,1,145375.0,0.156,10.8,0,0
B106365,Agriculture,Bank,36,32892.0,18,2,0.795,0.528,0,241338.0,0.367,11.6,0,1
B106366,Real Estate,Digital Lender,32,33176.0,13,6,0.799,0.28,2,227568.0,0.343,200.3,0,1
B106367,Trade,MFI,40,18709.0,44,0,0.876,0.639,4,130411.0,0.349,24.9,0,0
B106368,Manufacturing,Bank,34,26361.0,4,1,0.922,0.496,5,123521.0,0.234,19.8,0,0
B106369,Personal/Household,Bank,34,25940.0,11,0,0.827,0.587,2,56748.0,0.109,17.4,0,0
B106370,Services,SACCO,33,15891.0,30,5,0.382,0.912,4,126611.0,0.398,9.7,0,0
B106371,Trade,Bank,27,36209.0,23,3,0.813,0.879,3,236375.0,0.326,12.2,0,0
B106372,Services,Digital Lender,26,70633.0,96,1,0.821,0.35,2,251985.0,0.178,76.5,0,0
B106373,Personal/Household,MFI,30,13606.0,3,0,0.63,0.64,1,44039.0,0.162,14.7,0,0
B106374,Agriculture,Bank,35,38934.0,4,1,0.486,0.808,1,115924.0,0.149,12.7,0,0
B106375,Trade,MFI,18,23594.0,69,2,0.778,0.345,2,101253.0,0.215,20.9,0,0
B106376,Agriculture,SACCO,44,22142.0,25,3,0.863,0.694,3,118341.0,0.267,8.0,0,0
B106377,Personal/Household,MFI,35,30981.0,28,1,0.808,0.594,3,192261.0,0.31,22.7,0,0
B106378,Agriculture,Digital Lender,24,31240.0,98,3,0.726,0.813,2,185763.0,0.297,289.6,0,0
B106379,Real Estate,Digital Lender,51,32911.0,6,0,0.922,0.423,1,217430.0,0.33,90.5,0,1
B106380,Personal/Household,Bank,35,15963.0,7,1,0.957,0.761,2,95851.0,0.3,15.6,0,0
B106381,Personal/Household,Bank,22,54147.0,67,2,0.588,0.683,2,266022.0,0.246,15.9,0,0
B106382,Transport,Bank,51,31090.0,6,3,0.906,0.665,5,63178.0,0.102,14.6,0,0
B106383,Personal/Household,SACCO,49,41217.0,9,1,0.646,0.563,1,149696.0,0.182,19.1,0,0
B106384,Trade,SACCO,26,57990.0,4,3,0.806,0.771,4,459926.0,0.397,9.4,0,1
B106385,Personal/Household,Bank,32,10336.0,10,1,0.922,0.858,1,23991.0,0.116,17.9,0,0
B106386,Agriculture,Digital Lender,30,42056.0,23,9,0.559,0.395,1,272190.0,0.324,111.5,0,0
B106387,Trade,Bank,18,27165.0,4,1,0.617,0.735,5,83851.0,0.154,17.7,0,0
B106388,Services,Digital Lender,38,52072.0,3,0,0.521,0.588,3,367298.0,0.353,18.1,0,1
B106389,Trade,Digital Lender,43,19135.0,20,3,0.801,0.697,1,31291.0,0.082,46.1,0,0
B106390,Trade,Bank,42,49734.0,16,2,0.501,0.672,2,293147.0,0.295,17.0,0,1
B106391,Transport,Bank,35,16643.0,82,0,0.537,0.724,3,52847.0,0.159,13.8,0,1
B106392,Agriculture,Bank,44,37094.0,49,1,0.746,0.894,4,130349.0,0.176,14.0,0,0
B106393,Trade,Digital Lender,24,34764.0,1,3,0.746,0.755,7,118804.0,0.171,300.3,0,1
B106394,Transport,Bank,53,27297.0,62,1,0.66,0.911,1,80082.0,0.147,14.7,0,0
B106395,Personal/Household,Digital Lender,27,16854.0,118,1,0.667,0.462,1,149478.0,0.443,8.0,0,0
B106396,Personal/Household,MFI,28,24275.0,31,3,0.603,0.529,1,168755.0,0.348,17.9,0,0
B106397,Trade,MFI,29,49394.0,22,1,0.382,0.765,1,132545.0,0.134,22.3,0,0
B106398,Manufacturing,Digital Lender,29,67392.0,95,3,0.953,0.584,1,561822.0,0.417,108.5,0,0
B106399,Personal/Household,MFI,33,87098.0,24,0,0.835,0.283,3,360949.0,0.207,25.8,0,0
B106400,Trade,SACCO,33,39725.0,4,0,0.439,0.644,4,162398.0,0.204,18.3,0,0
B106401,Trade,MFI,36,34142.0,2,1,0.881,0.873,2,189025.0,0.277,14.9,0,1
B106402,Trade,Bank,27,38060.0,11,3,0.729,0.877,3,209469.0,0.275,16.6,0,0
B106403,Manufacturing,Bank,37,85878.0,46,1,0.739,0.88,4,201788.0,0.117,14.9,0,0
B106404,Trade,Bank,24,39590.0,8,1,0.811,0.666,4,305741.0,0.386,13.4,0,0
B106405,Personal/Household,SACCO,42,31193.0,47,1,0.916,0.719,2,68939.0,0.11,11.0,0,0
B106406,Services,Bank,42,25555.0,31,0,0.848,0.617,1,202230.0,0.396,14.1,1,0
B106407,Trade,MFI,35,27231.0,28,2,0.742,0.416,3,73072.0,0.134,18.6,0,0
B106408,Transport,Bank,29,36773.0,31,3,0.626,0.572,1,226841.0,0.308,9.6,0,1
B106409,Trade,SACCO,38,19667.0,4,1,0.616,0.845,0,160338.0,0.408,14.1,0,0
B106410,Trade,Digital Lender,26,21067.0,8,4,0.683,0.525,2,57822.0,0.137,120.8,0,1
B106411,Personal/Household,SACCO,35,28707.0,16,2,0.837,0.511,0,125971.0,0.219,13.0,1,0
B106412,Real Estate,Digital Lender,33,23189.0,0,0,0.656,0.398,2,137152.0,0.296,154.3,0,1
B106413,Services,Bank,61,41277.0,38,0,0.876,0.717,2,197912.0,0.24,14.8,0,0
B106414,Manufacturing,Bank,23,43073.0,2,1,0.896,0.706,1,71030.0,0.082,17.3,0,0
B106415,Trade,MFI,18,34351.0,23,2,0.826,0.412,2,211266.0,0.308,20.0,0,0
B106416,Real Estate,Bank,29,38927.0,76,3,0.47,0.609,2,156204.0,0.201,14.0,0,0
B106417,Trade,SACCO,18,31719.0,17,1,0.776,0.464,1,63613.0,0.1,16.7,0,0
B106418,Personal/Household,Digital Lender,28,8000.0,35,0,0.939,0.707,1,51352.0,0.321,274.6,0,0
B106419,Personal/Household,Bank,22,18366.0,6,4,0.673,0.547,1,145128.0,0.395,16.0,0,1
B106420,Agriculture,Digital Lender,26,43872.0,98,1,0.574,0.797,2,236224.0,0.269,190.7,0,0
B106421,Manufacturing,Bank,24,18744.0,55,2,0.972,0.41,2,78411.0,0.209,14.9,0,0
B106422,Transport,SACCO,45,47595.0,36,2,0.681,0.952,1,310528.0,0.326,12.7,0,0
B106423,Personal/Household,Bank,35,49089.0,69,0,0.776,0.692,2,165953.0,0.169,13.2,0,0
B106424,Trade,SACCO,46,25693.0,55,7,0.915,0.524,4,55487.0,0.108,12.0,0,0
B106425,Trade,Bank,35,21487.0,8,1,0.508,0.605,2,153101.0,0.356,16.0,0,0
B106426,Trade,Digital Lender,44,29890.0,7,1,0.694,0.547,0,97564.0,0.163,34.9,0,0
B106427,Real Estate,Digital Lender,32,29022.0,170,2,0.787,0.435,2,189701.0,0.327,357.3,0,0
B106428,Real Estate,MFI,51,41976.0,24,5,0.394,0.786,2,371153.0,0.442,20.5,0,0
B106429,Trade,MFI,40,8204.0,12,1,0.715,0.939,4,35031.0,0.213,20.2,0,0
B106430,Real Estate,SACCO,27,19856.0,3,2,0.617,0.713,0,140366.0,0.353,15.6,1,0
B106431,Real Estate,SACCO,41,17038.0,7,1,0.778,0.958,1,51184.0,0.15,15.7,1,0
B106432,Trade,MFI,35,8000.0,29,1,0.633,0.611,1,17378.0,0.109,22.0,0,0
B106433,Services,SACCO,33,22649.0,10,0,0.576,0.797,2,74952.0,0.165,11.8,0,0
B106434,Transport,Digital Lender,36,13033.0,15,0,0.959,0.668,0,37338.0,0.143,8.0,1,0
B106435,Real Estate,SACCO,43,24026.0,2,2,0.862,0.516,1,123518.0,0.257,18.0,0,0
B106436,Manufacturing,Bank,18,22734.0,37,3,0.846,0.413,1,110693.0,0.243,12.7,1,0
B106437,Agriculture,Digital Lender,31,38153.0,12,2,0.884,0.958,2,162881.0,0.213,106.9,0,0
B106438,Personal/Household,Bank,42,25911.0,20,3,0.911,0.803,0,160928.0,0.311,14.2,0,0
B106439,Manufacturing,Bank,37,11728.0,1,1,0.689,0.709,1,69816.0,0.298,14.9,0,0
B106440,Manufacturing,Digital Lender,24,35976.0,2,2,0.778,0.675,1,279611.0,0.389,60.8,0,0
B106441,Services,Bank,18,112526.0,56,3,0.802,0.667,2,205745.0,0.091,17.5,0,0
B106442,Personal/Household,Bank,52,53707.0,34,2,0.896,0.583,0,321951.0,0.3,14.7,0,0
B106443,Personal/Household,MFI,33,43199.0,0,2,0.655,0.508,3,371622.0,0.43,13.8,0,0
B106444,Agriculture,Digital Lender,50,26702.0,48,1,0.738,0.871,0,55200.0,0.103,84.0,0,0
B106445,Trade,Bank,43,22697.0,10,5,0.885,0.545,1,37737.0,0.083,13.1,0,1
B106446,Personal/Household,MFI,27,21848.0,15,2,0.724,0.875,1,183809.0,0.421,23.9,1,0
B106447,Real Estate,Bank,18,33940.0,28,3,0.892,0.444,1,161279.0,0.238,15.8,0,0
B106448,Personal/Household,MFI,30,15918.0,20,0,0.453,0.591,4,52746.0,0.166,18.0,0,0
B106449,Personal/Household,Bank,35,33563.0,4,0,0.848,0.474,1,227513.0,0.339,14.7,0,0
B106450,Agriculture,Bank,40,20640.0,125,2,0.437,0.688,2,58919.0,0.143,13.3,0,0
B106451,Agriculture,Digital Lender,24,11580.0,3,5,0.75,0.638,1,18837.0,0.081,11.8,0,1
B106452,Manufacturing,SACCO,37,20481.0,15,2,0.437,0.656,1,40081.0,0.098,11.4,0,0
B106453,Agriculture,Digital Lender,37,59169.0,1,2,0.477,0.745,1,358316.0,0.303,197.7,0,1
B106454,Transport,Digital Lender,45,32084.0,21,2,0.796,0.844,4,147947.0,0.231,180.8,0,0
B106455,Personal/Household,Digital Lender,32,8000.0,16,5,0.622,0.396,0,25560.0,0.16,298.6,1,0
B106456,Real Estate,SACCO,39,20527.0,168,2,0.664,0.628,1,43752.0,0.107,13.0,0,0
B106457,Personal/Household,Bank,38,48864.0,28,3,0.961,0.614,2,164170.0,0.168,15.0,0,0
B106458,Manufacturing,Digital Lender,44,25233.0,61,4,0.949,0.327,3,48405.0,0.096,172.3,0,0
B106459,Personal/Household,MFI,27,39660.0,36,2,0.868,0.598,0,304797.0,0.384,22.5,0,0
B106460,Agriculture,Bank,18,23923.0,12,0,0.886,0.407,1,55534.0,0.116,13.3,0,0
B106461,Personal/Household,Bank,33,32898.0,25,3,0.483,0.191,1,213281.0,0.324,14.7,0,0
B106462,Personal/Household,Bank,33,30315.0,5,1,0.917,0.666,4,127564.0,0.21,12.5,0,0
B106463,Agriculture,MFI,23,20843.0,1,1,0.154,0.665,3,83057.0,0.199,19.0,0,1
B106464,Manufacturing,Digital Lender,20,40713.0,5,2,0.793,0.399,1,335941.0,0.413,230.8,0,0
B106465,Personal/Household,MFI,29,69033.0,36,0,0.974,0.705,3,300296.0,0.217,14.8,0,0
B106466,Agriculture,Bank,34,36738.0,12,2,0.753,0.446,4,222692.0,0.303,14.7,0,1
B106467,Personal/Household,Bank,36,31482.0,23,7,0.646,0.768,1,154823.0,0.246,16.4,0,0
B106468,Services,Digital Lender,18,18700.0,24,0,0.794,0.577,0,68254.0,0.182,33.9,0,0
B106469,Personal/Household,MFI,18,49812.0,12,4,0.95,0.794,0,299857.0,0.301,23.4,0,0
B106470,Real Estate,MFI,46,22447.0,4,1,0.513,0.67,2,114313.0,0.255,16.0,0,0
B106471,Transport,Digital Lender,33,40472.0,18,5,0.414,0.419,4,91907.0,0.114,93.0,0,1
B106472,Services,Digital Lender,35,45204.0,1,4,0.654,0.775,1,261369.0,0.289,104.9,0,1
B106473,Manufacturing,MFI,22,51181.0,0,2,0.485,0.823,1,403718.0,0.394,24.6,0,0
B106474,Trade,SACCO,35,51708.0,7,0,0.967,0.933,6,423472.0,0.409,11.1,0,0
B106475,Trade,Bank,31,50690.0,25,0,0.699,0.683,2,200146.0,0.197,12.4,0,0
B106476,Personal/Household,Digital Lender,29,14899.0,29,2,0.587,0.656,4,47655.0,0.16,29.3,0,1
B106477,Real Estate,MFI,20,18537.0,21,2,0.66,0.804,0,65523.0,0.177,17.4,0,0
B106478,Agriculture,SACCO,26,13977.0,44,2,0.556,0.925,2,25496.0,0.091,15.7,1,0
B106479,Agriculture,Bank,55,13468.0,41,2,0.759,0.856,2,97213.0,0.361,13.0,0,0
B106480,Personal/Household,SACCO,32,68797.0,48,2,0.961,0.802,1,438794.0,0.319,12.2,0,1
B106481,Real Estate,Bank,43,17288.0,75,0,0.922,0.871,2,51434.0,0.149,15.7,1,0
B106482,Personal/Household,MFI,33,16001.0,1,2,0.195,0.835,1,112054.0,0.35,14.4,0,0
B106483,Personal/Household,SACCO,32,28833.0,5,2,0.856,0.841,2,230218.0,0.399,13.3,0,0
B106484,Services,Digital Lender,29,19726.0,48,6,0.974,0.763,2,97493.0,0.247,117.2,0,1
B106485,Services,Bank,48,103161.0,43,1,0.787,0.252,2,522679.0,0.253,13.7,0,0
B106486,Agriculture,Digital Lender,39,25581.0,46,1,0.531,0.688,3,53661.0,0.105,237.5,0,0
B106487,Transport,Bank,27,37981.0,15,2,0.479,0.837,2,59280.0,0.078,17.8,0,0
B106488,Trade,MFI,31,19356.0,17,2,0.748,0.872,0,83268.0,0.215,18.1,0,0
B106489,Services,Bank,46,11919.0,7,1,0.795,0.368,4,61425.0,0.258,17.5,0,0
B106490,Agriculture,Bank,18,19915.0,24,2,0.964,0.332,3,94863.0,0.238,13.6,0,0
B106491,Transport,Digital Lender,38,20033.0,4,4,0.882,0.584,0,136031.0,0.34,130.0,1,0
B106492,Personal/Household,Bank,40,19955.0,10,3,0.713,0.937,0,177179.0,0.444,13.6,0,0
B106493,Trade,Digital Lender,28,12332.0,56,3,0.677,0.959,1,72331.0,0.293,240.2,0,0
B106494,Personal/Household,Bank,37,32043.0,67,5,0.666,0.661,0,119946.0,0.187,17.7,0,0
B106495,Trade,SACCO,40,24705.0,29,0,0.717,0.854,2,101486.0,0.205,16.6,0,0
B106496,Real Estate,Bank,23,12733.0,3,1,0.776,0.415,3,25511.0,0.1,13.3,0,0
B106497,Real Estate,SACCO,43,31522.0,4,4,0.993,0.809,1,203651.0,0.323,17.7,0,1
B106498,Agriculture,Digital Lender,38,45217.0,23,1,0.936,0.882,1,325852.0,0.36,39.0,0,0
B106499,Transport,MFI,33,57455.0,3,0,0.671,0.725,2,460628.0,0.401,14.4,0,1
B106500,Services,Bank,36,8000.0,15,0,0.623,0.698,2,48903.0,0.306,18.3,0,0
B106501,Agriculture,Digital Lender,42,19891.0,10,1,0.689,0.437,2,171619.0,0.431,184.9,0,0
B106502,Manufacturing,SACCO,58,13990.0,41,0,0.879,0.47,1,116271.0,0.416,14.0,0,0
B106503,Personal/Household,Bank,41,20769.0,6,5,0.763,0.779,2,39148.0,0.094,14.9,0,0
B106504,Personal/Household,SACCO,43,63812.0,46,0,0.812,0.666,2,313822.0,0.246,12.7,0,0
B106505,Trade,SACCO,37,19931.0,1,3,0.591,0.605,0,93784.0,0.235,13.0,0,1
B106506,Services,Digital Lender,54,22896.0,11,4,0.946,0.554,3,64131.0,0.14,254.1,0,0
B106507,Trade,Bank,20,18845.0,14,4,0.649,0.922,1,97195.0,0.258,12.9,0,0
B106508,Transport,MFI,18,72712.0,114,1,0.947,0.665,1,111974.0,0.077,23.0,0,1
B106509,Manufacturing,Digital Lender,37,8393.0,151,2,0.711,0.893,1,29687.0,0.177,247.8,0,0
B106510,Personal/Household,MFI,42,21895.0,3,1,0.766,0.415,1,56477.0,0.129,25.6,0,0
B106511,Trade,MFI,18,18470.0,3,1,0.924,0.666,2,78517.0,0.213,22.4,0,0
B106512,Trade,Digital Lender,35,11537.0,67,2,0.533,0.219,3,48776.0,0.211,229.8,0,1
B106513,Personal/Household,Bank,33,54514.0,29,1,0.942,0.274,2,481619.0,0.442,13.5,1,1
B106514,Trade,Bank,42,11029.0,3,0,0.243,0.705,1,34755.0,0.158,16.6,1,1
B106515,Real Estate,Digital Lender,39,23093.0,3,1,0.589,0.726,2,120416.0,0.261,31.9,0,0
B106516,Personal/Household,SACCO,18,28473.0,2,1,0.858,0.689,2,162849.0,0.286,14.6,0,0
B106517,Transport,Digital Lender,24,19673.0,22,3,0.747,0.684,0,144940.0,0.368,96.9,0,0
B106518,Trade,SACCO,27,11455.0,23,2,0.77,0.713,4,92304.0,0.403,10.7,0,0
B106519,Agriculture,Bank,42,27105.0,12,1,0.932,0.78,1,86473.0,0.16,15.8,0,0
B106520,Services,Bank,39,19555.0,15,2,0.861,0.4,3,97208.0,0.249,16.2,1,1
B106521,Real Estate,Bank,29,46386.0,8,3,0.939,0.554,2,238558.0,0.257,13.5,0,0
B106522,Trade,Digital Lender,36,39492.0,152,1,0.539,0.434,1,59358.0,0.075,170.5,0,0
B106523,Trade,Bank,24,86626.0,16,1,0.732,0.574,0,702719.0,0.406,15.8,0,0
B106524,Agriculture,MFI,55,31587.0,58,4,0.833,0.527,4,90747.0,0.144,18.5,0,1
B106525,Services,MFI,41,41113.0,24,1,0.777,0.756,1,335818.0,0.408,21.0,0,0
B106526,Agriculture,Bank,43,24406.0,2,3,0.36,0.888,6,88969.0,0.182,14.2,0,1
B106527,Trade,Bank,49,76225.0,19,0,0.951,0.468,1,142224.0,0.093,12.8,1,0
B106528,Manufacturing,SACCO,45,29901.0,21,1,0.614,0.747,0,259296.0,0.434,15.2,0,0
B106529,Trade,Bank,35,28102.0,14,1,0.655,0.755,4,149030.0,0.265,19.4,0,0
B106530,Agriculture,Digital Lender,33,40027.0,23,2,0.872,0.889,2,299268.0,0.374,128.4,0,0
B106531,Services,Digital Lender,48,20853.0,61,3,0.979,0.714,1,159617.0,0.383,202.9,0,0
B106532,Personal/Household,Bank,35,22589.0,172,0,0.8,0.378,2,49278.0,0.109,15.7,0,0
B106533,Trade,Digital Lender,28,40011.0,57,4,0.653,0.716,4,207108.0,0.259,101.5,0,1
B106534,Real Estate,Bank,55,44477.0,27,2,0.735,0.77,2,304650.0,0.342,14.7,0,0
B106535,Trade,Bank,26,41290.0,24,3,0.679,0.772,2,180576.0,0.219,17.0,0,0
B106536,Trade,Bank,18,28450.0,27,0,0.684,0.665,0,245492.0,0.431,14.0,1,0
B106537,Transport,Digital Lender,45,34501.0,15,4,0.801,0.539,1,196497.0,0.285,172.0,0,0
B106538,Manufacturing,SACCO,28,50424.0,61,3,0.708,0.889,2,293006.0,0.291,13.7,1,0
B106539,Personal/Household,Bank,39,16290.0,3,0,0.852,0.723,0,48051.0,0.147,9.8,0,0
B106540,Services,SACCO,53,29755.0,16,2,0.963,0.871,2,234112.0,0.393,13.5,0,0
B106541,Agriculture,SACCO,21,8000.0,44,2,0.512,0.9,0,54125.0,0.338,12.2,0,0
B106542,Services,SACCO,35,44673.0,10,1,0.67,0.537,1,231016.0,0.259,16.2,0,1
B106543,Manufacturing,MFI,50,19333.0,1,0,0.498,0.384,2,99815.0,0.258,21.4,0,0
B106544,Agriculture,Digital Lender,42,19617.0,20,3,0.757,0.908,2,146705.0,0.374,9.8,0,0
B106545,Personal/Household,SACCO,33,27805.0,59,0,0.671,0.786,1,239685.0,0.431,12.4,0,0
B106546,Trade,Bank,59,41794.0,48,1,0.732,0.803,2,206927.0,0.248,11.6,0,0
B106547,Manufacturing,Digital Lender,34,110803.0,10,0,0.566,0.903,3,479110.0,0.216,119.8,0,0
B106548,Personal/Household,Bank,39,12655.0,3,1,0.663,0.546,1,67479.0,0.267,16.9,0,0
B106549,Agriculture,SACCO,51,18634.0,101,0,0.978,0.403,2,33778.0,0.091,13.9,0,0
B106550,Personal/Household,SACCO,45,33718.0,13,1,0.893,0.821,0,212768.0,0.316,15.2,0,0
B106551,Agriculture,Bank,48,19936.0,8,6,0.95,0.488,1,58293.0,0.146,16.0,0,0
B106552,Personal/Household,Bank,26,47088.0,45,0,0.943,0.726,3,178162.0,0.189,11.6,0,0
B106553,Trade,SACCO,47,27111.0,28,0,0.921,0.77,1,42529.0,0.078,9.3,0,0
B106554,Trade,Digital Lender,37,48384.0,49,1,0.563,0.454,2,419405.0,0.433,8.0,0,0
B106555,Real Estate,Digital Lender,28,25935.0,5,6,0.932,0.698,3,190245.0,0.367,266.0,0,0
B106556,Personal/Household,SACCO,37,40122.0,54,0,0.806,0.58,1,326323.0,0.407,14.1,0,0
B106557,Trade,Bank,37,17564.0,16,3,0.793,0.74,3,151510.0,0.431,13.1,0,0
B106558,Personal/Household,Bank,54,86300.0,2,0,0.847,0.809,2,159869.0,0.093,18.1,0,0
B106559,Agriculture,Digital Lender,39,11675.0,24,4,0.669,0.772,6,55419.0,0.237,187.7,0,1
B106560,Real Estate,MFI,27,20145.0,6,2,0.94,0.47,1,62938.0,0.156,16.0,0,0
B106561,Agriculture,SACCO,25,13613.0,30,1,0.517,0.351,2,100288.0,0.368,15.1,0,0
B106562,Trade,Bank,35,46174.0,28,3,0.738,0.837,2,279266.0,0.302,8.0,0,1
B106563,Services,Bank,22,40006.0,66,3,0.68,0.468,0,275725.0,0.345,14.1,0,0
B106564,Real Estate,SACCO,28,15214.0,135,3,0.872,0.525,2,58605.0,0.193,11.5,0,0
B106565,Personal/Household,SACCO,33,51452.0,25,1,0.888,0.487,1,243328.0,0.236,10.8,0,0
B106566,Manufacturing,SACCO,31,20248.0,4,2,0.909,0.755,2,179829.0,0.444,8.4,0,0
B106567,Manufacturing,Bank,42,36792.0,20,1,0.906,0.486,2,227574.0,0.309,16.6,0,0
B106568,Transport,Digital Lender,28,41864.0,14,7,0.585,0.656,2,148261.0,0.177,268.1,0,0
B106569,Services,MFI,18,25986.0,20,0,0.931,0.515,1,226232.0,0.435,18.7,0,0
B106570,Personal/Household,Digital Lender,18,49041.0,9,5,0.677,0.681,1,437349.0,0.446,84.4,0,1
B106571,Manufacturing,SACCO,35,27467.0,37,3,0.894,0.468,1,59174.0,0.108,13.8,0,0
B106572,Transport,MFI,29,35822.0,52,0,0.871,0.808,1,138063.0,0.193,21.1,1,0
B106573,Transport,SACCO,23,25571.0,24,1,0.852,0.742,2,54583.0,0.107,14.4,0,0
B106574,Real Estate,MFI,55,10641.0,3,2,0.927,0.66,1,83785.0,0.394,22.1,1,0
B106575,Transport,MFI,43,27780.0,45,1,0.974,0.857,1,148768.0,0.268,21.8,0,0
B106576,Real Estate,SACCO,34,18389.0,41,0,0.795,0.521,2,106915.0,0.291,14.8,1,0
B106577,Personal/Household,Bank,37,63943.0,12,3,0.742,0.922,0,354830.0,0.277,13.6,0,0
B106578,Services,Digital Lender,32,14041.0,48,3,0.827,0.424,2,84751.0,0.302,142.4,0,0
B106579,Services,Bank,22,58323.0,39,1,0.501,0.772,1,416998.0,0.357,10.6,0,0
B106580,Personal/Household,Bank,45,26948.0,3,2,0.935,0.553,2,71575.0,0.133,13.8,0,0
B106581,Transport,Digital Lender,44,37176.0,24,2,0.331,0.749,0,195086.0,0.262,191.1,0,0
B106582,Personal/Household,Bank,18,13919.0,11,1,0.764,0.603,1,45609.0,0.164,16.0,0,0
B106583,Trade,Digital Lender,37,25089.0,45,0,0.724,0.783,2,100632.0,0.201,108.2,0,0
B106584,Real Estate,MFI,38,20629.0,142,2,0.904,0.599,0,119508.0,0.29,22.5,0,0
B106585,Agriculture,Bank,32,94540.0,30,2,0.939,0.936,1,342023.0,0.181,16.1,0,0
B106586,Trade,Bank,56,20350.0,18,4,0.798,0.714,1,43989.0,0.108,16.2,0,0
B106587,Services,Bank,55,56070.0,10,1,0.753,0.653,2,203622.0,0.182,15.6,0,0
B106588,Personal/Household,Bank,31,56503.0,3,1,0.914,0.463,1,427053.0,0.378,15.0,0,0
B106589,Manufacturing,Bank,33,55637.0,65,4,0.609,0.69,0,210168.0,0.189,11.9,0,0
B106590,Agriculture,Bank,32,21448.0,20,2,0.71,0.563,1,192692.0,0.449,13.4,1,0
B106591,Personal/Household,Bank,29,80233.0,18,1,0.752,0.786,1,206057.0,0.128,13.2,1,0
B106592,Real Estate,MFI,26,89922.0,78,2,0.891,0.805,1,309303.0,0.172,21.7,0,0
B106593,Personal/Household,Bank,40,36385.0,39,3,0.636,0.858,0,209781.0,0.288,11.3,0,0
B106594,Services,Bank,55,23018.0,6,2,0.835,0.511,0,80481.0,0.175,12.5,0,0
B106595,Agriculture,Bank,51,18521.0,11,0,0.789,0.733,2,121468.0,0.328,17.6,0,0
B106596,Agriculture,Bank,43,38541.0,86,0,0.664,0.84,0,111231.0,0.144,17.4,0,0
B106597,Agriculture,Bank,18,30813.0,53,3,0.846,0.515,0,90128.0,0.146,14.8,0,1
B106598,Trade,Bank,18,32876.0,34,2,0.416,0.953,1,258663.0,0.393,14.3,0,0
B106599,Real Estate,Bank,46,14167.0,11,2,0.595,0.692,0,41049.0,0.145,14.9,0,1
B106600,Trade,Digital Lender,51,30276.0,6,1,0.733,0.881,0,80704.0,0.133,203.3,0,0
B106601,Trade,Bank,41,55777.0,1,2,0.939,0.808,2,296969.0,0.266,13.2,0,0
B106602,Agriculture,Bank,32,46553.0,26,0,0.99,0.807,3,349477.0,0.375,12.1,0,0
B106603,Trade,SACCO,49,23676.0,17,1,0.669,0.719,2,96615.0,0.204,11.6,0,0
B106604,Personal/Household,MFI,43,28002.0,8,3,0.658,0.534,1,185834.0,0.332,21.5,0,1
B106605,Trade,Bank,46,13259.0,65,2,0.625,0.874,1,51117.0,0.193,14.6,0,0
B106606,Personal/Household,Digital Lender,18,20622.0,11,2,0.889,0.356,0,132233.0,0.321,172.0,0,0
B106607,Agriculture,SACCO,38,24661.0,40,1,0.626,0.539,2,131094.0,0.266,10.9,0,0
B106608,Trade,Digital Lender,53,42124.0,14,4,0.776,0.867,3,344312.0,0.409,102.6,0,0
B106609,Trade,Digital Lender,40,20161.0,5,0,0.752,0.705,2,166260.0,0.412,164.8,0,0
B106610,Personal/Household,SACCO,44,16818.0,3,3,0.569,0.671,2,96235.0,0.286,13.9,0,0
B106611,Agriculture,SACCO,35,45104.0,33,4,0.855,0.611,2,204087.0,0.226,13.7,0,0
B106612,Manufacturing,MFI,36,23566.0,14,2,0.894,0.43,1,146392.0,0.311,19.4,0,1
B106613,Trade,Digital Lender,49,18743.0,52,3,0.984,0.657,2,139946.0,0.373,244.6,0,0
B106614,Services,MFI,28,46482.0,38,1,0.736,0.689,1,235707.0,0.254,28.2,0,0
B106615,Trade,Bank,27,38267.0,10,2,0.971,0.503,2,313434.0,0.41,17.5,0,0
B106616,Real Estate,Bank,30,26526.0,1,2,0.692,0.589,2,100717.0,0.19,16.6,0,0
B106617,Personal/Household,SACCO,35,24509.0,0,1,0.564,0.897,1,110131.0,0.225,11.6,0,0
B106618,Agriculture,MFI,19,36634.0,14,4,0.803,0.851,1,296050.0,0.404,24.3,0,1
B106619,Agriculture,Digital Lender,42,39987.0,11,1,0.729,0.332,3,122582.0,0.153,213.0,0,0
B106620,Personal/Household,Bank,33,33353.0,53,1,0.891,0.836,3,291356.0,0.437,11.3,0,0
B106621,Agriculture,Digital Lender,44,31772.0,2,3,0.688,0.629,3,75336.0,0.119,166.6,0,1
B106622,Trade,Bank,18,21298.0,33,0,0.779,0.692,1,129590.0,0.304,11.4,1,0
B106623,Real Estate,SACCO,44,22011.0,26,2,0.883,0.355,3,122865.0,0.279,8.0,0,0
B106624,Trade,Bank,48,27051.0,97,4,0.935,0.824,2,58737.0,0.109,17.9,0,0
B106625,Services,Bank,39,17525.0,7,1,0.917,0.676,2,131868.0,0.376,9.9,0,0
B106626,Transport,MFI,35,16433.0,13,1,0.837,0.215,6,96935.0,0.295,17.1,0,0
B106627,Transport,Bank,44,28301.0,23,4,0.906,0.731,3,158320.0,0.28,14.2,0,0
B106628,Trade,Bank,48,51236.0,5,1,0.828,0.871,2,279478.0,0.273,11.2,0,0
B106629,Personal/Household,Digital Lender,40,9508.0,18,0,0.658,0.654,3,63402.0,0.333,172.3,0,0
B106630,Transport,Bank,41,23974.0,81,3,0.868,0.949,1,202058.0,0.421,14.4,0,0
B106631,Trade,SACCO,52,34540.0,31,1,0.787,0.718,2,185050.0,0.268,16.4,1,0
B106632,Services,SACCO,43,53625.0,27,0,0.914,0.749,3,185988.0,0.173,12.1,0,0
B106633,Manufacturing,Bank,27,80013.0,156,1,0.842,0.851,3,401974.0,0.251,13.0,0,0
B106634,Personal/Household,Digital Lender,48,25802.0,8,1,0.758,0.861,1,188579.0,0.365,105.0,0,0
B106635,Agriculture,Digital Lender,34,87982.0,0,3,0.899,0.545,0,588643.0,0.335,127.4,0,0
B106636,Trade,Digital Lender,35,38199.0,31,5,0.8,0.783,3,291182.0,0.381,214.0,0,0
B106637,Personal/Household,Digital Lender,36,46529.0,30,2,0.89,0.606,3,107081.0,0.115,183.1,0,0
B106638,Personal/Household,SACCO,45,16548.0,77,1,0.639,0.446,0,146686.0,0.443,10.6,1,0
B106639,Real Estate,Digital Lender,52,38153.0,8,0,0.427,0.898,5,270359.0,0.354,201.1,0,0
B106640,Trade,Bank,35,48791.0,29,3,0.826,0.329,2,304343.0,0.312,14.7,0,1
B106641,Personal/Household,Bank,52,20350.0,40,0,0.404,0.496,3,71300.0,0.175,13.7,0,0
B106642,Trade,SACCO,37,8000.0,2,2,0.844,0.822,2,50683.0,0.317,14.9,0,0
B106643,Agriculture,Bank,49,32272.0,39,2,0.887,0.745,3,219991.0,0.341,13.6,0,1
B106644,Transport,SACCO,37,26418.0,19,2,0.776,0.559,1,133255.0,0.252,15.0,1,1
B106645,Trade,Bank,30,62276.0,44,1,0.656,0.738,0,150146.0,0.121,16.7,0,0
B106646,Trade,Bank,54,22113.0,16,2,0.782,0.923,2,189916.0,0.429,15.7,1,1
B106647,Trade,Digital Lender,29,20176.0,13,2,0.585,0.921,1,80639.0,0.2,123.9,0,0
B106648,Services,Bank,28,15611.0,68,1,0.851,0.517,1,137497.0,0.44,12.6,0,0
B106649,Agriculture,Bank,22,21025.0,10,0,0.776,0.666,2,184654.0,0.439,17.0,0,0
B106650,Transport,SACCO,48,128904.0,5,2,0.882,0.857,4,338298.0,0.131,16.3,0,0
B106651,Services,Digital Lender,50,12423.0,1,3,0.857,0.598,0,37819.0,0.152,210.7,0,0
B106652,Transport,Digital Lender,39,14265.0,5,5,0.808,0.957,0,81718.0,0.286,210.4,1,0
B106653,Manufacturing,Bank,25,28858.0,128,2,0.883,0.857,3,84709.0,0.147,14.1,0,0
B106654,Manufacturing,Digital Lender,35,88081.0,17,0,0.864,0.485,1,436344.0,0.248,8.0,0,0
B106655,Agriculture,SACCO,32,44705.0,21,1,0.733,0.719,1,334463.0,0.374,11.2,0,1
B106656,Transport,Digital Lender,25,69827.0,35,0,0.752,0.798,2,400298.0,0.287,117.1,0,0
B106657,Services,Bank,30,24058.0,15,3,0.784,0.497,1,50763.0,0.105,8.7,0,0
B106658,Personal/Household,Bank,40,13842.0,53,1,0.833,0.616,0,124338.0,0.449,18.4,0,1
B106659,Real Estate,MFI,29,23224.0,52,1,0.899,0.611,2,96270.0,0.207,21.3,0,0
B106660,Agriculture,MFI,38,27762.0,6,4,0.649,0.751,1,72925.0,0.131,22.9,0,0
B106661,Services,Bank,18,29912.0,2,4,0.912,0.309,2,262286.0,0.438,14.8,0,0
B106662,Trade,MFI,52,26431.0,2,0,0.631,0.763,3,51170.0,0.097,23.9,0,0
B106663,Personal/Household,SACCO,31,41147.0,45,1,0.759,0.754,1,190588.0,0.232,15.7,0,0
B106664,Agriculture,Bank,44,20099.0,28,3,0.843,0.681,3,153425.0,0.382,16.5,0,1
B106665,Personal/Household,MFI,37,17855.0,45,2,0.564,0.624,0,93486.0,0.262,17.2,0,0
B106666,Personal/Household,Bank,39,15328.0,17,2,0.801,0.622,3,41452.0,0.135,16.5,0,0
B106667,Real Estate,Digital Lender,24,33282.0,23,4,0.827,0.704,1,106769.0,0.16,60.8,0,0
B106668,Trade,SACCO,27,31513.0,48,0,0.977,0.735,0,132100.0,0.21,11.6,0,0
B106669,Personal/Household,MFI,28,54192.0,30,1,0.834,0.635,1,344010.0,0.317,21.8,0,1
B106670,Agriculture,Digital Lender,35,69623.0,35,3,0.663,0.921,2,456137.0,0.328,256.9,0,0
B106671,Agriculture,SACCO,48,15305.0,4,5,0.777,0.46,2,80205.0,0.262,12.7,0,0
B106672,Manufacturing,Bank,39,30120.0,10,4,0.889,0.51,1,196299.0,0.326,11.0,0,1
B106673,Real Estate,SACCO,26,26557.0,2,4,0.928,0.828,1,54509.0,0.103,11.5,0,0
B106674,Personal/Household,Digital Lender,36,12769.0,4,3,0.45,0.587,0,74684.0,0.292,267.2,0,1
B106675,Trade,Bank,34,22237.0,12,1,0.805,0.772,2,91254.0,0.205,12.5,0,1
B106676,Real Estate,SACCO,31,70378.0,13,4,0.525,0.58,3,398539.0,0.283,10.6,0,0
B106677,Services,Bank,35,20994.0,3,3,0.841,0.614,1,35925.0,0.086,14.8,0,0
B106678,Trade,Digital Lender,43,19160.0,40,2,0.766,0.972,1,48185.0,0.126,115.9,0,0
B106679,Real Estate,SACCO,28,28893.0,18,1,0.641,0.791,1,173313.0,0.3,12.0,0,0
B106680,Transport,Digital Lender,32,49091.0,57,3,0.665,0.647,2,235713.0,0.24,73.7,0,0
B106681,Services,SACCO,45,25145.0,12,2,0.931,0.497,0,103027.0,0.205,11.8,0,0
B106682,Transport,Bank,40,31896.0,31,4,0.712,0.532,3,59242.0,0.093,14.1,0,0
B106683,Personal/Household,MFI,48,8463.0,3,2,0.614,0.677,2,69584.0,0.411,26.0,0,0
B106684,Agriculture,Digital Lender,49,40732.0,3,6,0.829,0.941,3,98472.0,0.121,183.4,0,1
B106685,Agriculture,Bank,21,33578.0,15,0,0.857,0.388,2,95799.0,0.143,15.3,0,0
B106686,Services,Bank,38,48367.0,41,1,0.89,0.579,3,264964.0,0.274,13.2,0,0
B106687,Services,SACCO,30,10645.0,62,1,0.956,0.504,1,18989.0,0.089,17.2,0,0
B106688,Manufacturing,MFI,23,25176.0,63,1,0.624,0.802,1,171386.0,0.34,22.9,0,0
B106689,Real Estate,Bank,27,50529.0,2,0,0.611,0.672,0,246064.0,0.243,15.9,0,0
B106690,Real Estate,Bank,32,21888.0,16,2,0.733,0.819,5,189047.0,0.432,12.8,0,0
B106691,Trade,Bank,32,30579.0,13,2,0.861,0.849,1,191476.0,0.313,14.8,0,0
B106692,Services,SACCO,29,23735.0,58,3,0.825,0.506,4,169394.0,0.357,13.4,0,0
B106693,Personal/Household,MFI,35,24057.0,42,2,0.92,0.387,1,68159.0,0.142,15.0,0,0
B106694,Real Estate,MFI,59,56496.0,38,0,0.887,0.744,1,380196.0,0.336,21.2,0,0
B106695,Agriculture,Digital Lender,18,13591.0,66,4,0.741,0.892,0,83406.0,0.307,8.0,0,1
B106696,Agriculture,Bank,46,28922.0,15,3,0.56,0.783,3,208168.0,0.36,17.1,0,0
B106697,Trade,SACCO,35,34148.0,25,3,0.779,0.593,2,295325.0,0.432,11.6,0,0
B106698,Personal/Household,Bank,31,49809.0,7,1,0.919,0.715,0,263691.0,0.265,18.9,0,0
B106699,Manufacturing,MFI,18,27804.0,73,0,0.795,0.752,4,109876.0,0.198,18.6,0,0
B106700,Agriculture,MFI,43,50660.0,27,3,0.693,0.9,2,143128.0,0.141,15.8,0,0
B106701,Transport,SACCO,21,28853.0,10,3,0.641,0.411,3,60845.0,0.105,11.1,0,1
B106702,Services,Digital Lender,43,31753.0,66,4,0.928,0.688,0,142909.0,0.225,75.7,1,0
B106703,Trade,Bank,52,31093.0,7,1,0.708,0.909,1,118648.0,0.191,15.2,0,0
B106704,Real Estate,Bank,22,42634.0,2,6,0.657,0.325,4,292855.0,0.343,15.5,0,1
B106705,Manufacturing,MFI,47,40053.0,55,1,0.726,0.413,2,129607.0,0.162,21.7,1,0
B106706,Trade,MFI,35,16120.0,9,2,0.811,0.755,0,94252.0,0.292,21.4,0,0
B106707,Manufacturing,Bank,18,33502.0,15,1,0.69,0.691,2,212653.0,0.317,16.9,0,0
B106708,Transport,Digital Lender,23,40029.0,7,4,0.903,0.824,2,142570.0,0.178,178.5,0,0
B106709,Trade,Digital Lender,37,66433.0,45,1,0.917,0.543,0,218747.0,0.165,325.1,0,0
B106710,Trade,MFI,39,17073.0,14,1,0.567,0.533,0,97002.0,0.284,20.0,0,0
B106711,Personal/Household,MFI,19,39980.0,66,1,0.814,0.506,3,314408.0,0.393,22.2,0,0
B106712,Agriculture,Bank,35,24555.0,36,3,0.633,0.841,0,98933.0,0.201,11.8,0,0
B106713,Transport,MFI,43,33042.0,13,4,0.725,0.677,2,159387.0,0.241,17.4,0,0
B106714,Transport,SACCO,45,16475.0,36,1,0.706,0.703,1,34433.0,0.104,14.9,0,0
B106715,Personal/Household,Digital Lender,31,29515.0,33,1,0.95,0.896,0,234879.0,0.398,43.0,0,0
B106716,Personal/Household,MFI,39,35433.0,15,2,0.651,0.689,0,135819.0,0.192,13.7,0,1
B106717,Personal/Household,Bank,46,17438.0,14,1,0.969,0.502,1,134177.0,0.385,14.3,0,1
B106718,Transport,Bank,44,65961.0,28,2,0.777,0.629,2,217455.0,0.165,16.0,0,1
B106719,Real Estate,Bank,44,12717.0,4,1,0.725,0.81,2,56901.0,0.224,18.5,0,0
B106720,Real Estate,Digital Lender,36,39961.0,167,0,0.767,0.345,2,262924.0,0.329,268.7,0,0
B106721,Agriculture,Digital Lender,34,8000.0,6,2,0.731,0.664,3,15860.0,0.099,136.2,0,1
B106722,Real Estate,Digital Lender,38,25842.0,12,4,0.692,0.785,3,51633.0,0.1,127.6,0,0
B106723,Trade,Digital Lender,27,38708.0,26,0,0.815,0.397,3,272735.0,0.352,153.7,0,0
B106724,Real Estate,Bank,46,44000.0,12,2,0.694,0.659,1,255871.0,0.291,19.8,0,0
B106725,Real Estate,SACCO,20,28058.0,10,0,0.747,0.507,1,188253.0,0.335,11.0,0,0
B106726,Trade,SACCO,30,26033.0,1,3,0.739,0.418,4,156816.0,0.301,11.8,0,1
B106727,Agriculture,Bank,35,40623.0,148,1,0.446,0.428,3,155954.0,0.192,14.0,0,1
B106728,Personal/Household,MFI,40,50155.0,25,1,0.758,0.787,0,206829.0,0.206,18.7,1,0
B106729,Manufacturing,SACCO,42,63500.0,47,1,0.691,0.897,2,250030.0,0.197,13.7,1,0
B106730,Personal/Household,Digital Lender,50,14619.0,10,5,0.841,0.655,0,102868.0,0.352,181.6,0,1
B106731,Manufacturing,Bank,36,26626.0,7,1,0.494,0.692,0,187500.0,0.352,16.4,0,0
B106732,Personal/Household,Digital Lender,28,8898.0,43,2,0.952,0.627,1,67726.0,0.381,176.3,0,0
B106733,Personal/Household,Digital Lender,34,14015.0,26,5,0.861,0.807,0,54259.0,0.194,166.6,0,0
B106734,Trade,Digital Lender,32,20186.0,31,2,0.986,0.796,3,46673.0,0.116,190.5,1,0
B106735,Services,Bank,40,47847.0,63,1,0.794,0.761,2,409458.0,0.428,12.9,0,0
B106736,Trade,Bank,24,22823.0,53,2,0.906,0.736,1,185559.0,0.407,16.5,0,0
B106737,Transport,SACCO,33,25364.0,7,1,0.8,0.497,0,110870.0,0.219,13.2,0,0
B106738,Personal/Household,Bank,51,35067.0,1,1,0.484,0.629,5,83928.0,0.12,17.1,0,0
B106739,Agriculture,Bank,37,20562.0,4,3,0.947,0.644,3,78476.0,0.191,13.2,0,1
B106740,Transport,Digital Lender,24,9926.0,69,5,0.773,0.865,0,85583.0,0.431,182.9,0,0
B106741,Agriculture,Bank,32,19727.0,4,1,0.385,0.652,3,96840.0,0.245,11.9,0,0
B106742,Trade,MFI,18,27823.0,12,1,0.603,0.446,1,106920.0,0.192,20.1,0,0
B106743,Trade,Digital Lender,34,38471.0,19,0,0.513,0.626,1,298407.0,0.388,107.1,0,0
B106744,Trade,MFI,51,26542.0,37,2,0.815,0.867,2,235822.0,0.444,14.2,1,0
B106745,Trade,Digital Lender,23,38121.0,9,2,0.769,0.848,3,149689.0,0.196,433.3,0,0
B106746,Transport,MFI,20,49444.0,75,1,0.491,0.738,1,220235.0,0.223,21.3,0,0
B106747,Manufacturing,Bank,28,55067.0,18,4,0.937,0.504,0,452238.0,0.411,13.2,0,0
B106748,Real Estate,Bank,44,32688.0,107,3,0.71,0.76,1,53268.0,0.081,16.7,0,0
B106749,Personal/Household,Bank,52,15908.0,23,0,0.689,0.543,1,75839.0,0.238,18.4,0,0
B106750,Trade,Bank,39,14992.0,43,1,0.641,0.697,0,88690.0,0.296,14.3,0,0
B106751,Agriculture,Digital Lender,22,15780.0,22,4,0.414,0.713,3,72895.0,0.231,201.4,0,0
B106752,Personal/Household,Digital Lender,35,16462.0,6,2,0.945,0.787,0,42807.0,0.13,129.8,0,0
B106753,Services,Bank,53,31403.0,45,1,0.643,0.842,2,105818.0,0.168,15.8,0,0
B106754,Real Estate,Bank,32,83960.0,7,0,0.925,0.334,2,725169.0,0.432,17.0,1,0
B106755,Trade,SACCO,36,33408.0,124,2,0.664,0.729,3,189165.0,0.283,10.0,0,0
B106756,Personal/Household,MFI,37,28390.0,0,2,0.823,0.748,4,102337.0,0.18,19.0,1,0
B106757,Services,Bank,20,50465.0,116,1,0.793,0.641,1,399536.0,0.396,15.5,0,0
B106758,Real Estate,Bank,45,18850.0,2,0,0.519,0.499,0,107142.0,0.284,16.6,1,0
B106759,Agriculture,Bank,44,52739.0,33,3,0.875,0.488,0,214979.0,0.204,16.8,0,0
B106760,Trade,MFI,18,50633.0,24,2,0.557,0.758,1,265345.0,0.262,14.6,0,0
B106761,Transport,Bank,22,30713.0,158,0,0.94,0.845,4,264007.0,0.43,16.6,1,1
B106762,Services,SACCO,25,94048.0,66,2,0.696,0.676,3,247997.0,0.132,11.9,0,0
B106763,Transport,Bank,42,54906.0,3,2,0.773,0.785,3,475568.0,0.433,15.9,1,0
B106764,Agriculture,MFI,27,30484.0,19,1,0.549,0.814,3,239145.0,0.392,21.5,0,1
B106765,Transport,MFI,39,27474.0,55,2,0.861,0.783,2,193106.0,0.351,22.8,0,0
B106766,Personal/Household,Bank,33,23446.0,71,2,0.884,0.891,3,202894.0,0.433,16.7,0,0
B106767,Real Estate,Digital Lender,36,27670.0,4,4,0.205,0.793,1,148054.0,0.268,43.6,0,0
B106768,Personal/Household,SACCO,40,28114.0,22,3,0.613,0.552,0,50467.0,0.09,14.2,0,0
B106769,Real Estate,Digital Lender,38,24941.0,11,3,0.53,0.589,0,111219.0,0.223,104.6,0,1
B106770,Agriculture,MFI,35,26432.0,36,2,0.741,0.806,1,168248.0,0.318,14.3,0,0
B106771,Transport,MFI,38,15431.0,57,3,0.869,0.792,2,31923.0,0.103,24.0,0,0
B106772,Real Estate,Bank,37,21753.0,19,2,0.948,0.757,2,187250.0,0.43,15.9,0,0
B106773,Services,MFI,33,12351.0,2,1,0.895,0.541,3,67432.0,0.273,18.6,0,0
B106774,Manufacturing,SACCO,31,37344.0,24,1,0.621,0.613,2,170065.0,0.228,11.1,0,0
B106775,Real Estate,MFI,54,31071.0,19,3,0.577,0.868,3,277633.0,0.447,27.6,0,1
B106776,Real Estate,Bank,31,27794.0,8,0,0.81,0.804,1,171749.0,0.309,18.5,0,0
B106777,Manufacturing,Bank,49,48408.0,26,2,0.728,0.623,1,167169.0,0.173,13.1,0,0
B106778,Agriculture,Bank,28,18491.0,22,3,0.794,0.525,3,112167.0,0.303,17.1,0,0
B106779,Personal/Household,Bank,43,20111.0,56,1,0.944,0.629,1,97085.0,0.241,13.0,0,0
B106780,Real Estate,SACCO,53,13165.0,40,3,0.51,0.763,2,64648.0,0.246,14.5,0,0
B106781,Real Estate,Digital Lender,32,52191.0,6,1,0.687,0.761,2,273204.0,0.262,77.7,0,1
B106782,Transport,Bank,28,41483.0,16,1,0.722,0.627,1,219827.0,0.265,12.0,1,0
B106783,Trade,Bank,31,61776.0,14,1,0.955,0.676,2,348357.0,0.282,14.9,0,0
B106784,Transport,Bank,35,70998.0,36,0,0.739,0.794,1,577069.0,0.406,14.6,0,0
B106785,Manufacturing,Bank,38,23543.0,3,1,0.892,0.682,3,188658.0,0.401,17.4,0,0
B106786,Real Estate,SACCO,35,20108.0,61,3,0.797,0.667,0,97616.0,0.243,8.0,0,0
B106787,Personal/Household,Bank,31,11076.0,11,3,0.74,0.881,2,80421.0,0.363,17.8,1,0
B106788,Personal/Household,Digital Lender,55,16254.0,50,1,0.421,0.627,3,57170.0,0.176,278.4,1,0
B106789,Personal/Household,Digital Lender,33,24867.0,48,0,0.859,0.474,2,74508.0,0.15,181.6,0,0
B106790,Agriculture,MFI,29,9571.0,35,2,0.88,0.74,3,16027.0,0.084,17.2,0,1
B106791,Agriculture,Digital Lender,43,16440.0,25,2,0.613,0.861,2,93244.0,0.284,93.0,0,0
B106792,Personal/Household,SACCO,43,28408.0,26,0,0.698,0.676,2,152611.0,0.269,10.1,0,0
B106793,Transport,Digital Lender,49,48601.0,21,3,0.851,0.852,1,310776.0,0.32,129.4,0,1
B106794,Transport,Bank,54,20042.0,24,0,0.909,0.2,0,46761.0,0.117,11.2,0,0
B106795,Manufacturing,Digital Lender,38,31901.0,87,2,0.399,0.569,1,165385.0,0.259,8.0,0,0
B106796,Personal/Household,Bank,32,82873.0,11,2,0.723,0.47,0,302133.0,0.182,12.0,1,0
B106797,Trade,Bank,18,11011.0,11,1,0.738,0.605,6,45963.0,0.209,16.2,0,0
B106798,Manufacturing,Digital Lender,26,54027.0,27,4,0.953,0.774,2,378087.0,0.35,36.2,0,0
B106799,Trade,Bank,37,36659.0,19,2,0.89,0.499,2,110871.0,0.151,17.9,0,0
B106800,Real Estate,Bank,23,59670.0,11,2,0.907,0.806,2,153077.0,0.128,15.3,0,0
B106801,Transport,Bank,19,50604.0,66,1,0.799,0.596,0,241908.0,0.239,19.4,0,0
B106802,Manufacturing,Bank,36,20645.0,4,2,0.981,0.74,4,94467.0,0.229,13.6,0,0
B106803,Agriculture,Bank,43,29762.0,24,0,0.915,0.679,5,169480.0,0.285,15.0,0,0
B106804,Services,MFI,33,13316.0,4,1,0.841,0.355,3,49581.0,0.186,17.3,0,0
B106805,Personal/Household,MFI,44,22301.0,97,3,0.526,0.457,3,52300.0,0.117,17.5,0,0
B106806,Manufacturing,Digital Lender,41,30215.0,15,0,0.414,0.545,1,172073.0,0.285,165.0,0,0
B106807,Services,Bank,46,35136.0,0,3,0.656,0.74,1,104870.0,0.149,11.8,0,1
B106808,Real Estate,Digital Lender,57,45899.0,56,2,0.921,0.457,3,166783.0,0.182,139.9,0,0
B106809,Personal/Household,MFI,61,71012.0,72,2,0.472,0.494,1,510378.0,0.359,25.8,0,1
B106810,Trade,Digital Lender,42,23399.0,2,1,0.709,0.416,2,96291.0,0.206,239.3,0,0
B106811,Agriculture,Digital Lender,30,55805.0,7,0,0.943,0.674,2,253520.0,0.227,232.7,0,0
B106812,Agriculture,Digital Lender,36,34441.0,24,3,0.587,0.782,3,66986.0,0.097,136.0,0,0
B106813,Trade,Bank,51,14486.0,26,2,0.921,0.445,2,106925.0,0.369,13.1,0,0
B106814,Manufacturing,MFI,26,27372.0,11,3,0.806,0.585,2,42600.0,0.078,19.7,0,0
B106815,Trade,Digital Lender,49,31689.0,13,3,0.933,0.713,2,264351.0,0.417,179.0,0,0
B106816,Transport,SACCO,33,18766.0,85,4,0.808,0.191,1,93153.0,0.248,13.5,0,0
B106817,Trade,Bank,37,16776.0,39,2,0.811,0.839,4,70279.0,0.209,11.8,0,0
B106818,Trade,SACCO,27,16469.0,1,0,0.917,0.508,0,57469.0,0.174,15.7,0,0
B106819,Services,Digital Lender,22,22050.0,19,3,0.83,0.75,2,52428.0,0.119,251.1,0,0
B106820,Transport,Bank,32,18480.0,21,1,0.768,0.581,1,128109.0,0.347,14.1,1,0
B106821,Services,SACCO,48,58497.0,77,0,0.815,0.635,3,424303.0,0.363,15.1,0,0
B106822,Manufacturing,Digital Lender,28,8000.0,25,2,0.584,0.794,1,27967.0,0.175,118.3,0,0
B106823,Trade,MFI,51,31609.0,16,3,0.57,0.58,1,196939.0,0.312,23.4,0,1
B106824,Manufacturing,Bank,29,39758.0,29,1,0.54,0.87,1,74299.0,0.093,13.2,0,0
B106825,Manufacturing,MFI,24,17509.0,175,2,0.86,0.656,3,114201.0,0.326,11.6,0,0
B106826,Trade,SACCO,38,26172.0,71,2,0.846,0.971,3,178388.0,0.341,12.8,0,0
B106827,Personal/Household,MFI,42,24633.0,9,1,0.745,0.745,0,221576.0,0.45,16.0,0,0
B106828,Transport,SACCO,37,28494.0,14,0,0.586,0.508,1,204230.0,0.358,15.5,0,1
B106829,Personal/Household,MFI,37,42814.0,47,2,0.849,0.66,3,149993.0,0.175,22.5,0,0
B106830,Manufacturing,Digital Lender,51,40756.0,2,4,0.903,0.55,0,160609.0,0.197,236.1,0,0
B106831,Transport,Digital Lender,36,21376.0,24,0,0.983,0.878,2,178620.0,0.418,11.9,0,0
B106832,Agriculture,Digital Lender,30,12998.0,22,2,0.862,0.495,0,31525.0,0.121,243.0,1,1
B106833,Services,MFI,24,32558.0,12,1,0.898,0.842,2,88554.0,0.136,20.9,0,0
B106834,Real Estate,Bank,48,20719.0,4,1,0.659,0.756,3,132093.0,0.319,16.2,0,1
B106835,Trade,SACCO,31,22242.0,4,1,0.608,0.723,2,114385.0,0.257,15.3,0,1
B106836,Trade,Bank,32,33621.0,48,4,0.523,0.702,1,206284.0,0.307,15.3,0,0
B106837,Transport,MFI,46,23405.0,28,0,0.949,0.745,1,112892.0,0.241,22.1,0,0
B106838,Services,Bank,56,35196.0,74,2,0.635,0.614,3,228427.0,0.324,14.1,1,1
B106839,Services,MFI,38,118429.0,24,1,0.803,0.887,3,430852.0,0.182,20.2,0,0
B106840,Personal/Household,SACCO,34,43357.0,2,4,0.847,0.869,1,134500.0,0.155,14.1,0,0
B106841,Services,MFI,35,62299.0,32,0,0.728,0.542,5,350737.0,0.281,21.2,0,0
B106842,Personal/Household,MFI,30,39379.0,56,1,0.866,0.83,2,347569.0,0.441,16.8,0,0
B106843,Agriculture,Bank,31,31021.0,9,1,0.784,0.76,3,244583.0,0.394,14.1,0,0
B106844,Transport,Bank,31,39709.0,49,5,0.94,0.944,1,317311.0,0.4,14.2,0,0
B106845,Trade,MFI,44,38658.0,57,2,0.701,0.678,1,306193.0,0.396,17.1,0,0
B106846,Agriculture,Digital Lender,34,47789.0,31,1,0.955,0.795,4,93900.0,0.098,99.4,0,1
B106847,Real Estate,Digital Lender,49,30719.0,50,2,0.771,0.71,0,69213.0,0.113,168.7,1,1
B106848,Trade,Digital Lender,34,14479.0,18,2,0.607,0.514,2,46375.0,0.16,186.7,0,0
B106849,Services,Bank,31,13260.0,5,3,0.823,0.927,2,61260.0,0.231,17.8,0,0
B106850,Services,Bank,48,38318.0,10,1,0.826,0.631,3,111183.0,0.145,13.6,0,0
B106851,Agriculture,MFI,35,16004.0,55,1,0.681,0.805,1,46930.0,0.147,30.9,0,0
B106852,Personal/Household,SACCO,34,43370.0,29,3,0.818,0.179,3,276091.0,0.318,9.6,0,0
B106853,Real Estate,SACCO,35,62085.0,2,2,0.852,0.715,4,486065.0,0.391,8.2,0,0
B106854,Trade,Digital Lender,50,26335.0,69,1,0.679,0.376,5,217412.0,0.413,188.7,0,0
B106855,Agriculture,MFI,38,57887.0,32,1,0.728,0.517,2,186884.0,0.161,16.4,0,0
B106856,Agriculture,MFI,47,34283.0,6,3,0.8,0.403,3,84671.0,0.123,23.2,0,1
B106857,Agriculture,Digital Lender,33,30160.0,28,2,0.789,0.885,1,251572.0,0.417,63.5,0,0
B106858,Trade,Bank,46,30948.0,33,3,0.859,0.718,4,262296.0,0.424,12.4,0,0
B106859,Trade,Digital Lender,37,18827.0,15,1,0.775,0.5,3,74689.0,0.198,38.3,0,0
B106860,Trade,SACCO,44,17549.0,31,4,0.678,0.715,3,149981.0,0.427,8.1,0,0
B106861,Services,Bank,45,12037.0,142,0,0.813,0.778,2,40534.0,0.168,15.3,0,0
B106862,Trade,Digital Lender,26,19867.0,30,4,0.822,0.744,2,109244.0,0.275,251.6,0,0
B106863,Agriculture,Digital Lender,36,96439.0,28,1,0.503,0.747,0,731532.0,0.379,170.8,0,0
B106864,Manufacturing,Digital Lender,45,13078.0,59,2,0.781,0.641,1,117094.0,0.448,207.1,1,0
B106865,Agriculture,Bank,46,15567.0,39,0,0.661,0.665,3,85601.0,0.275,15.3,0,0
B106866,Manufacturing,Bank,48,19090.0,28,2,0.835,0.634,0,89926.0,0.236,14.1,1,0
B106867,Trade,SACCO,36,19589.0,37,1,0.783,0.793,0,65897.0,0.168,13.8,0,0
B106868,Transport,Bank,50,34480.0,78,3,0.756,0.627,1,232876.0,0.338,19.3,0,0
B106869,Manufacturing,Bank,28,21237.0,8,3,0.602,0.862,1,43639.0,0.103,13.8,0,0
B106870,Personal/Household,MFI,20,26657.0,39,3,0.729,0.711,2,100531.0,0.189,21.2,0,0
B106871,Manufacturing,Bank,32,18635.0,2,0,0.744,0.521,1,129427.0,0.347,15.3,1,1
B106872,Real Estate,SACCO,47,22894.0,17,1,0.673,0.63,4,116984.0,0.255,13.1,0,1
B106873,Agriculture,MFI,24,28773.0,9,1,0.917,0.382,3,105770.0,0.184,22.5,0,0
B106874,Agriculture,Bank,20,27612.0,13,1,0.792,0.805,2,67893.0,0.123,15.4,0,0
B106875,Manufacturing,MFI,18,88382.0,34,2,0.724,0.229,1,766270.0,0.433,26.0,0,0
B106876,Trade,Bank,42,29275.0,6,2,0.825,0.572,2,256101.0,0.437,13.8,1,0
B106877,Agriculture,Bank,21,26493.0,13,0,0.675,0.804,6,162978.0,0.308,14.4,1,0
B106878,Transport,MFI,40,8000.0,1,0,0.713,0.833,0,35793.0,0.224,18.2,0,0
B106879,Trade,MFI,32,33927.0,16,2,0.763,0.434,1,171239.0,0.252,21.3,0,0
B106880,Trade,Bank,27,10034.0,37,1,0.658,0.78,3,52806.0,0.263,19.4,0,0
B106881,Transport,SACCO,25,40273.0,79,3,0.593,0.741,3,324074.0,0.402,8.0,0,0
B106882,Real Estate,Bank,37,32155.0,30,0,0.563,0.642,3,87593.0,0.136,13.7,0,0
B106883,Personal/Household,SACCO,27,46113.0,6,2,0.521,0.753,0,218898.0,0.237,11.3,0,0
B106884,Services,Bank,35,20975.0,21,2,0.878,0.589,2,129111.0,0.308,12.7,0,0
B106885,Services,SACCO,39,30177.0,11,2,0.789,0.686,2,90125.0,0.149,15.0,0,0
B106886,Real Estate,MFI,41,43117.0,12,0,0.84,0.674,1,108410.0,0.126,24.2,0,0
B106887,Agriculture,Bank,44,17832.0,13,1,0.645,0.249,0,51578.0,0.145,13.3,0,1
B106888,Transport,SACCO,37,41586.0,14,2,0.658,0.613,2,71869.0,0.086,11.7,0,0
B106889,Transport,Digital Lender,24,40552.0,16,2,0.944,0.507,1,247343.0,0.305,84.6,0,1
B106890,Transport,Bank,40,27607.0,10,0,0.843,0.532,2,230680.0,0.418,13.5,1,0
B106891,Agriculture,SACCO,42,70841.0,2,2,0.545,0.888,1,158785.0,0.112,13.2,0,0
B106892,Trade,Digital Lender,33,39480.0,38,1,0.585,0.461,1,243828.0,0.309,215.6,0,0
B106893,Trade,Bank,32,11840.0,20,0,0.77,0.718,2,64541.0,0.273,15.4,0,0
B106894,Trade,Digital Lender,60,51215.0,19,1,0.854,0.54,1,260260.0,0.254,160.8,0,0
B106895,Trade,MFI,22,20703.0,37,1,0.865,0.848,0,49523.0,0.12,19.9,0,0
B106896,Services,SACCO,40,46107.0,1,2,0.988,0.589,1,126338.0,0.137,13.4,0,0
B106897,Trade,Digital Lender,45,34980.0,15,4,0.915,0.22,2,162547.0,0.232,64.7,0,0
B106898,Transport,Digital Lender,32,8000.0,9,4,0.678,0.75,2,27541.0,0.172,36.3,0,0
B106899,Services,SACCO,33,41468.0,14,1,0.821,0.771,4,148839.0,0.179,15.8,0,1
B106900,Agriculture,SACCO,31,26320.0,23,1,0.681,0.602,2,215144.0,0.409,10.2,0,0
B106901,Manufacturing,Bank,35,23093.0,18,0,0.556,0.368,3,100421.0,0.217,13.0,1,0
B106902,Personal/Household,Bank,44,23571.0,37,1,0.564,0.802,3,70371.0,0.149,15.8,0,0
B106903,Agriculture,Digital Lender,33,45885.0,23,6,0.732,0.591,2,98553.0,0.107,224.0,0,0
B106904,Real Estate,Bank,66,17913.0,132,2,0.582,0.758,1,59640.0,0.166,14.7,0,0
B106905,Personal/Household,Digital Lender,30,54847.0,6,1,0.736,0.694,4,89654.0,0.082,193.2,0,0
B106906,Personal/Household,Bank,49,12890.0,51,1,0.695,0.874,1,56431.0,0.219,13.5,1,0
B106907,Personal/Household,Bank,40,34984.0,41,1,0.345,0.69,1,200527.0,0.287,15.9,0,0
B106908,Services,Bank,36,45472.0,32,1,0.791,0.533,3,213344.0,0.235,16.7,1,0
B106909,Agriculture,MFI,50,44862.0,20,4,0.824,0.823,2,263838.0,0.294,18.2,0,0
B106910,Personal/Household,Bank,19,32900.0,127,2,0.697,0.929,0,102331.0,0.156,13.9,0,0
B106911,Transport,Bank,39,26536.0,90,2,0.682,0.441,1,54127.0,0.102,15.3,0,1
B106912,Transport,Digital Lender,28,21972.0,25,4,0.712,0.834,3,106888.0,0.243,58.5,0,1
B106913,Personal/Household,Digital Lender,31,15179.0,25,3,0.746,0.661,3,124830.0,0.411,328.3,0,0
B106914,Personal/Household,Digital Lender,30,20392.0,11,4,0.872,0.728,2,70702.0,0.173,232.2,0,0
B106915,Services,Bank,25,17523.0,3,2,0.852,0.637,4,51922.0,0.148,15.8,1,0
B106916,Agriculture,Bank,18,16012.0,38,0,0.593,0.982,1,107711.0,0.336,11.0,0,0
B106917,Transport,SACCO,39,80181.0,36,2,0.92,0.76,0,193342.0,0.121,10.5,0,0
B106918,Agriculture,Bank,34,11549.0,41,1,0.832,0.806,5,36317.0,0.157,13.7,0,0
B106919,Transport,MFI,32,55217.0,36,1,0.82,0.526,1,314997.0,0.285,17.8,0,0
B106920,Personal/Household,Digital Lender,43,15062.0,40,3,0.692,0.613,1,94723.0,0.314,99.3,0,0
B106921,Personal/Household,Bank,40,16947.0,16,1,0.701,0.688,1,127853.0,0.377,10.1,0,0
B106922,Real Estate,Digital Lender,32,16795.0,6,3,0.762,0.49,0,130614.0,0.389,140.7,0,0
B106923,Manufacturing,Bank,66,16143.0,10,0,0.91,0.93,6,51550.0,0.16,11.8,0,0
B106924,Agriculture,Bank,45,49393.0,19,0,0.864,0.281,1,384635.0,0.389,14.0,0,0
B106925,Trade,Bank,59,41093.0,0,3,0.754,0.528,1,139234.0,0.169,15.6,0,1
B106926,Agriculture,Digital Lender,31,26162.0,25,3,0.811,0.637,4,164573.0,0.315,144.7,0,0
B106927,Services,SACCO,37,131801.0,10,0,0.855,0.68,1,1162338.0,0.441,10.2,0,0
B106928,Agriculture,Digital Lender,23,29460.0,15,4,0.51,0.823,0,188375.0,0.32,296.8,0,0
B106929,Services,Bank,32,30728.0,41,2,0.59,0.548,1,255326.0,0.415,13.5,0,0
B106930,Agriculture,Digital Lender,29,20392.0,146,4,0.885,0.75,1,54483.0,0.134,274.0,0,0
B106931,Personal/Household,SACCO,65,19099.0,38,0,0.855,0.643,1,31462.0,0.082,14.9,0,0
B106932,Manufacturing,SACCO,28,22176.0,36,0,0.857,0.684,2,101982.0,0.23,14.7,0,0
B106933,Personal/Household,Digital Lender,33,47498.0,4,4,0.577,0.686,1,112738.0,0.119,18.7,0,1
B106934,Transport,Digital Lender,20,40705.0,19,2,0.779,0.289,1,135882.0,0.167,125.6,0,0
B106935,Personal/Household,SACCO,40,60466.0,10,1,0.946,0.402,2,363501.0,0.301,9.8,0,0
B106936,Services,Bank,26,20042.0,16,1,0.793,0.314,2,128129.0,0.32,13.0,0,0
B106937,Manufacturing,Digital Lender,44,41119.0,29,2,0.563,0.713,1,230292.0,0.28,244.6,0,0
B106938,Trade,Bank,18,35173.0,44,2,0.386,0.604,3,305719.0,0.435,13.8,0,1
B106939,Agriculture,Digital Lender,34,37753.0,27,5,0.573,0.609,1,170178.0,0.225,21.3,0,0
B106940,Personal/Household,Bank,18,18489.0,9,0,0.558,0.42,2,114605.0,0.31,16.8,0,0
B106941,Manufacturing,Bank,30,16793.0,56,0,0.893,0.707,2,62345.0,0.186,13.8,0,0
B106942,Manufacturing,Bank,32,39996.0,3,3,0.631,0.73,2,304631.0,0.381,11.9,0,0
B106943,Transport,MFI,29,48053.0,37,1,0.7,0.608,2,270715.0,0.282,9.8,0,0
B106944,Real Estate,Bank,30,21161.0,6,0,0.938,0.558,0,63608.0,0.15,13.2,0,0
B106945,Personal/Household,Digital Lender,45,41563.0,52,5,0.664,0.626,0,342570.0,0.412,94.7,0,1
B106946,Personal/Household,SACCO,57,57507.0,61,3,0.559,0.662,2,375786.0,0.327,9.9,0,0
B106947,Personal/Household,Bank,38,24368.0,12,4,0.841,0.55,1,142658.0,0.293,14.3,0,0
B106948,Personal/Household,MFI,26,13476.0,46,3,0.791,0.443,2,29383.0,0.109,22.7,0,0
B106949,Services,Digital Lender,36,14435.0,53,2,0.461,0.545,0,127381.0,0.441,121.2,0,0
B106950,Transport,Digital Lender,31,20495.0,87,4,0.36,0.282,0,34126.0,0.083,85.4,0,0
B106951,Services,Bank,44,23265.0,22,1,0.528,0.776,1,124317.0,0.267,14.0,0,0
B106952,Trade,Digital Lender,38,29147.0,4,2,0.714,0.756,1,113061.0,0.194,160.6,0,0
B106953,Transport,Bank,19,29475.0,22,4,0.888,0.637,1,178450.0,0.303,14.0,1,1
B106954,Personal/Household,SACCO,46,25596.0,9,2,0.821,0.449,0,108925.0,0.213,11.4,0,0
B106955,Real Estate,Digital Lender,45,43199.0,21,1,0.579,0.543,1,233024.0,0.27,8.0,0,0
B106956,Agriculture,MFI,50,19567.0,4,0,0.884,0.631,1,159739.0,0.408,22.7,1,0
B106957,Manufacturing,Bank,30,59610.0,23,0,0.391,0.538,3,216327.0,0.181,15.0,0,0
B106958,Agriculture,SACCO,38,49863.0,23,1,0.824,0.687,2,213343.0,0.214,12.7,0,0
B106959,Services,Bank,23,47894.0,2,0,0.9,0.84,2,251846.0,0.263,11.2,0,0
B106960,Agriculture,Bank,34,20687.0,15,2,0.819,0.826,2,154619.0,0.374,13.6,0,1
B106961,Trade,Bank,39,27888.0,85,5,0.786,0.501,2,123480.0,0.221,11.8,0,1
B106962,Manufacturing,Digital Lender,29,44248.0,9,1,0.91,0.513,2,329315.0,0.372,84.0,0,0
B106963,Real Estate,Bank,38,26637.0,29,0,0.427,0.83,2,78102.0,0.147,16.0,0,0
B106964,Trade,MFI,37,20241.0,48,2,0.707,0.806,0,181971.0,0.449,24.5,0,0
B106965,Manufacturing,Digital Lender,31,19799.0,21,2,0.56,0.709,2,144358.0,0.365,36.5,0,1
B106966,Manufacturing,Digital Lender,49,20337.0,8,0,0.866,0.732,1,125269.0,0.308,226.5,0,0
B106967,Trade,MFI,33,15701.0,34,3,0.917,0.641,2,108192.0,0.345,15.4,0,0
B106968,Transport,MFI,36,144162.0,171,1,0.691,0.801,3,423603.0,0.147,15.1,0,0
B106969,Manufacturing,Bank,20,10160.0,39,0,0.841,0.821,2,56140.0,0.276,15.0,0,0
B106970,Personal/Household,MFI,40,17336.0,38,0,0.363,0.884,0,122959.0,0.355,19.7,0,1
B106971,Agriculture,Bank,30,41267.0,43,1,0.842,0.673,2,194287.0,0.235,15.0,0,0
B106972,Agriculture,Bank,45,20440.0,1,3,0.547,0.964,2,134355.0,0.329,12.8,0,1
B106973,Services,Bank,22,24503.0,36,1,0.402,0.756,4,194564.0,0.397,15.4,0,0
B106974,Manufacturing,SACCO,39,36951.0,5,1,0.888,0.269,2,233686.0,0.316,11.9,0,0
B106975,Trade,Bank,18,52459.0,51,4,0.57,0.734,0,289704.0,0.276,14.3,0,0
B106976,Personal/Household,Bank,41,25581.0,25,4,0.89,0.863,2,103612.0,0.203,15.7,1,0
B106977,Trade,Digital Lender,33,49371.0,21,3,0.459,0.737,0,137230.0,0.139,11.7,1,0
B106978,Personal/Household,Bank,39,11689.0,6,1,0.976,0.968,2,90513.0,0.387,15.2,0,0
B106979,Personal/Household,SACCO,29,21305.0,9,3,0.773,0.722,0,166703.0,0.391,12.6,0,0
B106980,Services,MFI,26,39033.0,18,1,0.69,0.661,5,210904.0,0.27,22.4,0,1
B106981,Services,MFI,31,88014.0,9,0,0.917,0.778,3,330196.0,0.188,23.7,0,0
B106982,Agriculture,Bank,37,17484.0,160,1,0.937,0.934,0,126257.0,0.361,9.0,0,0
B106983,Personal/Household,Bank,41,15870.0,8,0,0.848,0.618,1,46917.0,0.148,13.1,0,0
B106984,Agriculture,Digital Lender,38,35874.0,91,3,0.586,0.71,0,254761.0,0.355,33.7,0,0
B106985,Transport,MFI,26,30615.0,21,4,0.774,0.657,1,110369.0,0.18,17.5,0,0
B106986,Transport,Bank,53,20028.0,76,0,0.764,0.665,1,34996.0,0.087,11.1,0,0
B106987,Trade,Bank,38,15227.0,41,1,0.537,0.863,0,68116.0,0.224,14.4,0,0
B106988,Trade,MFI,29,22412.0,29,0,0.71,0.783,1,127525.0,0.284,12.4,0,0
B106989,Trade,Bank,39,39604.0,102,4,0.64,0.644,0,323245.0,0.408,14.0,0,0
B106990,Trade,MFI,38,24754.0,51,3,0.611,0.762,2,92422.0,0.187,20.8,0,0
B106991,Agriculture,MFI,33,56621.0,42,2,0.93,0.567,1,148742.0,0.131,20.0,0,0
B106992,Services,SACCO,32,27589.0,5,3,0.572,0.696,5,145316.0,0.263,11.4,0,1
B106993,Manufacturing,Digital Lender,45,41391.0,47,1,0.559,0.917,3,308207.0,0.372,111.2,0,0
B106994,Personal/Household,MFI,52,34654.0,29,0,0.66,0.404,2,132484.0,0.191,20.6,0,0
B106995,Personal/Household,Digital Lender,18,23813.0,11,6,0.891,0.765,0,76430.0,0.16,59.6,0,0
B106996,Personal/Household,MFI,47,47015.0,2,2,0.692,0.709,0,191543.0,0.204,19.3,0,0
B106997,Real Estate,MFI,35,15222.0,12,2,0.48,0.29,1,69466.0,0.228,22.0,1,0
B106998,Personal/Household,SACCO,37,21928.0,41,1,0.629,0.624,1,83382.0,0.19,8.0,0,0
B106999,Personal/Household,SACCO,49,23679.0,9,1,0.847,0.794,3,176063.0,0.372,14.3,0,1
B107000,Personal/Household,Bank,18,36675.0,6,2,0.723,0.932,1,199515.0,0.272,13.4,1,0
B107001,Services,Digital Lender,43,42064.0,84,0,0.806,0.584,1,108590.0,0.129,220.8,0,0
B107002,Transport,Digital Lender,48,18990.0,5,6,0.959,0.917,1,52511.0,0.138,165.6,0,0
B107003,Manufacturing,Bank,28,17573.0,14,3,0.465,0.879,2,28365.0,0.081,16.2,0,0
B107004,Services,MFI,21,31046.0,109,2,0.758,0.709,2,267252.0,0.43,18.2,0,0
B107005,Real Estate,Digital Lender,51,12763.0,35,2,0.453,0.466,2,72606.0,0.284,8.0,0,0
B107006,Personal/Household,Digital Lender,18,51757.0,14,2,0.972,0.598,1,154788.0,0.15,65.2,0,0
B107007,Trade,SACCO,39,26289.0,5,2,0.705,0.762,4,197919.0,0.376,12.6,0,0
B107008,Trade,Bank,45,15627.0,29,1,0.617,0.831,0,109952.0,0.352,17.2,0,0
B107009,Manufacturing,SACCO,39,15458.0,19,1,0.702,0.738,2,42275.0,0.137,18.7,0,0
B107010,Trade,Bank,41,35321.0,40,1,0.751,0.407,1,273775.0,0.388,13.5,0,0
B107011,Services,SACCO,32,34799.0,48,5,0.65,0.656,1,92833.0,0.133,15.2,0,0
B107012,Trade,SACCO,40,19484.0,6,4,0.819,0.416,1,84582.0,0.217,8.0,0,0
B107013,Personal/Household,SACCO,28,27928.0,37,1,0.793,0.443,0,160034.0,0.287,9.9,0,1
B107014,Agriculture,Bank,29,15978.0,24,1,0.756,0.76,2,26376.0,0.083,17.2,1,0
B107015,Services,MFI,35,25793.0,51,2,0.775,0.422,6,228788.0,0.443,21.5,0,0
B107016,Real Estate,SACCO,20,66940.0,32,3,0.665,0.547,0,330827.0,0.247,15.2,0,0
B107017,Trade,Bank,41,95972.0,16,3,0.791,0.95,3,172003.0,0.09,12.2,0,0
B107018,Trade,Bank,18,26464.0,97,3,0.72,0.765,2,69195.0,0.131,12.1,1,0
B107019,Manufacturing,Bank,39,37704.0,3,2,0.87,0.296,3,297843.0,0.395,16.1,0,0
B107020,Services,Digital Lender,40,36893.0,2,3,0.988,0.692,1,321565.0,0.436,176.2,0,0
B107021,Services,MFI,27,11538.0,22,0,0.655,0.647,0,79133.0,0.343,20.9,0,1
B107022,Agriculture,SACCO,23,15797.0,6,0,0.801,0.527,0,47899.0,0.152,10.8,0,1
B107023,Manufacturing,MFI,31,8320.0,2,2,0.638,0.622,2,72465.0,0.435,24.7,0,0
B107024,Trade,Digital Lender,41,38063.0,1,5,0.729,0.558,0,255986.0,0.336,151.5,0,0
B107025,Manufacturing,MFI,38,86679.0,97,3,0.974,0.709,3,280149.0,0.162,21.5,0,0
B107026,Transport,Bank,24,53434.0,53,1,0.569,0.526,1,126581.0,0.118,16.4,0,0
B107027,Agriculture,Bank,36,30469.0,9,2,0.931,0.749,4,148852.0,0.244,15.5,0,0
B107028,Transport,Bank,38,28196.0,100,1,0.844,0.677,0,63624.0,0.113,16.1,0,0
B107029,Services,Digital Lender,37,24494.0,11,1,0.657,0.523,1,74346.0,0.152,74.2,0,0
B107030,Trade,SACCO,25,53253.0,29,1,0.963,0.863,4,372644.0,0.35,11.0,0,0
B107031,Agriculture,Digital Lender,37,33477.0,22,3,0.967,0.446,2,198258.0,0.296,102.9,0,1
B107032,Trade,SACCO,44,30772.0,0,3,0.73,0.692,0,193366.0,0.314,12.3,0,0
B107033,Trade,Digital Lender,40,16207.0,28,4,0.868,0.701,0,62372.0,0.192,217.8,0,0
B107034,Trade,Digital Lender,39,41382.0,137,3,0.755,0.914,0,180813.0,0.218,101.0,0,0
B107035,Transport,SACCO,51,27378.0,11,3,0.924,0.81,0,66980.0,0.122,10.8,0,0
B107036,Trade,Bank,37,36987.0,0,4,0.725,0.509,3,183248.0,0.248,13.2,0,1
B107037,Personal/Household,Bank,27,51508.0,84,2,0.953,0.796,2,336850.0,0.327,13.6,0,0
B107038,Services,SACCO,27,12098.0,0,2,0.794,0.793,1,94196.0,0.389,13.5,0,0
B107039,Services,Digital Lender,37,25271.0,42,3,0.907,0.687,0,98754.0,0.195,152.3,0,0
B107040,Transport,MFI,21,23334.0,54,0,0.665,0.833,1,195623.0,0.419,18.9,1,0
B107041,Trade,Bank,32,22230.0,12,2,0.961,0.751,1,39032.0,0.088,13.9,0,0
B107042,Trade,SACCO,40,16086.0,43,1,0.773,0.721,5,79761.0,0.248,10.8,0,0
B107043,Agriculture,MFI,47,19928.0,7,4,0.493,0.702,0,171323.0,0.43,20.0,0,1
B107044,Services,Bank,20,16250.0,96,0,0.737,0.835,2,43467.0,0.134,13.4,0,0
B107045,Services,Digital Lender,36,46803.0,2,2,0.967,0.763,1,242510.0,0.259,256.6,0,0
B107046,Real Estate,MFI,34,36592.0,15,2,0.796,0.613,1,122699.0,0.168,24.0,0,0
B107047,Agriculture,Bank,35,35223.0,2,0,0.351,0.604,3,161655.0,0.229,15.3,0,0
B107048,Manufacturing,Bank,36,10303.0,2,2,0.735,0.871,0,43350.0,0.21,14.4,0,0
B107049,Agriculture,MFI,35,86844.0,15,0,0.968,0.784,3,166674.0,0.096,23.2,0,0
B107050,Services,MFI,49,23749.0,2,0,0.815,0.834,1,131425.0,0.277,17.1,0,0
B107051,Agriculture,Bank,47,77617.0,16,0,0.536,0.798,1,576099.0,0.371,14.1,0,0
B107052,Agriculture,SACCO,56,44892.0,7,4,0.834,0.385,1,399179.0,0.445,8.0,0,1
B107053,Real Estate,SACCO,35,26176.0,63,1,0.85,0.444,3,45854.0,0.088,10.4,0,0
B107054,Trade,Bank,31,91470.0,4,1,0.635,0.699,2,461166.0,0.252,16.3,1,0
B107055,Real Estate,MFI,25,40622.0,14,2,0.686,0.924,0,68076.0,0.084,15.4,0,0
B107056,Personal/Household,MFI,30,26223.0,86,2,0.828,0.65,3,171144.0,0.326,17.8,0,0
B107057,Trade,Bank,42,23978.0,35,2,0.794,0.907,0,214927.0,0.448,14.1,0,0
B107058,Transport,Bank,44,52448.0,30,2,0.807,0.85,1,371024.0,0.354,17.0,0,0
B107059,Real Estate,Bank,42,22135.0,12,3,0.425,0.733,1,137685.0,0.311,15.2,0,0
B107060,Trade,MFI,28,24144.0,6,2,0.678,0.732,2,172609.0,0.357,19.3,0,0
B107061,Trade,Digital Lender,28,21411.0,6,1,0.954,0.72,3,99991.0,0.233,8.0,0,0
B107062,Agriculture,MFI,55,19622.0,55,1,0.982,0.663,1,130132.0,0.332,17.5,0,1
B107063,Trade,Digital Lender,27,20293.0,54,3,0.569,0.689,1,65564.0,0.162,184.3,0,0
B107064,Agriculture,Bank,49,78814.0,50,5,0.823,0.781,2,348743.0,0.221,11.7,0,1
B107065,Personal/Household,SACCO,39,51749.0,88,3,0.625,0.752,3,93596.0,0.09,17.1,0,0
B107066,Personal/Household,MFI,28,33841.0,69,0,0.636,0.825,1,171462.0,0.253,19.7,0,0
B107067,Services,Digital Lender,23,22002.0,5,7,0.892,0.664,1,166662.0,0.379,278.3,0,0
B107068,Real Estate,Digital Lender,28,21955.0,94,1,0.825,0.711,0,61184.0,0.139,8.0,0,0
B107069,Personal/Household,MFI,39,24303.0,2,2,0.586,0.641,3,153809.0,0.316,26.6,0,0
B107070,Transport,MFI,26,79533.0,6,2,0.294,0.819,0,436088.0,0.274,18.5,0,0
B107071,Trade,Digital Lender,51,34892.0,43,3,0.881,0.313,1,144075.0,0.206,112.3,0,0
B107072,Agriculture,Digital Lender,33,44853.0,15,4,0.891,0.836,0,80372.0,0.09,268.6,0,0
B107073,Manufacturing,Digital Lender,42,33187.0,50,5,0.867,0.726,2,287002.0,0.432,94.8,0,0
B107074,Personal/Household,Bank,41,18268.0,18,0,0.812,0.796,2,46292.0,0.127,17.2,0,0
B107075,Real Estate,Bank,51,31458.0,9,1,0.765,0.6,2,165770.0,0.263,15.4,0,0
B107076,Agriculture,MFI,31,16453.0,19,2,0.854,0.69,2,54806.0,0.167,26.3,0,0
B107077,Services,SACCO,36,57379.0,26,4,0.801,0.829,1,450450.0,0.393,14.5,0,0
B107078,Trade,Bank,21,19698.0,60,2,0.847,0.812,0,102800.0,0.261,13.0,0,0
B107079,Services,Bank,36,21709.0,19,0,0.463,0.689,2,92857.0,0.214,17.7,0,1
B107080,Personal/Household,SACCO,46,46502.0,3,2,0.844,0.596,3,405495.0,0.436,10.5,0,0
B107081,Personal/Household,Bank,37,20250.0,2,0,0.773,0.411,2,67541.0,0.167,17.5,1,0
B107082,Personal/Household,SACCO,58,26358.0,21,4,0.87,0.863,0,218198.0,0.414,8.0,0,0
B107083,Trade,Bank,40,8000.0,1,0,0.806,0.693,3,60437.0,0.378,14.6,0,1
B107084,Transport,Digital Lender,30,24899.0,15,2,0.639,0.789,3,218791.0,0.439,141.0,0,0
B107085,Personal/Household,Bank,40,41227.0,54,2,0.673,0.278,4,106476.0,0.129,14.5,1,1
B107086,Personal/Household,SACCO,20,21067.0,1,2,0.746,0.81,2,161746.0,0.384,11.3,0,0
B107087,Agriculture,MFI,27,40441.0,47,2,0.434,0.864,0,85494.0,0.106,15.0,1,1
B107088,Trade,Bank,23,29470.0,90,2,0.875,0.451,2,216259.0,0.367,13.7,0,0
B107089,Agriculture,MFI,35,54085.0,6,0,0.789,0.6,2,301973.0,0.279,19.9,0,0
B107090,Real Estate,Digital Lender,34,19846.0,18,3,0.904,0.725,2,109022.0,0.275,146.6,0,0
B107091,Manufacturing,MFI,47,26034.0,34,1,0.858,0.916,1,58854.0,0.113,23.1,1,0
B107092,Personal/Household,Bank,34,13249.0,1,2,0.371,0.899,3,61786.0,0.233,14.4,0,0
B107093,Personal/Household,SACCO,25,28264.0,59,0,0.86,0.298,3,243261.0,0.43,14.0,0,0
B107094,Transport,Bank,51,23580.0,87,1,0.816,0.631,1,102312.0,0.217,13.6,0,0
B107095,Agriculture,MFI,18,50416.0,42,3,0.747,0.449,0,263405.0,0.261,13.7,0,0
B107096,Real Estate,MFI,35,21087.0,10,3,0.876,0.449,1,97762.0,0.232,17.9,0,0
B107097,Agriculture,MFI,37,23552.0,23,0,0.666,0.583,0,75138.0,0.16,22.2,0,0
B107098,Agriculture,Bank,35,20510.0,38,4,0.779,0.685,2,53315.0,0.13,15.5,0,0
B107099,Trade,Bank,40,30180.0,1,1,0.911,0.735,3,161777.0,0.268,12.8,0,0
B107100,Agriculture,Bank,36,88759.0,51,4,0.788,0.692,3,221535.0,0.125,13.9,0,0
B107101,Agriculture,MFI,40,8000.0,38,3,0.652,0.646,2,17718.0,0.111,14.8,0,0
B107102,Manufacturing,SACCO,29,28961.0,58,1,0.899,0.52,0,158851.0,0.274,11.6,0,0
B107103,Trade,SACCO,20,56722.0,6,1,0.831,0.63,2,464522.0,0.409,12.5,0,0
B107104,Agriculture,Bank,35,22404.0,54,0,0.883,0.762,0,131169.0,0.293,12.8,0,0
B107105,Trade,Bank,25,39729.0,45,1,0.364,0.904,4,153438.0,0.193,14.7,0,1
B107106,Transport,SACCO,28,56815.0,13,2,0.758,0.644,3,339636.0,0.299,14.4,0,0
B107107,Manufacturing,MFI,47,25543.0,62,3,0.791,0.448,1,51498.0,0.101,17.3,0,0
B107108,Agriculture,Digital Lender,51,20766.0,4,3,0.573,0.794,4,115099.0,0.277,158.8,0,0
B107109,Trade,Bank,46,49736.0,5,1,0.542,0.617,2,407440.0,0.41,15.4,0,0
B107110,Services,Bank,45,39044.0,20,1,0.953,0.679,2,81959.0,0.105,11.8,0,0
B107111,Transport,Bank,36,28730.0,127,1,0.737,0.693,1,107414.0,0.187,15.5,0,0
B107112,Transport,SACCO,45,41614.0,32,2,0.651,0.873,4,110666.0,0.133,12.8,0,1
B107113,Manufacturing,MFI,39,50422.0,52,1,0.736,0.777,1,422858.0,0.419,22.0,0,0
B107114,Personal/Household,Bank,54,28878.0,13,1,0.71,0.673,1,236110.0,0.409,15.2,0,0
B107115,Services,Bank,26,35172.0,52,0,0.476,0.727,1,147626.0,0.21,13.0,0,0
B107116,Real Estate,SACCO,42,39631.0,20,2,0.925,0.783,4,337703.0,0.426,10.9,0,0
B107117,Personal/Household,Bank,22,23063.0,72,5,0.534,0.902,3,172970.0,0.375,16.1,0,0
B107118,Agriculture,SACCO,42,57147.0,48,2,0.617,0.492,1,230437.0,0.202,15.9,0,0
B107119,Transport,Bank,18,16865.0,14,2,0.95,0.374,1,130908.0,0.388,13.7,0,0
B107120,Real Estate,Bank,23,27662.0,0,1,0.7,0.742,1,43735.0,0.079,13.0,0,0
B107121,Trade,Bank,22,45348.0,153,2,0.842,0.597,1,151114.0,0.167,16.0,0,0
B107122,Services,Digital Lender,38,16630.0,42,2,0.929,0.872,0,117113.0,0.352,202.3,0,1
B107123,Personal/Household,Bank,39,48013.0,45,1,0.86,0.852,2,198928.0,0.207,15.4,0,0
B107124,Agriculture,Bank,60,33013.0,13,2,0.718,0.431,3,126307.0,0.191,17.9,0,1
B107125,Services,Digital Lender,34,61627.0,13,3,0.671,0.53,1,361846.0,0.294,102.1,0,0
B107126,Agriculture,Bank,43,41649.0,4,1,0.907,0.862,1,143814.0,0.173,14.6,0,0
B107127,Real Estate,Bank,37,27186.0,151,3,0.903,0.753,1,117729.0,0.217,16.4,0,0
B107128,Personal/Household,Bank,42,33772.0,71,1,0.954,0.59,1,122249.0,0.181,11.8,0,0
B107129,Agriculture,SACCO,36,34446.0,70,0,0.727,0.933,3,251389.0,0.365,11.6,0,0
B107130,Real Estate,MFI,46,90473.0,45,3,0.549,0.439,2,752674.0,0.416,23.2,0,0
B107131,Transport,Digital Lender,24,31150.0,18,1,0.763,0.936,0,188177.0,0.302,203.0,0,0
B107132,Trade,SACCO,18,27560.0,24,1,0.783,0.518,2,107940.0,0.196,10.8,0,0
B107133,Real Estate,MFI,39,26702.0,11,2,0.916,0.747,3,125561.0,0.235,20.3,1,0
B107134,Agriculture,Bank,18,32987.0,29,3,0.518,0.9,0,291119.0,0.441,15.9,0,0
B107135,Transport,Digital Lender,48,15933.0,13,4,0.914,0.589,1,104515.0,0.328,8.0,0,0
B107136,Trade,Digital Lender,30,24088.0,11,6,0.77,0.305,4,138564.0,0.288,8.0,0,1
B107137,Agriculture,Digital Lender,25,17040.0,28,1,0.458,0.542,2,34626.0,0.102,165.0,0,0
B107138,Personal/Household,Bank,62,18310.0,4,3,0.61,0.54,1,63929.0,0.175,15.0,0,0
B107139,Trade,SACCO,35,46270.0,38,2,0.762,0.703,0,349145.0,0.377,8.0,0,1
B107140,Real Estate,SACCO,33,30165.0,10,2,0.839,0.9,3,208595.0,0.346,14.9,0,0
B107141,Personal/Household,Digital Lender,42,19771.0,19,1,0.782,0.697,2,90421.0,0.229,68.7,0,0
B107142,Personal/Household,Bank,43,27374.0,11,0,0.833,0.743,1,87964.0,0.161,15.9,0,0
B107143,Trade,Digital Lender,46,25969.0,21,3,0.778,0.751,0,220512.0,0.425,57.7,0,0
B107144,Personal/Household,SACCO,22,30607.0,10,0,0.921,0.816,4,174278.0,0.285,14.7,0,0
B107145,Personal/Household,Digital Lender,40,12979.0,88,3,0.475,0.314,0,23291.0,0.09,158.0,0,0
B107146,Agriculture,SACCO,32,16314.0,14,9,0.653,0.729,0,93210.0,0.286,13.8,0,0
B107147,Personal/Household,Digital Lender,26,13456.0,10,2,0.804,0.665,2,32432.0,0.12,149.4,0,0
B107148,Personal/Household,Bank,35,18128.0,0,4,0.794,0.575,2,138768.0,0.383,13.0,0,1
B107149,Transport,Bank,18,19980.0,25,1,0.705,0.778,1,126045.0,0.315,15.8,0,0
B107150,Manufacturing,Bank,44,16831.0,23,2,0.554,0.959,3,41715.0,0.124,14.5,0,0
B107151,Personal/Household,Digital Lender,32,45271.0,21,4,0.614,0.551,4,258228.0,0.285,160.2,0,0
B107152,Services,Bank,30,81795.0,39,5,0.559,0.801,4,266404.0,0.163,17.7,0,0
B107153,Manufacturing,SACCO,34,46820.0,26,1,0.894,0.694,4,349548.0,0.373,12.3,0,0
B107154,Personal/Household,Digital Lender,33,21786.0,42,3,0.666,0.634,2,105490.0,0.242,228.9,0,1
B107155,Personal/Household,Digital Lender,46,33376.0,33,4,0.669,0.659,2,275021.0,0.412,205.8,0,0
B107156,Personal/Household,SACCO,24,28666.0,26,1,0.696,0.588,3,254447.0,0.444,15.1,0,0
B107157,Services,Digital Lender,31,21272.0,18,1,0.774,0.668,1,111423.0,0.262,182.0,0,0
B107158,Trade,Bank,33,61611.0,44,0,0.854,0.565,1,539144.0,0.438,10.7,0,0
B107159,Trade,MFI,24,89677.0,15,1,0.903,0.423,7,204879.0,0.114,21.8,0,0
B107160,Transport,MFI,37,13247.0,48,3,0.713,0.793,2,67743.0,0.256,21.6,0,0
B107161,Real Estate,Digital Lender,28,65654.0,52,4,0.742,0.409,3,354479.0,0.27,140.9,0,0
B107162,Manufacturing,Bank,21,21482.0,13,0,0.811,0.825,2,66971.0,0.156,11.2,0,0
B107163,Personal/Household,Bank,40,25738.0,39,1,0.458,0.648,0,119666.0,0.232,16.2,0,0
B107164,Services,SACCO,50,34734.0,34,0,0.831,0.638,1,263124.0,0.379,15.6,0,0
B107165,Real Estate,MFI,35,69648.0,32,1,0.759,0.626,3,198112.0,0.142,16.7,1,0
B107166,Personal/Household,Digital Lender,34,34707.0,9,1,0.765,0.716,3,189390.0,0.273,254.2,0,0
B107167,Trade,MFI,34,37304.0,76,1,0.66,0.781,2,231681.0,0.311,29.6,0,1
B107168,Manufacturing,Digital Lender,30,47541.0,1,0,0.852,0.802,3,412944.0,0.434,60.5,0,0
B107169,Trade,MFI,47,51851.0,42,1,0.815,0.825,0,448171.0,0.432,15.1,0,0
B107170,Manufacturing,Digital Lender,36,39384.0,30,1,0.866,0.669,2,264316.0,0.336,177.5,0,0
B107171,Manufacturing,SACCO,18,52028.0,80,2,0.694,0.741,7,240158.0,0.231,12.7,0,1
B107172,Personal/Household,Bank,47,21400.0,14,1,0.649,0.892,3,40229.0,0.094,14.2,0,0
B107173,Transport,Bank,45,11453.0,2,2,0.751,0.545,1,37465.0,0.164,13.6,1,1
B107174,Agriculture,Digital Lender,41,81125.0,1,1,0.819,0.345,2,429748.0,0.265,78.7,0,0
B107175,Trade,Bank,18,16802.0,21,1,0.807,0.854,0,75775.0,0.225,14.3,0,0
B107176,Trade,SACCO,35,22168.0,11,1,0.805,0.754,3,89177.0,0.201,13.7,0,0
B107177,Services,Bank,44,24777.0,44,0,0.888,0.856,1,69840.0,0.141,17.6,0,0
B107178,Services,Digital Lender,39,22536.0,34,6,0.78,0.633,3,50685.0,0.112,76.0,1,0
B107179,Agriculture,Bank,37,19943.0,39,3,0.636,0.836,2,156012.0,0.391,12.5,0,1
B107180,Agriculture,SACCO,44,38368.0,50,1,0.734,0.599,2,147198.0,0.192,12.8,0,0
B107181,Real Estate,MFI,36,38593.0,34,1,0.825,0.616,1,281935.0,0.365,14.9,0,0
B107182,Personal/Household,Bank,47,41813.0,51,2,0.895,0.667,2,341988.0,0.409,14.8,0,0
B107183,Agriculture,MFI,37,40395.0,15,1,0.961,0.619,2,244027.0,0.302,22.0,0,0
B107184,Trade,Digital Lender,36,23643.0,93,2,0.7,0.775,1,78845.0,0.167,43.7,0,0
B107185,Real Estate,SACCO,44,23622.0,128,1,0.822,0.554,4,43123.0,0.091,11.4,0,0
B107186,Agriculture,Digital Lender,31,55026.0,5,4,0.828,0.604,1,111404.0,0.101,82.1,0,0
B107187,Agriculture,Digital Lender,24,22320.0,6,1,0.61,0.566,4,131566.0,0.295,206.3,1,0
B107188,Trade,SACCO,35,22077.0,149,1,0.971,0.782,6,109617.0,0.248,11.1,0,1
B107189,Transport,MFI,41,49574.0,34,1,0.794,0.532,0,76537.0,0.077,18.7,0,0
B107190,Manufacturing,Digital Lender,44,29430.0,34,2,0.865,0.744,3,179071.0,0.304,28.0,0,0
B107191,Agriculture,MFI,44,22521.0,29,2,0.847,0.473,2,150536.0,0.334,19.0,0,0
B107192,Manufacturing,MFI,34,22639.0,45,0,0.742,0.508,0,198758.0,0.439,20.8,0,0
B107193,Manufacturing,Digital Lender,33,55168.0,2,1,0.959,0.674,0,382396.0,0.347,107.2,0,0
B107194,Personal/Household,Digital Lender,29,41040.0,7,0,0.477,0.77,1,343602.0,0.419,124.7,0,0
B107195,Services,MFI,37,33864.0,8,0,0.509,0.861,1,57276.0,0.085,24.9,0,0
B107196,Trade,Bank,19,15654.0,36,0,0.871,0.602,2,110728.0,0.354,12.0,0,0
B107197,Services,SACCO,35,33943.0,18,1,0.835,0.486,6,305155.0,0.449,15.4,0,0
B107198,Personal/Household,SACCO,63,26449.0,104,3,0.745,0.303,2,183058.0,0.346,17.9,0,1
B107199,Personal/Household,Bank,20,18001.0,41,4,0.63,0.614,2,97946.0,0.272,13.3,1,1
B107200,Agriculture,SACCO,37,21357.0,14,3,0.949,0.532,2,101838.0,0.238,12.4,0,0
B107201,Agriculture,MFI,39,43603.0,33,1,0.67,0.852,3,384621.0,0.441,16.8,0,0
B107202,Trade,Bank,40,58884.0,5,3,0.647,0.518,5,90633.0,0.077,12.9,0,0
B107203,Services,SACCO,25,16621.0,4,1,0.414,0.344,5,94092.0,0.283,8.0,0,1
B107204,Transport,Bank,40,17815.0,95,2,0.501,0.935,2,48013.0,0.135,13.7,0,0
B107205,Real Estate,Digital Lender,30,43555.0,1,2,0.781,0.539,1,333067.0,0.382,233.9,0,0
B107206,Manufacturing,Bank,21,23741.0,2,1,0.424,0.921,3,104128.0,0.219,15.5,0,0
B107207,Trade,Digital Lender,45,40296.0,50,3,0.903,0.911,2,119064.0,0.148,81.3,0,0
B107208,Trade,Bank,42,23566.0,13,1,0.641,0.776,4,157442.0,0.334,15.1,0,0
B107209,Transport,Digital Lender,25,40837.0,25,2,0.663,0.667,1,263464.0,0.323,144.9,0,0
B107210,Manufacturing,Digital Lender,30,13967.0,5,4,0.882,0.898,1,91528.0,0.328,190.9,0,0
B107211,Personal/Household,Bank,29,40220.0,82,2,0.705,0.542,0,298051.0,0.371,16.0,0,0
B107212,Transport,Digital Lender,19,9371.0,2,2,0.862,0.61,1,74698.0,0.398,328.7,0,0
B107213,Transport,MFI,43,49460.0,44,0,0.915,0.717,1,373121.0,0.377,17.8,0,0
B107214,Personal/Household,MFI,43,29181.0,7,1,0.53,0.624,3,52200.0,0.089,16.7,0,0
B107215,Trade,Digital Lender,32,37899.0,7,3,0.83,0.755,1,327682.0,0.432,181.9,1,1
B107216,Personal/Household,Digital Lender,35,33874.0,1,2,0.985,0.893,4,54536.0,0.08,199.8,0,1
B107217,Personal/Household,SACCO,36,11635.0,7,3,0.943,0.847,0,57284.0,0.246,11.5,0,0
B107218,Agriculture,Digital Lender,37,63055.0,11,2,0.833,0.964,3,97676.0,0.077,171.5,0,0
B107219,Trade,Bank,22,35738.0,33,5,0.646,0.94,0,218319.0,0.305,14.6,0,0
B107220,Trade,Bank,40,45070.0,2,0,0.634,0.326,3,151001.0,0.168,15.2,0,1
B107221,Trade,Bank,23,19157.0,27,1,0.804,0.596,0,46086.0,0.12,12.3,0,0
B107222,Manufacturing,Bank,42,33943.0,13,0,0.864,0.907,0,146611.0,0.216,13.5,0,0
B107223,Trade,SACCO,24,14466.0,16,0,0.854,0.816,1,99962.0,0.345,19.6,0,0
B107224,Transport,Bank,22,32276.0,12,2,0.827,0.51,2,221665.0,0.343,16.8,0,0
B107225,Trade,MFI,35,17734.0,2,3,0.834,0.406,2,83185.0,0.235,19.7,0,1
B107226,Trade,Bank,34,466951.0,16,2,0.893,0.806,1,3874655.0,0.415,14.0,1,1
B107227,Agriculture,Bank,36,41475.0,15,0,0.696,0.823,3,206507.0,0.249,15.1,0,0
B107228,Trade,SACCO,26,61819.0,37,3,0.829,0.82,2,104966.0,0.085,12.5,0,0
B107229,Services,Bank,37,25919.0,53,2,0.852,0.886,1,224215.0,0.433,13.1,0,0
B107230,Agriculture,SACCO,38,37029.0,5,1,0.819,0.527,1,205428.0,0.277,12.7,0,0
B107231,Agriculture,Digital Lender,47,48920.0,120,0,0.77,0.397,2,227726.0,0.233,204.2,1,1
B107232,Trade,MFI,37,16481.0,3,1,0.735,0.624,2,111489.0,0.338,17.0,0,0
B107233,Agriculture,Digital Lender,29,20539.0,19,2,0.944,0.758,4,34504.0,0.084,358.9,0,0
B107234,Transport,Digital Lender,22,50761.0,35,3,0.816,0.646,1,142064.0,0.14,8.0,0,0
B107235,Personal/Household,Bank,20,26372.0,28,4,0.745,0.331,5,172379.0,0.327,17.8,1,0
B107236,Agriculture,SACCO,38,19708.0,29,0,0.576,0.365,2,95592.0,0.243,15.6,0,0
B107237,Transport,Bank,43,21014.0,17,0,0.872,0.808,2,165849.0,0.395,12.0,0,0
B107238,Manufacturing,MFI,26,15179.0,57,4,0.84,0.59,3,84258.0,0.278,15.8,1,0
B107239,Personal/Household,SACCO,38,10121.0,5,1,0.717,0.556,1,31375.0,0.155,15.3,1,0
B107240,Manufacturing,SACCO,33,11697.0,13,1,0.704,0.587,3,27405.0,0.117,18.7,0,0
B107241,Agriculture,Digital Lender,42,30489.0,74,5,0.514,0.788,1,74179.0,0.122,8.0,0,0
B107242,Personal/Household,SACCO,44,43019.0,27,4,0.714,0.914,3,371059.0,0.431,17.0,0,0
B107243,Personal/Household,Digital Lender,18,118826.0,23,3,0.967,0.75,1,565420.0,0.238,29.0,0,0
B107244,Real Estate,SACCO,45,29063.0,7,1,0.795,0.816,1,55157.0,0.095,13.3,1,0
B107245,Services,Bank,38,14706.0,21,3,0.649,0.619,6,59761.0,0.203,16.5,1,0
B107246,Personal/Household,Bank,30,29271.0,55,3,0.613,0.48,1,104824.0,0.179,12.2,0,0
B107247,Trade,MFI,30,43766.0,4,0,0.792,0.876,1,354106.0,0.405,21.5,0,0
B107248,Personal/Household,SACCO,35,52397.0,15,3,0.911,0.848,0,291357.0,0.278,15.1,0,0
B107249,Transport,Bank,30,49673.0,44,1,0.877,0.489,0,270131.0,0.272,17.6,1,0
B107250,Manufacturing,MFI,26,40742.0,31,0,0.661,0.372,1,338601.0,0.416,14.4,0,0
B107251,Manufacturing,Bank,28,31333.0,3,1,0.757,0.59,0,49780.0,0.079,17.6,1,0
B107252,Personal/Household,MFI,25,44589.0,22,3,0.918,0.527,0,96373.0,0.108,23.3,0,0
B107253,Transport,Bank,48,15496.0,4,2,0.825,0.571,0,34132.0,0.11,12.2,0,0
B107254,Manufacturing,Bank,36,9853.0,15,1,0.832,0.698,2,51302.0,0.26,17.4,0,0
B107255,Trade,Bank,58,94022.0,61,0,0.951,0.721,0,702076.0,0.373,15.5,0,0
B107256,Real Estate,Bank,39,28974.0,2,2,0.658,0.502,0,62462.0,0.108,15.5,0,0
B107257,Services,MFI,41,39881.0,99,3,0.808,0.441,1,189707.0,0.238,18.8,0,0
B107258,Personal/Household,Digital Lender,24,8000.0,0,7,0.692,0.799,4,60242.0,0.376,169.5,0,0
B107259,Trade,Bank,33,69543.0,74,3,0.706,0.556,0,351730.0,0.253,15.6,0,0
B107260,Services,MFI,36,56147.0,20,2,0.884,0.383,1,210390.0,0.187,17.1,0,0
B107261,Personal/Household,MFI,29,12568.0,18,0,0.879,0.804,0,77204.0,0.307,21.2,0,0
B107262,Manufacturing,SACCO,30,24971.0,6,0,0.591,0.3,1,180555.0,0.362,12.1,0,0
B107263,Trade,Bank,39,34421.0,20,2,0.806,0.594,0,129166.0,0.188,12.8,0,0
B107264,Manufacturing,Bank,39,14838.0,35,1,0.91,0.809,1,116488.0,0.393,15.8,0,0
B107265,Trade,Digital Lender,22,38903.0,22,5,0.786,0.351,3,214577.0,0.276,166.2,0,1
B107266,Agriculture,Digital Lender,38,52844.0,44,3,0.939,0.766,0,205774.0,0.195,102.5,0,1
B107267,Transport,MFI,41,35536.0,7,1,0.961,0.71,1,295813.0,0.416,23.9,0,0
B107268,Services,SACCO,29,12564.0,21,1,0.835,0.887,3,25850.0,0.103,8.0,0,0
B107269,Agriculture,Bank,28,16811.0,4,5,0.66,0.883,0,82223.0,0.245,15.4,0,1
B107270,Personal/Household,Bank,39,27776.0,31,3,0.729,0.522,0,242454.0,0.436,15.5,0,0
B107271,Services,Bank,18,25919.0,79,2,0.499,0.686,2,213193.0,0.411,14.6,0,0
B107272,Trade,SACCO,35,26210.0,53,2,0.565,0.945,1,92827.0,0.177,9.8,0,0
B107273,Agriculture,Bank,51,25705.0,85,1,0.674,0.798,2,41010.0,0.08,16.3,0,0
B107274,Personal/Household,Bank,18,11024.0,40,1,0.517,0.911,1,36925.0,0.167,14.9,0,0
B107275,Personal/Household,Bank,43,46310.0,13,3,0.942,0.73,0,152309.0,0.164,14.2,0,0
B107276,Real Estate,Bank,40,41982.0,49,1,0.729,0.75,2,199105.0,0.237,14.4,0,0
B107277,Transport,MFI,21,39629.0,0,2,0.721,0.721,1,114789.0,0.145,21.0,0,0
B107278,Transport,MFI,40,37660.0,32,2,0.815,0.647,2,126014.0,0.167,23.9,0,0
B107279,Personal/Household,MFI,45,25431.0,101,3,0.594,0.532,3,146574.0,0.288,20.6,0,0
B107280,Personal/Household,MFI,23,21293.0,4,1,0.777,0.966,7,51448.0,0.121,21.7,0,0
B107281,Trade,MFI,28,16989.0,26,0,0.652,0.663,4,91412.0,0.269,20.5,0,0
B107282,Trade,Digital Lender,35,69467.0,9,0,0.783,0.716,1,474198.0,0.341,223.0,0,0
B107283,Trade,Bank,45,29399.0,15,3,0.8,0.799,5,203287.0,0.346,16.4,0,0
B107284,Services,Bank,30,11928.0,41,0,0.57,0.618,2,69469.0,0.291,13.6,0,0
B107285,Services,Digital Lender,35,29259.0,8,2,0.816,0.62,4,100227.0,0.171,298.2,0,0
B107286,Personal/Household,SACCO,28,9449.0,17,4,0.856,0.553,3,28140.0,0.149,9.8,1,0
B107287,Trade,MFI,35,34078.0,77,0,0.809,0.437,1,277277.0,0.407,14.9,1,1
B107288,Manufacturing,Bank,45,32165.0,33,3,0.9,0.725,1,264845.0,0.412,16.3,0,0
B107289,Trade,Bank,36,22069.0,29,0,0.415,0.652,2,170370.0,0.386,13.7,0,0
B107290,Agriculture,Bank,31,17735.0,53,1,0.641,0.767,1,129177.0,0.364,14.2,0,1
B107291,Agriculture,Digital Lender,35,40511.0,16,3,0.946,0.747,4,336309.0,0.415,273.2,1,1
B107292,Personal/Household,SACCO,27,28406.0,4,0,0.889,0.754,2,115506.0,0.203,15.6,0,0
B107293,Trade,Bank,25,10220.0,14,5,0.644,0.313,2,35466.0,0.173,13.7,0,0
B107294,Transport,Bank,47,57650.0,4,3,0.439,0.864,2,511761.0,0.444,15.8,0,0
B107295,Services,Bank,51,17731.0,24,3,0.69,0.729,3,144052.0,0.406,15.6,0,0
B107296,Personal/Household,Bank,18,14400.0,133,1,0.844,0.374,2,100952.0,0.35,15.0,0,0
B107297,Trade,MFI,41,62772.0,12,1,0.888,0.479,3,118504.0,0.094,26.7,0,0
B107298,Services,Bank,44,53251.0,16,1,0.915,0.675,2,128461.0,0.121,15.5,0,0
B107299,Transport,Digital Lender,23,23593.0,80,3,0.778,0.768,3,138229.0,0.293,94.2,0,0
B107300,Real Estate,SACCO,30,14930.0,3,3,0.997,0.544,3,100381.0,0.336,13.9,0,0
B107301,Transport,Digital Lender,29,18027.0,57,3,0.662,0.887,5,27937.0,0.077,18.1,0,1
B107302,Personal/Household,Digital Lender,54,23374.0,8,4,0.834,0.421,1,52432.0,0.112,256.0,0,0
B107303,Real Estate,Digital Lender,52,58041.0,2,2,0.851,0.562,2,450601.0,0.388,55.8,0,0
B107304,Manufacturing,Digital Lender,26,60612.0,1,2,0.955,0.542,2,172932.0,0.143,9.7,0,0
B107305,Real Estate,Bank,20,32575.0,22,3,0.925,0.422,2,148815.0,0.228,13.8,0,0
B107306,Trade,Bank,43,42513.0,19,2,0.87,0.449,2,376391.0,0.443,16.1,0,0
B107307,Personal/Household,Bank,40,26499.0,72,1,0.887,0.487,1,150880.0,0.285,10.3,0,0
B107308,Trade,SACCO,47,18397.0,12,4,0.69,0.465,2,61627.0,0.167,10.2,0,0
B107309,Real Estate,SACCO,24,13026.0,78,0,0.839,0.432,3,48626.0,0.187,13.7,0,0
B107310,Real Estate,Bank,42,35511.0,33,4,0.9,0.96,2,290141.0,0.409,14.3,0,0
B107311,Agriculture,Digital Lender,28,48786.0,11,2,0.595,0.463,1,190087.0,0.195,41.5,1,0
B107312,Real Estate,Digital Lender,41,22452.0,6,3,0.911,0.759,1,93232.0,0.208,85.5,1,1
B107313,Transport,SACCO,35,57133.0,57,2,0.959,0.518,3,304788.0,0.267,15.1,0,0
B107314,Agriculture,MFI,54,24059.0,1,2,0.8,0.589,3,209870.0,0.436,18.0,0,0
B107315,Trade,Bank,39,31134.0,24,1,0.513,0.897,0,80024.0,0.129,12.8,0,0
B107316,Personal/Household,MFI,32,26329.0,1,3,0.805,0.553,1,128306.0,0.244,22.4,0,0
B107317,Services,Bank,36,58692.0,27,1,0.756,0.449,2,394736.0,0.336,15.7,0,0
B107318,Real Estate,SACCO,34,38986.0,64,0,0.952,0.52,0,319441.0,0.41,14.8,0,0
B107319,Agriculture,Bank,23,28793.0,14,0,0.57,0.603,0,176400.0,0.306,14.2,0,1
B107320,Trade,Bank,54,31012.0,16,3,0.524,0.688,1,98380.0,0.159,17.0,0,0
B107321,Trade,MFI,51,15461.0,14,0,0.846,0.549,0,53706.0,0.174,19.4,0,0
B107322,Real Estate,SACCO,33,8705.0,10,4,0.735,0.457,2,18036.0,0.104,8.0,0,0
B107323,Services,Bank,42,22196.0,26,1,0.909,0.349,1,147406.0,0.332,15.8,0,0
B107324,Personal/Household,Digital Lender,56,26723.0,5,0,0.569,0.516,1,90574.0,0.169,76.8,0,0
B107325,Agriculture,Bank,47,39823.0,24,1,0.557,0.717,1,307842.0,0.387,11.7,0,1
B107326,Services,Digital Lender,32,27181.0,58,2,0.728,0.675,0,200820.0,0.369,266.9,0,0
B107327,Real Estate,Bank,34,22970.0,17,4,0.671,0.604,1,143451.0,0.312,14.8,0,0
B107328,Agriculture,Bank,18,8000.0,4,3,0.947,0.818,1,23173.0,0.145,14.9,0,0
B107329,Real Estate,Digital Lender,43,39734.0,12,0,0.822,0.676,2,108008.0,0.136,159.2,0,0
B107330,Trade,SACCO,47,33392.0,29,3,0.719,0.727,3,102785.0,0.154,14.0,0,0
B107331,Services,SACCO,47,46519.0,172,0,0.786,0.373,0,308479.0,0.332,14.7,0,0
B107332,Agriculture,SACCO,42,30182.0,29,0,0.682,0.71,3,140272.0,0.232,11.0,0,1
B107333,Transport,MFI,39,55870.0,93,1,0.738,0.519,4,142699.0,0.128,18.9,0,0
B107334,Real Estate,Digital Lender,25,21965.0,42,2,0.907,0.741,2,123701.0,0.282,210.9,0,0
B107335,Services,Bank,38,29077.0,32,1,0.763,0.891,3,191046.0,0.329,17.1,0,1
B107336,Transport,Digital Lender,29,33938.0,62,1,0.798,0.957,2,147316.0,0.217,91.8,0,0
B107337,Manufacturing,Digital Lender,40,42742.0,27,1,0.816,0.529,6,203419.0,0.238,88.8,0,1
B107338,Trade,Digital Lender,27,37385.0,11,9,0.802,0.712,0,154066.0,0.206,227.8,0,0
B107339,Services,SACCO,40,38664.0,2,1,0.822,0.483,2,200420.0,0.259,20.4,0,0
B107340,Manufacturing,SACCO,48,34470.0,30,3,0.687,0.983,2,111176.0,0.161,8.6,0,0
B107341,Agriculture,MFI,39,26743.0,8,0,0.934,0.764,4,114664.0,0.214,10.6,0,0
B107342,Personal/Household,Bank,38,48810.0,46,3,0.805,0.409,2,425140.0,0.435,14.7,0,0
B107343,Trade,Digital Lender,44,11839.0,42,1,0.602,0.576,2,105635.0,0.446,358.1,0,0
B107344,Agriculture,SACCO,53,21035.0,0,1,0.765,0.493,0,95333.0,0.227,8.0,0,0
B107345,Manufacturing,MFI,34,71361.0,4,1,0.489,0.907,4,119566.0,0.084,21.1,0,0
B107346,Agriculture,Digital Lender,40,20539.0,2,4,0.758,0.773,2,64409.0,0.157,269.7,0,1
B107347,Real Estate,Bank,50,28482.0,70,2,0.689,0.781,2,97698.0,0.172,12.2,0,0
B107348,Agriculture,Digital Lender,42,63786.0,2,2,0.759,0.478,2,199266.0,0.156,113.4,0,0
B107349,Trade,Digital Lender,18,27740.0,34,3,0.895,0.598,2,49982.0,0.09,111.5,0,1
B107350,Trade,Bank,28,18795.0,34,1,0.813,0.664,2,44278.0,0.118,14.4,0,0
B107351,Trade,Bank,43,57475.0,30,1,0.905,0.289,2,177367.0,0.154,14.1,0,0
B107352,Services,SACCO,31,25358.0,45,1,0.825,0.692,4,216540.0,0.427,19.7,1,1
B107353,Manufacturing,Bank,49,26329.0,70,2,0.849,0.859,2,56093.0,0.107,18.2,0,0
B107354,Manufacturing,Digital Lender,54,10005.0,2,4,0.761,0.556,0,50633.0,0.253,211.9,1,0
B107355,Real Estate,Bank,29,27721.0,6,3,0.88,0.711,3,229761.0,0.414,16.6,0,1
B107356,Personal/Household,Bank,25,43288.0,5,2,0.914,0.575,3,230828.0,0.267,13.1,0,0
B107357,Trade,Bank,31,23460.0,143,2,0.712,0.732,3,52147.0,0.111,13.6,0,0
B107358,Agriculture,Digital Lender,31,14695.0,56,4,0.827,0.843,1,34264.0,0.117,106.3,0,0
B107359,Transport,MFI,50,22828.0,42,3,0.706,0.652,1,151609.0,0.332,23.1,0,0
B107360,Real Estate,Digital Lender,25,21197.0,24,2,0.367,0.714,6,36758.0,0.087,68.7,0,1
B107361,Personal/Household,Digital Lender,42,25861.0,58,1,0.731,0.534,0,184800.0,0.357,269.2,0,0
B107362,Services,SACCO,49,22366.0,36,3,0.786,0.347,3,129218.0,0.289,12.5,0,1
B107363,Personal/Household,Bank,43,74274.0,39,1,0.818,0.832,4,400978.0,0.27,16.2,0,0
B107364,Trade,Bank,39,35112.0,127,2,0.822,0.603,3,87199.0,0.124,15.9,0,0
B107365,Trade,Digital Lender,33,11417.0,14,2,0.401,0.788,2,28947.0,0.127,28.0,0,1
B107366,Trade,Bank,53,30925.0,46,1,0.814,0.662,4,253161.0,0.409,13.6,0,1
B107367,Personal/Household,Digital Lender,33,29086.0,12,0,0.802,0.706,1,107446.0,0.185,229.3,0,0
B107368,Services,Digital Lender,44,57352.0,169,1,0.629,0.628,2,167867.0,0.146,251.7,1,0
B107369,Services,SACCO,33,27288.0,39,1,0.886,0.771,1,167382.0,0.307,13.2,0,0
B107370,Agriculture,SACCO,18,26860.0,27,0,0.876,0.384,1,176727.0,0.329,13.8,0,0
B107371,Personal/Household,Digital Lender,32,82839.0,46,0,0.869,0.794,0,262447.0,0.158,76.4,0,0
B107372,Manufacturing,Digital Lender,33,16517.0,4,1,0.719,0.538,1,103672.0,0.314,311.9,0,0
B107373,Personal/Household,SACCO,34,46107.0,1,1,0.821,0.739,3,128058.0,0.139,12.6,0,0
B107374,Manufacturing,MFI,28,30796.0,5,4,0.745,0.604,5,211590.0,0.344,16.1,0,0
B107375,Trade,MFI,41,22573.0,46,5,0.822,0.672,0,191245.0,0.424,19.4,0,0
B107376,Trade,Bank,42,20817.0,50,2,0.644,0.79,2,84550.0,0.203,13.5,0,0
B107377,Services,Digital Lender,32,62761.0,35,3,0.651,0.883,3,321327.0,0.256,197.0,0,0
B107378,Real Estate,SACCO,32,38404.0,17,1,0.737,0.929,3,170939.0,0.223,13.9,0,0
B107379,Agriculture,Digital Lender,24,41382.0,29,4,0.852,0.865,1,234921.0,0.284,147.8,0,0
B107380,Agriculture,Bank,38,48503.0,6,1,0.861,0.524,2,318075.0,0.328,12.7,0,0
B107381,Agriculture,Digital Lender,49,35884.0,0,3,0.888,0.353,1,248091.0,0.346,379.9,1,0
B107382,Services,MFI,49,16588.0,72,3,0.43,0.682,3,138175.0,0.416,13.7,0,0
B107383,Trade,SACCO,29,12526.0,13,0,0.908,0.978,0,102816.0,0.41,13.0,1,0
B107384,Trade,Bank,55,69342.0,1,1,0.728,0.727,4,469054.0,0.338,15.6,0,0
B107385,Personal/Household,Digital Lender,31,33336.0,4,2,0.873,0.399,1,178182.0,0.267,174.5,1,0
B107386,Manufacturing,SACCO,25,31057.0,48,3,0.927,0.946,1,149727.0,0.241,14.7,0,0
B107387,Trade,MFI,21,80219.0,25,2,0.8,0.781,6,615598.0,0.384,15.6,0,0
B107388,Trade,Bank,24,16558.0,28,1,0.627,0.887,2,102814.0,0.31,13.7,0,0
B107389,Agriculture,Bank,38,8000.0,3,0,0.948,0.372,2,64663.0,0.404,12.5,0,0
B107390,Agriculture,Bank,32,10978.0,34,2,0.781,0.927,5,93346.0,0.425,13.9,0,0
B107391,Trade,Bank,29,22204.0,36,1,0.846,0.739,2,37961.0,0.085,14.9,0,0
B107392,Trade,MFI,27,31712.0,3,1,0.925,0.442,2,54246.0,0.086,20.2,0,0
B107393,Personal/Household,MFI,24,63921.0,25,3,0.654,0.659,0,357583.0,0.28,24.5,0,0
B107394,Personal/Household,MFI,26,47277.0,12,0,0.507,0.684,2,124270.0,0.131,14.4,0,0
B107395,Services,SACCO,45,8000.0,43,3,0.732,0.577,4,57949.0,0.362,9.8,0,0
B107396,Real Estate,MFI,53,138743.0,15,1,0.589,0.792,3,980483.0,0.353,21.4,0,0
B107397,Agriculture,Bank,54,23723.0,27,1,0.601,0.803,5,85759.0,0.181,11.9,1,0
B107398,Services,Digital Lender,42,58413.0,14,3,0.868,0.824,5,341796.0,0.293,216.2,0,0
B107399,Personal/Household,MFI,30,40147.0,4,2,0.849,0.258,2,195360.0,0.243,12.2,0,0
B107400,Manufacturing,SACCO,28,29820.0,83,1,0.967,0.568,2,168750.0,0.283,8.5,0,0
B107401,Agriculture,Digital Lender,43,26098.0,13,1,0.913,0.756,4,69943.0,0.134,89.6,0,0
B107402,Agriculture,Digital Lender,33,16126.0,42,0,0.674,0.715,1,117887.0,0.365,95.0,0,0
B107403,Manufacturing,MFI,39,14642.0,1,2,0.693,0.867,1,55360.0,0.189,19.8,0,0
B107404,Manufacturing,MFI,54,27135.0,0,0,0.724,0.67,1,215043.0,0.396,23.2,0,0
B107405,Trade,Digital Lender,37,13856.0,22,2,0.707,0.45,2,95737.0,0.345,211.3,0,0
B107406,Services,Digital Lender,58,73596.0,177,1,0.475,0.85,0,411850.0,0.28,223.8,0,0
B107407,Manufacturing,Bank,24,31361.0,4,1,0.743,0.502,3,56691.0,0.09,14.4,0,0
B107408,Transport,SACCO,39,93995.0,1,4,0.736,0.639,2,207328.0,0.11,11.5,0,0
B107409,Trade,Digital Lender,38,23398.0,5,2,0.554,0.548,2,131669.0,0.281,110.8,0,0
B107410,Personal/Household,Digital Lender,25,21487.0,39,2,0.711,0.72,3,78960.0,0.184,340.2,0,0
B107411,Personal/Household,Bank,43,41150.0,9,1,0.759,0.735,4,286802.0,0.348,15.9,0,0
B107412,Trade,MFI,50,25781.0,3,3,0.711,0.421,4,167675.0,0.325,21.2,1,1
B107413,Transport,MFI,57,50777.0,25,0,0.894,0.702,1,433666.0,0.427,20.8,0,0
B107414,Transport,Bank,39,65580.0,13,3,0.889,0.668,1,266447.0,0.203,19.2,0,1
B107415,Personal/Household,SACCO,18,54422.0,22,5,0.827,0.837,2,308522.0,0.283,13.1,0,0
B107416,Trade,MFI,40,62971.0,55,5,0.592,0.67,2,305611.0,0.243,21.9,0,1
B107417,Personal/Household,Bank,42,46615.0,65,2,0.975,0.85,2,355751.0,0.382,14.8,0,0
B107418,Real Estate,Bank,33,21983.0,94,1,0.776,0.77,0,54269.0,0.123,13.6,0,0
B107419,Trade,Digital Lender,37,55655.0,16,4,0.916,0.717,3,183457.0,0.165,415.3,0,0
B107420,Trade,Digital Lender,30,43638.0,11,1,0.828,0.943,1,147245.0,0.169,121.8,0,0
B107421,Trade,Digital Lender,34,21168.0,22,4,0.936,0.42,4,52888.0,0.125,132.0,0,0
B107422,Agriculture,Digital Lender,45,22697.0,7,1,0.694,0.705,1,54586.0,0.12,144.0,0,0
B107423,Manufacturing,Digital Lender,49,28269.0,25,1,0.725,0.57,0,196531.0,0.348,8.0,0,0
B107424,Personal/Household,MFI,22,54793.0,15,4,0.791,0.709,1,87888.0,0.08,14.0,1,0
B107425,Trade,Bank,30,31708.0,14,1,0.622,0.172,2,274006.0,0.432,14.5,0,0
B107426,Services,Digital Lender,19,29640.0,17,6,0.605,0.786,0,219929.0,0.371,118.0,0,0
B107427,Trade,SACCO,53,27241.0,65,3,0.844,0.341,0,233697.0,0.429,13.7,0,0
B107428,Transport,Bank,44,24481.0,3,1,0.722,0.544,1,92770.0,0.189,13.3,0,0
B107429,Services,Digital Lender,18,15675.0,41,0,0.973,0.654,2,81240.0,0.259,69.6,0,0
B107430,Personal/Household,Bank,34,46045.0,38,0,0.672,0.797,1,313013.0,0.34,13.4,0,0
B107431,Transport,Digital Lender,32,16991.0,4,4,0.541,0.559,1,28317.0,0.083,8.0,0,1
B107432,Personal/Household,SACCO,27,30859.0,1,2,0.887,0.648,2,179387.0,0.291,14.6,0,0
B107433,Trade,Bank,45,23745.0,8,1,0.465,0.681,2,91793.0,0.193,13.9,0,0
B107434,Trade,Digital Lender,45,45319.0,51,3,0.834,0.698,2,94990.0,0.105,167.3,0,0
B107435,Real Estate,Digital Lender,38,24634.0,46,0,0.481,0.77,2,153192.0,0.311,92.9,1,0
B107436,Trade,SACCO,29,17095.0,25,2,0.959,0.78,2,31271.0,0.091,10.7,0,0
B107437,Agriculture,SACCO,29,51232.0,28,1,0.629,0.894,7,222772.0,0.217,11.3,0,0
B107438,Agriculture,Bank,35,18877.0,46,2,0.786,0.676,4,138531.0,0.367,13.5,0,0
B107439,Services,Bank,30,32373.0,74,3,0.86,0.848,1,96963.0,0.15,14.0,0,0
B107440,Services,Bank,35,59909.0,64,2,0.733,0.557,1,355507.0,0.297,12.5,0,0
B107441,Personal/Household,Bank,41,19899.0,123,3,0.402,0.808,5,113900.0,0.286,12.0,0,0
B107442,Personal/Household,Bank,20,28087.0,1,3,0.796,0.41,2,120047.0,0.214,12.9,0,0
B107443,Trade,MFI,27,23455.0,72,2,0.766,0.839,2,207748.0,0.443,16.7,0,0
B107444,Trade,Bank,35,31962.0,47,2,0.864,0.773,2,236266.0,0.37,14.5,1,0
B107445,Transport,MFI,51,28634.0,30,1,0.647,0.5,1,144225.0,0.252,20.3,0,0
B107446,Transport,Bank,43,49327.0,3,0,0.902,0.663,0,400625.0,0.406,14.5,0,0
B107447,Agriculture,Bank,35,21133.0,36,3,0.571,0.84,4,76127.0,0.18,12.6,0,0
B107448,Real Estate,Digital Lender,39,59922.0,6,5,0.849,0.566,1,153337.0,0.128,49.9,0,1
B107449,Manufacturing,Digital Lender,34,71867.0,18,3,0.754,0.39,0,191786.0,0.133,8.0,0,0
B107450,Agriculture,Digital Lender,46,34238.0,13,2,0.753,0.575,1,161898.0,0.236,46.6,0,0
B107451,Agriculture,Bank,39,19253.0,61,2,0.847,0.884,2,170097.0,0.442,14.7,0,0
B107452,Real Estate,SACCO,48,29068.0,6,3,0.973,0.373,0,92610.0,0.159,9.6,0,1
B107453,Transport,Bank,21,27759.0,119,0,0.72,0.754,1,114089.0,0.205,15.2,0,0
B107454,Services,MFI,27,78811.0,31,4,0.402,0.894,2,603806.0,0.383,13.1,0,0
B107455,Manufacturing,Digital Lender,38,28092.0,12,4,0.696,0.889,3,112790.0,0.201,8.0,0,0
B107456,Personal/Household,Bank,40,63611.0,4,5,0.783,0.881,1,348018.0,0.274,14.3,0,0
B107457,Personal/Household,Digital Lender,59,31612.0,10,4,0.5,0.494,1,244893.0,0.387,245.4,0,1
B107458,Trade,SACCO,18,30492.0,125,0,0.684,0.848,1,194206.0,0.318,11.9,1,0
B107459,Transport,Bank,35,24467.0,10,1,0.783,0.842,2,106043.0,0.217,15.5,0,0
B107460,Manufacturing,Bank,34,25755.0,27,3,0.615,0.435,4,56336.0,0.109,13.2,0,0
B107461,Manufacturing,Digital Lender,37,48501.0,27,4,0.422,0.847,0,255215.0,0.263,200.0,0,0
B107462,Trade,MFI,52,19894.0,25,1,0.789,0.736,2,41420.0,0.104,16.8,0,0
B107463,Services,Bank,44,50406.0,49,1,0.954,0.647,2,377993.0,0.375,13.2,0,0
B107464,Services,Bank,19,65675.0,81,2,0.775,0.699,2,319573.0,0.243,15.0,0,0
B107465,Trade,Digital Lender,50,21472.0,42,4,0.557,0.788,3,75828.0,0.177,171.6,0,0
B107466,Trade,Bank,50,57779.0,37,0,0.641,0.78,1,463299.0,0.401,14.3,0,0
B107467,Trade,Digital Lender,38,52920.0,47,1,0.883,0.816,3,244759.0,0.231,121.1,0,0
B107468,Personal/Household,SACCO,19,47957.0,24,2,0.651,0.612,1,286144.0,0.298,13.2,0,1
B107469,Transport,Bank,33,20956.0,23,2,0.585,0.652,2,177664.0,0.424,13.5,0,0
B107470,Trade,Bank,40,27843.0,8,1,0.877,0.777,1,172283.0,0.309,14.0,0,0
B107471,Personal/Household,Digital Lender,45,27822.0,100,2,0.729,0.783,2,190937.0,0.343,101.2,0,0
B107472,Agriculture,MFI,18,93889.0,17,4,0.649,0.714,1,716495.0,0.382,17.8,1,0
B107473,Real Estate,Bank,27,29569.0,62,2,0.943,0.695,1,97941.0,0.166,10.9,0,0
B107474,Real Estate,Bank,46,26881.0,11,1,0.585,0.621,2,128435.0,0.239,14.8,0,0
B107475,Manufacturing,Digital Lender,50,15814.0,25,3,0.93,0.634,3,110585.0,0.35,243.0,0,1
B107476,Manufacturing,SACCO,39,17422.0,5,2,0.354,0.497,2,81408.0,0.234,9.9,0,0
B107477,Agriculture,MFI,46,20409.0,13,0,0.831,0.797,2,181193.0,0.444,23.9,0,0
B107478,Real Estate,Bank,40,36270.0,24,0,0.716,0.473,1,68299.0,0.094,13.0,0,0
B107479,Services,MFI,45,13586.0,1,0,0.907,0.627,2,95724.0,0.352,15.3,0,0
B107480,Manufacturing,Digital Lender,36,20615.0,30,2,0.72,0.844,1,143851.0,0.349,269.4,1,0
B107481,Services,Bank,40,10684.0,2,0,0.833,0.747,1,34315.0,0.161,19.0,0,0
B107482,Manufacturing,Digital Lender,23,64283.0,6,2,0.668,0.482,4,477793.0,0.372,13.5,0,0
B107483,Personal/Household,Digital Lender,42,31525.0,44,2,0.826,0.422,1,188833.0,0.299,195.3,0,0
B107484,Agriculture,Bank,22,35268.0,17,1,0.479,0.814,3,138676.0,0.197,12.0,0,0
B107485,Personal/Household,Digital Lender,42,16326.0,17,4,0.692,0.986,1,46904.0,0.144,68.1,0,0
B107486,Agriculture,SACCO,31,56315.0,44,2,0.887,0.949,2,345500.0,0.307,12.6,0,0
B107487,Trade,SACCO,39,67961.0,2,2,0.953,0.389,2,347771.0,0.256,13.6,0,0
B107488,Trade,Bank,25,30847.0,22,0,0.872,0.697,1,177383.0,0.288,15.0,0,0
B107489,Trade,Digital Lender,30,22845.0,20,0,0.769,0.676,2,168932.0,0.37,185.5,0,0
B107490,Services,MFI,39,40285.0,21,2,0.9,0.559,2,95338.0,0.118,14.7,0,0
B107491,Services,Digital Lender,43,44540.0,4,6,0.721,0.697,4,335307.0,0.376,110.1,0,1
B107492,Personal/Household,Bank,46,47987.0,3,2,0.763,0.382,1,387086.0,0.403,13.9,0,0
B107493,Trade,Bank,23,42836.0,5,1,0.681,0.714,3,94069.0,0.11,14.8,0,0
B107494,Services,Digital Lender,20,50524.0,79,3,0.902,0.707,3,243246.0,0.241,98.9,0,0
B107495,Personal/Household,MFI,25,20314.0,8,1,0.713,0.685,2,47431.0,0.117,17.4,0,0
B107496,Agriculture,Bank,24,49097.0,9,1,0.84,0.68,1,276373.0,0.281,13.1,0,0
B107497,Manufacturing,Digital Lender,51,23165.0,25,1,0.887,0.432,1,136169.0,0.294,8.0,0,0
B107498,Transport,Bank,48,8000.0,27,3,0.908,0.936,2,38865.0,0.243,16.3,0,0
B107499,Trade,Digital Lender,25,23049.0,46,2,0.671,0.71,0,121049.0,0.263,280.0,0,0
B107500,Manufacturing,Digital Lender,52,21924.0,28,2,0.719,0.497,2,109665.0,0.25,273.8,1,0
B107501,Personal/Household,Bank,48,33947.0,81,1,0.778,0.747,4,136319.0,0.201,13.2,0,0
B107502,Trade,SACCO,19,47141.0,40,0,0.812,0.693,1,228907.0,0.243,10.5,0,0
B107503,Real Estate,Digital Lender,25,33059.0,35,2,0.673,0.665,3,78303.0,0.118,283.9,0,1
B107504,Manufacturing,Digital Lender,18,89747.0,25,2,0.829,0.879,1,357020.0,0.199,108.5,0,0
B107505,Personal/Household,MFI,34,22275.0,11,2,0.665,0.752,4,35383.0,0.079,19.6,0,0
B107506,Services,SACCO,35,9964.0,10,1,0.91,0.59,2,40568.0,0.204,12.3,0,0
B107507,Personal/Household,SACCO,35,34645.0,31,0,0.781,0.624,5,286420.0,0.413,9.2,0,0
B107508,Transport,Bank,18,22034.0,10,1,0.78,0.758,0,66547.0,0.151,15.3,0,0
B107509,Transport,SACCO,21,16365.0,34,1,0.555,0.575,1,108001.0,0.33,11.1,0,0
B107510,Transport,Bank,38,25244.0,23,1,0.733,0.677,3,185206.0,0.367,13.0,1,0
B107511,Manufacturing,Bank,41,19324.0,4,0,0.656,0.751,2,57181.0,0.148,12.9,0,0
B107512,Trade,MFI,18,20402.0,12,0,0.911,0.674,0,141184.0,0.346,15.0,0,0
B107513,Personal/Household,Digital Lender,22,68691.0,6,2,0.84,0.631,2,488959.0,0.356,107.5,0,0
B107514,Personal/Household,Bank,45,31837.0,29,1,0.925,0.616,0,232877.0,0.366,15.9,0,0
B107515,Manufacturing,Bank,23,25695.0,29,0,0.691,0.719,2,146916.0,0.286,14.9,0,0
B107516,Personal/Household,Bank,35,71588.0,14,1,0.943,0.401,4,310768.0,0.217,11.7,0,0
B107517,Transport,Bank,22,25273.0,33,4,0.773,0.497,5,174926.0,0.346,16.7,0,0
B107518,Agriculture,Digital Lender,43,15115.0,64,1,0.928,0.64,5,30845.0,0.102,165.2,0,1
B107519,Trade,MFI,18,14335.0,7,3,0.661,0.839,2,68708.0,0.24,17.2,0,1
B107520,Trade,Bank,32,28453.0,5,1,0.607,0.785,4,225194.0,0.396,11.9,0,0
B107521,Agriculture,Digital Lender,44,12049.0,52,0,0.704,0.627,0,39075.0,0.162,265.6,0,0
B107522,Real Estate,Bank,41,15602.0,15,4,0.787,0.562,0,79502.0,0.255,14.1,0,0
B107523,Trade,MFI,30,24108.0,54,0,0.85,0.627,2,101896.0,0.211,22.6,0,0
B107524,Trade,Digital Lender,28,55413.0,12,1,0.354,0.766,2,179775.0,0.162,40.6,0,0
B107525,Agriculture,Digital Lender,33,60506.0,36,3,0.936,0.699,0,220806.0,0.182,207.5,0,1
B107526,Personal/Household,Bank,22,42736.0,87,2,0.803,0.742,1,285726.0,0.334,14.5,0,0
B107527,Personal/Household,SACCO,34,29669.0,9,0,0.906,0.59,2,175273.0,0.295,14.3,0,0
B107528,Real Estate,SACCO,34,21726.0,16,2,0.951,0.573,1,194974.0,0.449,18.0,0,1
B107529,Trade,SACCO,31,36813.0,13,2,0.925,0.482,2,314957.0,0.428,11.2,0,0
B107530,Trade,Bank,45,79228.0,24,1,0.605,0.833,2,251409.0,0.159,11.8,1,0
B107531,Trade,Digital Lender,24,32138.0,57,2,0.791,0.933,5,282553.0,0.44,180.8,0,1
B107532,Real Estate,MFI,18,23061.0,56,0,0.917,0.835,2,155849.0,0.338,32.6,0,0
B107533,Trade,SACCO,30,27263.0,31,3,0.862,0.777,1,137160.0,0.252,17.1,0,0
B107534,Agriculture,Digital Lender,36,25676.0,31,5,0.748,0.631,1,105371.0,0.205,8.0,0,0
B107535,Services,Digital Lender,34,40208.0,10,4,0.62,0.807,0,287909.0,0.358,183.1,0,1
B107536,Manufacturing,Digital Lender,33,19535.0,20,5,0.664,0.859,1,65025.0,0.166,234.0,0,0
B107537,Personal/Household,Bank,24,37175.0,77,2,0.646,0.629,0,75409.0,0.101,15.5,0,0
B107538,Trade,Bank,25,40639.0,62,2,0.817,0.581,2,163405.0,0.201,15.0,0,0
B107539,Agriculture,MFI,30,35926.0,1,1,0.734,0.412,1,230581.0,0.321,17.4,0,0
B107540,Services,Bank,29,16360.0,4,1,0.261,0.525,3,127574.0,0.39,15.9,0,0
B107541,Real Estate,SACCO,46,27386.0,44,3,0.839,0.516,2,161450.0,0.295,18.9,0,1
B107542,Transport,SACCO,38,22254.0,21,3,0.9,0.873,5,91578.0,0.206,11.5,0,1
B107543,Services,MFI,30,28549.0,116,4,0.656,0.828,2,176379.0,0.309,28.1,0,0
B107544,Manufacturing,Bank,46,20607.0,2,0,0.85,0.449,2,149560.0,0.363,17.2,0,0
B107545,Agriculture,Digital Lender,39,58914.0,101,5,0.733,0.496,3,497860.0,0.423,132.4,1,1
B107546,Manufacturing,SACCO,21,32951.0,19,0,0.63,0.418,1,239334.0,0.363,8.0,0,0
B107547,Trade,MFI,18,12210.0,2,3,0.428,0.591,1,53796.0,0.22,17.4,1,0
B107548,Trade,MFI,22,14309.0,18,1,0.942,0.333,3,101051.0,0.353,21.3,0,1
B107549,Trade,Bank,41,57677.0,24,0,0.826,0.792,2,450843.0,0.391,15.1,0,0
B107550,Services,SACCO,44,26929.0,6,1,0.732,0.677,1,76535.0,0.142,12.2,0,0
B107551,Transport,Bank,18,23995.0,35,4,0.721,0.761,2,94765.0,0.197,11.4,0,0
B107552,Agriculture,MFI,42,55309.0,14,3,0.613,0.703,1,224127.0,0.203,18.7,0,0
B107553,Agriculture,Bank,41,27355.0,42,0,0.773,0.741,3,240305.0,0.439,14.0,0,0
B107554,Personal/Household,Bank,49,15409.0,16,3,0.704,0.635,2,90263.0,0.293,15.9,0,0
B107555,Services,Bank,45,15991.0,4,2,0.877,0.827,4,55436.0,0.173,13.8,0,0
B107556,Agriculture,Bank,49,41988.0,35,1,0.904,0.743,1,178435.0,0.212,17.1,0,0
B107557,Agriculture,Digital Lender,40,90781.0,1,4,0.74,0.693,0,710580.0,0.391,83.1,0,1
B107558,Personal/Household,Digital Lender,40,47182.0,4,3,0.816,0.701,4,75257.0,0.08,8.0,0,1
B107559,Services,Bank,32,24100.0,114,2,0.94,0.67,3,131610.0,0.273,17.2,0,0
B107560,Services,Bank,43,26247.0,25,1,0.96,0.452,1,189946.0,0.362,12.2,0,0
B107561,Agriculture,Digital Lender,22,30536.0,19,2,0.668,0.722,1,218376.0,0.358,57.1,0,0
B107562,Trade,Bank,34,9789.0,25,0,0.814,0.649,1,36116.0,0.184,16.1,0,0
B107563,Real Estate,MFI,40,30119.0,77,3,0.657,0.464,0,246899.0,0.41,20.6,0,1
B107564,Agriculture,Bank,49,40997.0,26,2,0.417,0.606,1,306121.0,0.373,16.2,0,0
B107565,Services,SACCO,30,78835.0,2,3,0.553,0.951,2,494115.0,0.313,17.1,0,1
B107566,Trade,Digital Lender,45,54171.0,4,4,0.567,0.599,2,221294.0,0.204,143.9,0,0
B107567,Transport,Bank,33,85945.0,45,1,0.964,0.601,1,471534.0,0.274,11.8,1,0
B107568,Services,Digital Lender,45,74931.0,58,5,0.766,0.899,2,229727.0,0.153,184.3,0,0
B107569,Services,Digital Lender,27,64028.0,53,1,0.912,0.968,0,105351.0,0.082,309.2,0,0
B107570,Transport,Digital Lender,42,30164.0,27,2,0.571,0.83,1,266522.0,0.442,30.2,0,0
B107571,Services,Digital Lender,34,35942.0,14,2,0.818,0.61,1,193389.0,0.269,185.7,0,0
B107572,Trade,Digital Lender,23,11866.0,45,5,0.796,0.745,1,102919.0,0.434,9.7,0,0
B107573,Agriculture,SACCO,33,31942.0,6,0,0.784,0.92,1,252302.0,0.395,17.0,0,1
B107574,Trade,Digital Lender,48,40595.0,7,4,0.485,0.89,3,193038.0,0.238,36.2,0,1
B107575,Services,Bank,25,25442.0,4,1,0.925,0.588,3,88426.0,0.174,13.6,0,0
B107576,Services,SACCO,20,12735.0,4,1,0.745,0.338,1,22648.0,0.089,14.7,1,0
B107577,Trade,SACCO,39,71008.0,3,1,0.892,0.747,1,408130.0,0.287,16.1,1,0
B107578,Trade,Bank,18,37173.0,16,2,0.614,0.862,2,115911.0,0.156,16.3,0,0
B107579,Agriculture,Bank,51,76599.0,21,1,0.859,0.56,1,119433.0,0.078,16.4,0,0
B107580,Agriculture,Bank,50,44721.0,13,2,0.605,0.721,3,402261.0,0.45,13.6,1,0
B107581,Personal/Household,MFI,45,63111.0,17,2,0.848,0.663,1,176362.0,0.14,17.9,0,0
B107582,Trade,Bank,35,56370.0,46,2,0.918,0.724,1,327665.0,0.291,14.9,0,0
B107583,Personal/Household,Bank,52,20462.0,2,0,0.886,0.568,0,72601.0,0.177,15.4,1,0
B107584,Manufacturing,Bank,48,22473.0,37,1,0.574,0.816,4,95033.0,0.211,14.0,0,0
B107585,Agriculture,SACCO,30,23491.0,16,0,0.896,0.67,3,182825.0,0.389,8.5,0,0
B107586,Trade,Bank,49,17475.0,122,0,0.962,0.813,6,85725.0,0.245,11.9,0,0
B107587,Services,Bank,26,78497.0,26,0,0.695,0.8,1,421339.0,0.268,16.8,0,0
B107588,Transport,Bank,33,30432.0,15,3,0.877,0.599,3,95013.0,0.156,12.9,0,0
B107589,Real Estate,MFI,18,38282.0,171,2,0.959,0.861,1,224124.0,0.293,22.8,0,0
B107590,Agriculture,Bank,36,14299.0,1,4,0.43,0.901,2,50040.0,0.175,13.2,0,0
B107591,Services,Digital Lender,32,46640.0,20,2,0.753,0.634,2,119596.0,0.128,32.8,0,0
B107592,Personal/Household,Bank,30,23737.0,34,2,0.873,0.718,2,103668.0,0.218,13.6,0,0
B107593,Personal/Household,Bank,33,59488.0,37,2,0.58,0.764,0,122667.0,0.103,14.8,0,0
B107594,Transport,MFI,29,20395.0,30,0,0.643,0.685,3,41502.0,0.102,20.3,0,0
B107595,Services,Digital Lender,35,61854.0,53,1,0.724,0.661,1,157205.0,0.127,420.6,1,0
B107596,Agriculture,MFI,48,49885.0,25,3,0.781,0.875,1,255308.0,0.256,22.4,0,0
B107597,Personal/Household,Bank,24,23014.0,127,3,0.57,0.604,0,65884.0,0.143,15.8,0,0
B107598,Real Estate,MFI,44,64849.0,57,1,0.82,0.888,2,450478.0,0.347,14.9,0,0
B107599,Transport,MFI,37,55929.0,30,1,0.958,0.549,0,274208.0,0.245,21.9,0,0
B107600,Services,MFI,39,38921.0,1,3,0.506,0.684,2,160653.0,0.206,19.4,0,1
B107601,Services,Digital Lender,35,17215.0,16,0,0.836,0.85,3,113027.0,0.328,59.0,0,0
B107602,Manufacturing,Digital Lender,28,46169.0,8,2,0.937,0.522,0,303360.0,0.329,186.5,0,0
B107603,Manufacturing,MFI,39,30832.0,35,1,0.937,0.604,5,53645.0,0.087,25.9,1,0
B107604,Services,Bank,40,30551.0,26,2,0.65,0.787,2,116189.0,0.19,12.9,0,0
B107605,Services,MFI,27,30965.0,25,2,0.59,0.891,1,226817.0,0.366,26.0,0,0
B107606,Personal/Household,Digital Lender,22,29244.0,24,2,0.456,0.696,6,158505.0,0.271,167.6,0,0
B107607,Trade,Digital Lender,36,18470.0,20,0,0.63,0.686,2,144918.0,0.392,251.7,0,0
B107608,Agriculture,Bank,43,12920.0,112,2,0.248,0.472,1,27902.0,0.108,14.1,0,1
B107609,Services,Bank,45,11534.0,4,1,0.684,0.825,2,18734.0,0.081,13.3,0,0
B107610,Personal/Household,Bank,47,35054.0,38,1,0.737,0.796,1,216199.0,0.308,15.5,0,0
B107611,Personal/Household,Digital Lender,39,8000.0,88,3,0.62,0.494,2,67213.0,0.42,190.0,0,0
B107612,Transport,MFI,32,44330.0,29,4,0.605,0.435,0,87023.0,0.098,16.7,1,1
B107613,Real Estate,Bank,35,39277.0,29,0,0.451,0.812,0,342359.0,0.436,15.6,1,0
B107614,Real Estate,Bank,23,25172.0,11,2,0.507,0.873,3,201387.0,0.4,13.1,0,1
B107615,Personal/Household,Bank,28,52292.0,19,1,0.589,0.815,1,305185.0,0.292,16.5,0,0
B107616,Agriculture,Digital Lender,34,25770.0,12,2,0.728,0.667,1,216259.0,0.42,108.6,0,0
B107617,Personal/Household,MFI,32,37429.0,42,4,0.877,0.62,3,235970.0,0.315,24.4,0,0
B107618,Personal/Household,Bank,36,10127.0,68,1,0.552,0.751,3,74855.0,0.37,13.6,0,0
B107619,Personal/Household,SACCO,21,8665.0,41,1,0.906,0.748,1,28102.0,0.162,10.5,1,0
B107620,Agriculture,SACCO,23,26123.0,52,2,0.37,0.702,2,234649.0,0.449,9.9,0,1
B107621,Personal/Household,SACCO,43,37518.0,14,2,0.954,0.763,0,255994.0,0.341,8.5,0,0
B107622,Trade,Digital Lender,27,50143.0,33,1,0.981,0.753,2,401667.0,0.401,200.8,0,0
B107623,Trade,Bank,28,26971.0,14,2,0.806,0.535,2,116361.0,0.216,11.6,0,0
B107624,Real Estate,Bank,36,34051.0,46,2,0.87,0.636,3,199600.0,0.293,13.0,0,0
B107625,Trade,Bank,26,45818.0,35,2,0.805,0.644,1,214682.0,0.234,16.5,0,0
B107626,Services,SACCO,46,27715.0,3,3,0.869,0.676,2,122330.0,0.221,16.7,0,0
B107627,Services,Digital Lender,22,41068.0,5,1,0.7,0.966,1,216616.0,0.264,146.0,0,0
B107628,Trade,Bank,35,15981.0,225,3,0.841,0.725,2,134347.0,0.42,12.8,0,0
B107629,Personal/Household,Digital Lender,28,11956.0,22,2,0.532,0.742,1,68627.0,0.287,145.4,1,0
B107630,Manufacturing,SACCO,37,22167.0,2,0,0.903,0.682,3,189754.0,0.428,11.1,0,0
B107631,Personal/Household,Digital Lender,30,45529.0,67,1,0.669,0.838,2,237980.0,0.261,332.0,0,0
B107632,Services,MFI,35,20109.0,38,1,0.793,0.561,2,127790.0,0.318,13.7,0,0
B107633,Manufacturing,Bank,47,42529.0,22,1,0.726,0.632,3,75273.0,0.088,13.9,0,0
B107634,Trade,Digital Lender,28,16902.0,7,1,0.539,0.861,2,58599.0,0.173,209.0,0,0
B107635,Trade,Digital Lender,28,21582.0,44,2,0.598,0.49,1,162554.0,0.377,8.0,1,0
B107636,Manufacturing,SACCO,32,33966.0,0,0,0.799,0.407,3,109431.0,0.161,10.5,0,0
B107637,Services,Digital Lender,50,20597.0,20,1,0.551,0.402,6,93570.0,0.227,107.2,0,0
B107638,Manufacturing,Bank,34,22609.0,93,1,0.672,0.629,2,112247.0,0.248,16.2,0,0
B107639,Agriculture,SACCO,47,8000.0,73,0,0.81,0.908,2,33671.0,0.21,16.8,0,0
B107640,Trade,Bank,33,47173.0,1,3,0.857,0.893,2,401051.0,0.425,12.9,0,0
B107641,Services,MFI,47,27855.0,2,1,0.74,0.816,2,45468.0,0.082,19.0,0,1
B107642,Agriculture,Bank,39,17678.0,61,3,0.864,0.722,2,98959.0,0.28,18.2,0,0
B107643,Personal/Household,Bank,41,81465.0,1,1,0.753,0.824,3,589427.0,0.362,15.3,0,0
B107644,Personal/Household,Bank,21,19264.0,3,3,0.877,0.758,1,108643.0,0.282,14.5,0,0
B107645,Agriculture,SACCO,19,22392.0,45,2,0.735,0.747,1,35622.0,0.08,11.0,0,0
B107646,Trade,Digital Lender,46,17519.0,10,5,0.821,0.466,2,142159.0,0.406,73.5,0,0
B107647,Real Estate,Bank,46,54561.0,23,4,0.917,0.72,2,177673.0,0.163,13.4,0,0
B107648,Agriculture,MFI,59,65420.0,34,1,0.836,0.437,0,118129.0,0.09,15.4,0,1
B107649,Personal/Household,Bank,20,61923.0,13,0,0.863,0.849,1,157784.0,0.127,15.5,0,0
B107650,Personal/Household,MFI,40,61599.0,20,2,0.758,0.973,1,120592.0,0.098,20.7,0,0
B107651,Agriculture,Bank,25,21407.0,7,2,0.818,0.836,2,61874.0,0.145,18.8,0,0
B107652,Manufacturing,MFI,28,74596.0,2,2,0.693,0.904,2,409787.0,0.275,25.5,0,0
B107653,Trade,Digital Lender,30,26700.0,8,4,0.861,0.857,4,166873.0,0.312,76.9,0,0
B107654,Trade,MFI,39,12728.0,98,0,0.859,0.728,1,71893.0,0.282,19.2,0,0
B107655,Personal/Household,SACCO,28,23516.0,8,0,0.877,0.705,1,200440.0,0.426,9.7,1,0
B107656,Personal/Household,SACCO,35,35571.0,21,2,0.869,0.559,1,146480.0,0.206,14.7,0,0
B107657,Personal/Household,Bank,43,20855.0,16,1,0.828,0.673,0,122013.0,0.293,10.1,0,0
B107658,Trade,Bank,46,32235.0,66,3,0.567,0.572,2,55411.0,0.086,14.0,0,0
B107659,Manufacturing,Bank,42,39940.0,0,4,0.767,0.72,1,330761.0,0.414,17.1,0,0
B107660,Real Estate,MFI,40,37266.0,11,2,0.898,0.8,3,89901.0,0.121,19.5,0,0
B107661,Services,Digital Lender,34,42630.0,127,2,0.872,0.841,1,326178.0,0.383,228.9,0,1
B107662,Transport,MFI,29,26929.0,14,1,0.556,0.434,2,117431.0,0.218,20.9,0,1
B107663,Services,MFI,40,19930.0,38,0,0.665,0.543,3,127973.0,0.321,21.2,0,0
B107664,Trade,Bank,24,13245.0,6,1,0.582,0.861,1,62773.0,0.237,11.9,0,0
B107665,Real Estate,Bank,36,28328.0,90,1,0.929,0.724,1,96595.0,0.17,17.2,0,0
B107666,Personal/Household,Digital Lender,24,22126.0,19,0,0.63,0.614,4,153786.0,0.348,297.0,0,0
B107667,Agriculture,Bank,35,27858.0,6,3,0.575,0.374,1,107645.0,0.193,13.6,0,0
B107668,Transport,SACCO,24,9520.0,1,0,0.877,0.783,1,84007.0,0.441,13.1,0,0
B107669,Manufacturing,Bank,31,12898.0,7,1,0.989,0.557,1,98270.0,0.381,16.5,0,0
B107670,Services,Bank,28,39359.0,6,1,0.679,0.772,3,329709.0,0.419,15.5,0,0
B107671,Trade,Bank,27,12094.0,37,4,0.932,0.873,3,65661.0,0.271,16.7,0,0
B107672,Services,Digital Lender,34,26782.0,34,1,0.61,0.347,1,91551.0,0.171,8.0,0,0
B107673,Real Estate,Bank,18,18827.0,30,1,0.573,0.44,3,129306.0,0.343,18.2,0,0
B107674,Real Estate,SACCO,18,18181.0,58,2,0.555,0.73,3,54836.0,0.151,16.8,0,0
B107675,Manufacturing,Bank,43,31161.0,65,1,0.841,0.88,1,136704.0,0.219,17.2,0,0
B107676,Agriculture,SACCO,36,30203.0,49,1,0.743,0.703,1,85146.0,0.141,10.0,1,0
B107677,Services,SACCO,28,40153.0,8,2,0.856,0.447,1,313053.0,0.39,11.8,0,0
B107678,Services,SACCO,45,16218.0,40,3,0.809,0.53,0,105031.0,0.324,16.1,1,0
B107679,Services,Bank,29,18280.0,31,3,0.844,0.912,2,101685.0,0.278,15.3,0,0
B107680,Services,Bank,29,55148.0,3,3,0.658,0.949,0,345924.0,0.314,17.4,0,0
B107681,Transport,Digital Lender,27,26277.0,37,5,0.728,0.712,3,40071.0,0.076,86.3,0,1
B107682,Real Estate,MFI,54,36361.0,23,2,0.646,0.699,2,302603.0,0.416,18.5,0,1
B107683,Personal/Household,Bank,37,22620.0,14,2,0.683,0.891,1,120561.0,0.266,13.6,0,0
B107684,Trade,MFI,37,38192.0,3,1,0.673,0.659,1,200691.0,0.263,22.3,0,0
B107685,Personal/Household,Bank,40,8000.0,26,0,0.827,0.584,4,51224.0,0.32,14.8,0,0
B107686,Manufacturing,MFI,18,56009.0,9,2,0.91,0.597,1,322806.0,0.288,18.1,0,0
B107687,Transport,MFI,29,23146.0,13,0,0.567,0.552,2,85710.0,0.185,23.0,0,0
B107688,Agriculture,Bank,40,14959.0,2,3,0.726,0.632,4,130369.0,0.436,15.7,1,1
B107689,Agriculture,MFI,35,16575.0,26,2,0.78,0.493,2,142865.0,0.431,26.4,1,0
B107690,Trade,SACCO,57,25720.0,8,1,0.96,0.857,1,124984.0,0.243,14.8,0,0
B107691,Real Estate,Digital Lender,30,27981.0,21,2,0.841,0.496,3,54329.0,0.097,267.1,0,0
B107692,Real Estate,SACCO,44,32134.0,26,3,0.71,0.675,1,73999.0,0.115,9.9,0,0
B107693,Agriculture,MFI,43,15430.0,20,1,0.574,0.889,1,35556.0,0.115,9.1,0,1
B107694,Agriculture,Digital Lender,36,48009.0,126,4,0.876,0.695,3,113360.0,0.118,160.9,1,0
B107695,Transport,Bank,38,22285.0,39,2,0.569,0.784,3,168850.0,0.379,9.6,0,0
B107696,Agriculture,SACCO,32,21680.0,37,2,0.734,0.313,1,33694.0,0.078,11.7,1,0
B107697,Personal/Household,Bank,18,26253.0,7,1,0.758,0.291,3,182654.0,0.348,15.8,0,0
B107698,Trade,Bank,38,42811.0,49,2,0.862,0.775,2,102333.0,0.12,17.0,0,0
B107699,Manufacturing,SACCO,39,29183.0,36,2,0.934,0.687,2,80453.0,0.138,13.9,0,0
B107700,Trade,Bank,41,22064.0,70,2,0.769,0.91,2,196812.0,0.446,14.1,0,0
B107701,Manufacturing,SACCO,36,24883.0,10,3,0.874,0.681,4,53541.0,0.108,9.5,0,1
B107702,Manufacturing,SACCO,45,58136.0,2,1,0.738,0.719,2,192996.0,0.166,13.9,0,0
B107703,Transport,Bank,26,53128.0,29,0,0.82,0.389,2,369085.0,0.347,16.7,0,0
B107704,Real Estate,Bank,50,36360.0,6,0,0.742,0.213,2,215707.0,0.297,16.2,0,0
B107705,Manufacturing,SACCO,25,32265.0,9,0,0.686,0.411,2,246649.0,0.382,12.5,0,0
B107706,Trade,SACCO,34,106137.0,5,2,0.594,0.673,4,867079.0,0.408,9.1,0,1
B107707,Real Estate,Digital Lender,42,38366.0,43,0,0.944,0.682,3,174357.0,0.227,8.0,0,0
B107708,Agriculture,Bank,30,32838.0,9,2,0.546,0.635,2,112273.0,0.171,15.3,0,0
B107709,Transport,Digital Lender,42,26605.0,26,2,0.911,0.758,1,121999.0,0.229,264.8,0,0
B107710,Real Estate,Bank,32,36179.0,11,0,0.962,0.766,1,252498.0,0.349,14.3,0,0
B107711,Personal/Household,Bank,36,8000.0,45,4,0.636,0.772,2,64862.0,0.405,11.0,0,0
B107712,Real Estate,SACCO,33,52326.0,2,4,0.736,0.626,3,193898.0,0.185,10.3,0,1
B107713,Agriculture,Bank,29,14773.0,16,2,0.576,0.515,0,128526.0,0.435,16.5,0,0
B107714,Agriculture,Bank,58,20031.0,14,3,0.465,0.571,1,107019.0,0.267,14.6,0,0
B107715,Trade,Bank,27,13765.0,51,1,0.716,0.59,1,21317.0,0.077,15.5,0,1
B107716,Manufacturing,Digital Lender,18,19830.0,150,2,0.355,0.591,1,52115.0,0.131,277.7,0,0
B107717,Personal/Household,Digital Lender,27,24657.0,13,2,0.788,0.716,2,96308.0,0.195,245.8,0,0
B107718,Personal/Household,Digital Lender,36,48491.0,26,2,0.967,0.451,2,356116.0,0.367,160.9,0,0
B107719,Real Estate,Bank,31,60415.0,20,2,0.894,0.842,2,125075.0,0.104,14.4,1,0
B107720,Trade,MFI,45,86475.0,9,0,0.824,0.61,2,359664.0,0.208,23.9,1,1
B107721,Personal/Household,Digital Lender,45,31452.0,50,2,0.667,0.808,1,248404.0,0.395,180.0,0,1
B107722,Trade,Bank,32,26358.0,15,5,0.975,0.631,2,225696.0,0.428,13.7,0,0
B107723,Real Estate,Bank,18,45650.0,19,1,0.711,0.71,0,327830.0,0.359,15.8,0,0
B107724,Personal/Household,Bank,22,18587.0,8,0,0.808,0.382,3,70776.0,0.19,17.9,0,0
B107725,Real Estate,MFI,35,17479.0,9,2,0.757,0.27,0,43202.0,0.124,21.5,0,1
B107726,Trade,SACCO,19,24295.0,5,1,0.707,0.509,1,63322.0,0.13,10.6,0,1
B107727,Agriculture,Bank,31,29184.0,34,2,0.431,0.536,0,130859.0,0.224,16.2,0,0
B107728,Transport,Bank,49,9540.0,20,1,0.593,0.791,1,14630.0,0.077,16.3,0,0
B107729,Trade,SACCO,38,53467.0,31,3,0.867,0.86,3,248249.0,0.232,12.4,0,0
B107730,Transport,SACCO,35,33930.0,17,4,0.858,0.421,1,204478.0,0.301,13.8,0,0
B107731,Real Estate,Bank,25,46120.0,5,2,0.826,0.762,1,220591.0,0.239,14.8,0,0
B107732,Agriculture,Bank,37,12534.0,11,0,0.642,0.935,2,86923.0,0.347,13.5,0,0
B107733,Agriculture,Digital Lender,32,20624.0,6,3,0.747,0.853,3,33364.0,0.081,201.3,0,0
B107734,Personal/Household,SACCO,37,20057.0,21,2,0.732,0.607,2,177758.0,0.443,15.5,0,0
B107735,Real Estate,SACCO,42,26595.0,2,3,0.776,0.631,2,42987.0,0.081,20.5,0,0
B107736,Personal/Household,SACCO,44,29189.0,38,1,0.626,0.892,0,88257.0,0.151,10.4,0,0
B107737,Real Estate,Digital Lender,36,47967.0,20,4,0.698,0.708,0,131025.0,0.137,143.0,0,0
B107738,Trade,Bank,40,31392.0,0,0,0.843,0.618,3,258182.0,0.411,15.4,0,0
B107739,Real Estate,Bank,30,19776.0,4,3,0.563,0.757,1,50703.0,0.128,13.5,0,1
B107740,Manufacturing,Bank,46,99036.0,2,1,0.682,0.787,0,689215.0,0.348,14.8,0,0
B107741,Real Estate,Digital Lender,26,25692.0,127,1,0.647,0.722,5,111619.0,0.217,218.0,0,0
B107742,Personal/Household,Bank,33,18056.0,69,1,0.94,0.649,4,126028.0,0.349,18.2,0,0
B107743,Services,Bank,47,10542.0,26,1,0.834,0.569,1,75638.0,0.359,10.1,1,0
B107744,Personal/Household,Bank,30,31248.0,14,1,0.742,0.475,2,146011.0,0.234,17.4,0,0
B107745,Transport,SACCO,22,43474.0,32,2,0.924,0.831,3,229534.0,0.264,10.7,1,0
B107746,Manufacturing,SACCO,31,15883.0,28,1,0.802,0.484,3,135365.0,0.426,14.9,0,0
B107747,Transport,Bank,49,41929.0,55,2,0.437,0.556,2,179893.0,0.215,12.1,0,1
B107748,Agriculture,Bank,18,31132.0,72,0,0.637,0.917,1,196503.0,0.316,12.4,1,0
B107749,Personal/Household,Digital Lender,36,11211.0,4,1,0.921,0.454,1,16973.0,0.076,168.9,0,0
B107750,Personal/Household,Bank,29,41946.0,37,1,0.827,0.613,2,124345.0,0.148,16.9,0,0
B107751,Agriculture,SACCO,33,25699.0,8,1,0.501,0.781,1,145524.0,0.283,11.5,0,0
B107752,Services,Bank,32,16005.0,3,5,0.693,0.378,2,43322.0,0.135,16.4,0,0
B107753,Personal/Household,Digital Lender,45,50327.0,11,3,0.581,0.37,2,449852.0,0.447,164.2,0,1
B107754,Real Estate,MFI,36,49803.0,7,1,0.808,0.842,2,306188.0,0.307,19.2,0,0
B107755,Services,SACCO,45,15815.0,12,3,0.6,0.532,2,54426.0,0.172,10.8,0,0
B107756,Trade,Bank,48,34940.0,13,1,0.875,0.652,1,258261.0,0.37,16.6,0,0
B107757,Trade,Bank,35,33250.0,1,2,0.677,0.821,1,247432.0,0.372,15.0,0,0
B107758,Agriculture,SACCO,31,28642.0,52,1,0.873,0.674,4,196603.0,0.343,15.7,0,0
B107759,Manufacturing,MFI,39,22390.0,17,0,0.481,0.578,1,75695.0,0.169,19.7,1,0
B107760,Agriculture,Digital Lender,41,27402.0,48,1,0.988,0.668,4,57933.0,0.106,152.2,0,0
B107761,Services,MFI,23,49820.0,26,2,0.822,0.829,1,359858.0,0.361,23.9,0,0
B107762,Agriculture,MFI,37,37236.0,5,2,0.905,0.747,0,229847.0,0.309,12.4,1,0
B107763,Agriculture,Digital Lender,32,10298.0,0,1,0.875,0.427,0,92541.0,0.449,220.6,0,0
B107764,Transport,MFI,31,9146.0,11,0,0.673,0.378,2,42469.0,0.232,20.8,0,0
B107765,Trade,Digital Lender,28,10706.0,1,3,0.813,0.438,2,85289.0,0.398,128.9,0,1
B107766,Personal/Household,Bank,29,14087.0,4,2,0.778,0.543,1,40919.0,0.145,11.6,0,0
B107767,Agriculture,Bank,48,19627.0,9,1,0.597,0.919,0,151033.0,0.385,13.6,0,0
B107768,Services,Digital Lender,31,23179.0,25,2,0.808,0.915,1,152955.0,0.33,112.0,0,0
B107769,Personal/Household,Bank,46,28680.0,16,0,0.686,0.719,1,199040.0,0.347,12.9,0,0
B107770,Trade,Bank,36,29184.0,48,0,0.962,0.66,2,72115.0,0.124,14.5,0,0
B107771,Trade,Bank,24,28948.0,48,2,0.531,0.532,1,191133.0,0.33,16.5,0,0
B107772,Trade,MFI,37,55770.0,141,0,0.824,0.75,4,284999.0,0.256,21.2,0,0
B107773,Services,SACCO,23,11823.0,11,1,0.762,0.913,3,68582.0,0.29,13.4,0,0
B107774,Personal/Household,Bank,41,35728.0,22,1,0.494,0.617,4,129631.0,0.181,12.9,0,0
B107775,Real Estate,Bank,33,35632.0,12,4,0.703,0.792,0,87531.0,0.123,15.6,0,0
B107776,Trade,Bank,44,14847.0,41,1,0.838,0.809,0,91054.0,0.307,16.7,0,0
B107777,Personal/Household,Bank,49,39878.0,4,3,0.771,0.574,3,98526.0,0.124,15.5,0,0
B107778,Trade,Bank,18,36494.0,2,1,0.8,0.749,0,155183.0,0.213,12.7,0,0
B107779,Personal/Household,Bank,30,29034.0,7,1,0.418,0.853,2,57690.0,0.099,16.2,1,0
B107780,Personal/Household,Digital Lender,23,8000.0,1,4,0.635,0.58,1,45783.0,0.286,116.1,1,1
B107781,Agriculture,SACCO,57,50518.0,41,4,0.546,0.851,1,104884.0,0.104,17.1,0,0
B107782,Manufacturing,Bank,31,33681.0,26,1,0.41,0.331,1,113450.0,0.168,16.3,0,0
B107783,Agriculture,Bank,22,37122.0,26,0,0.772,0.905,3,233975.0,0.315,11.7,0,0
B107784,Agriculture,Bank,57,8000.0,30,0,0.594,0.744,0,63236.0,0.395,12.6,0,1
B107785,Services,Bank,28,22196.0,17,3,0.977,0.726,2,133817.0,0.301,15.8,0,0
B107786,Personal/Household,Bank,19,13514.0,48,1,0.914,0.504,4,67208.0,0.249,13.5,0,1
B107787,Personal/Household,Digital Lender,23,60560.0,15,5,0.835,0.761,2,438370.0,0.362,233.2,0,1
B107788,Manufacturing,SACCO,36,16191.0,84,2,0.781,0.86,3,45635.0,0.141,9.1,0,0
B107789,Agriculture,MFI,35,67077.0,47,2,0.953,0.477,3,408941.0,0.305,18.5,0,1
B107790,Personal/Household,Bank,27,50215.0,14,1,0.616,0.503,3,112822.0,0.112,11.8,0,0
B107791,Manufacturing,SACCO,30,33582.0,5,0,0.735,0.67,4,250695.0,0.373,11.0,0,0
B107792,Trade,Digital Lender,36,55518.0,6,1,0.578,0.938,0,465883.0,0.42,163.0,0,0
B107793,Real Estate,Bank,48,17687.0,7,1,0.902,0.944,3,152296.0,0.431,15.2,0,0
B107794,Transport,Digital Lender,38,19518.0,12,3,0.956,0.766,3,111073.0,0.285,294.0,1,0
B107795,Personal/Household,Bank,29,49380.0,1,0,0.868,0.93,1,358916.0,0.363,15.5,0,0
B107796,Agriculture,SACCO,33,17732.0,10,3,0.973,0.584,1,155514.0,0.438,13.2,1,1
B107797,Personal/Household,Bank,43,14340.0,12,2,0.617,0.619,3,115534.0,0.403,15.7,0,0
B107798,Agriculture,SACCO,52,24917.0,9,2,0.729,0.438,2,57326.0,0.115,13.5,0,0
B107799,Agriculture,Bank,24,18303.0,2,3,0.825,0.673,4,53966.0,0.147,12.9,0,1
B107800,Trade,MFI,46,82947.0,17,2,0.811,0.922,3,353982.0,0.213,15.1,0,0
B107801,Personal/Household,SACCO,32,45545.0,101,5,0.592,0.563,2,335529.0,0.368,12.4,0,0
B107802,Agriculture,SACCO,19,21660.0,5,0,0.832,0.871,4,125182.0,0.289,12.0,0,0
B107803,Manufacturing,SACCO,18,17141.0,6,3,0.612,0.698,1,45762.0,0.133,8.0,0,1
B107804,Agriculture,Bank,48,35820.0,31,0,0.776,0.765,1,258766.0,0.361,15.9,1,1
B107805,Personal/Household,SACCO,50,57134.0,0,2,0.585,0.496,1,510504.0,0.447,13.3,0,0
B107806,Personal/Household,Bank,29,34892.0,2,0,0.557,0.832,2,125248.0,0.179,15.2,0,0
B107807,Agriculture,SACCO,33,17623.0,15,1,0.618,0.562,1,65358.0,0.185,14.2,0,0
B107808,Services,Bank,18,13491.0,10,1,0.685,0.548,1,39176.0,0.145,19.6,0,0
B107809,Trade,MFI,43,24150.0,17,1,0.803,0.838,0,149717.0,0.31,23.2,0,1
B107810,Trade,Bank,35,35374.0,59,0,0.447,0.575,1,194959.0,0.276,14.5,0,0
B107811,Transport,Digital Lender,19,22954.0,72,1,0.557,0.576,2,57365.0,0.125,60.7,0,0
B107812,Personal/Household,SACCO,37,51753.0,33,3,0.927,0.224,3,442039.0,0.427,10.4,0,0
B107813,Agriculture,Bank,21,39733.0,14,0,0.712,0.594,1,201111.0,0.253,13.8,0,1
B107814,Manufacturing,SACCO,41,33879.0,165,3,0.805,0.683,1,284255.0,0.42,15.6,0,0
B107815,Agriculture,Bank,24,39305.0,1,0,0.754,0.679,1,241883.0,0.308,15.1,0,0
B107816,Manufacturing,Bank,38,13849.0,123,1,0.877,0.718,0,82575.0,0.298,14.4,0,0
B107817,Transport,Bank,28,22606.0,26,1,0.93,0.232,0,135172.0,0.299,15.3,0,0
B107818,Services,Digital Lender,18,16779.0,12,6,0.887,0.789,0,90803.0,0.271,185.5,0,1
B107819,Real Estate,Digital Lender,45,36732.0,50,3,0.758,0.593,1,316658.0,0.431,252.6,0,0
B107820,Transport,Digital Lender,46,16920.0,17,1,0.698,0.648,3,147665.0,0.436,169.7,0,0
B107821,Manufacturing,Bank,30,31103.0,52,0,0.744,0.42,3,227028.0,0.365,15.6,0,0
B107822,Agriculture,Bank,38,27160.0,53,2,0.928,0.919,6,78205.0,0.144,13.0,0,0
B107823,Agriculture,Digital Lender,39,41357.0,29,4,0.846,0.791,2,322299.0,0.39,160.0,0,0
B107824,Services,Bank,40,15396.0,22,2,0.871,0.441,0,26577.0,0.086,12.9,1,0
B107825,Trade,SACCO,52,38119.0,60,3,0.615,0.792,3,333064.0,0.437,14.6,0,0
B107826,Personal/Household,Digital Lender,39,16511.0,8,3,0.621,0.64,4,55009.0,0.167,176.9,1,1
B107827,Trade,Bank,31,17494.0,155,1,0.782,0.768,1,74227.0,0.212,13.0,0,0
B107828,Personal/Household,Bank,39,27490.0,66,3,0.724,0.803,1,142290.0,0.259,14.2,0,0
B107829,Trade,Digital Lender,31,57347.0,51,3,0.775,0.53,2,490780.0,0.428,185.8,0,0
B107830,Services,SACCO,24,18716.0,42,4,0.773,0.824,1,81952.0,0.219,13.4,0,0
B107831,Personal/Household,Digital Lender,47,11184.0,62,5,0.791,0.708,0,25159.0,0.112,47.6,0,0
B107832,Trade,SACCO,40,17678.0,36,4,0.795,0.831,2,118400.0,0.335,9.2,0,0
B107833,Personal/Household,Bank,18,24057.0,6,0,0.49,0.783,1,175593.0,0.365,13.7,0,0
B107834,Transport,Digital Lender,28,83115.0,32,0,0.852,0.513,5,516191.0,0.311,97.1,0,0
B107835,Agriculture,Digital Lender,43,36812.0,70,1,0.789,0.604,5,63662.0,0.086,84.6,0,0
B107836,Agriculture,Digital Lender,19,19648.0,19,2,0.458,0.744,1,165800.0,0.422,195.2,0,0
B107837,Personal/Household,MFI,27,27510.0,44,3,0.664,0.854,2,157370.0,0.286,24.7,0,0
B107838,Personal/Household,MFI,62,70547.0,83,0,0.601,0.425,1,576446.0,0.409,19.5,0,0
B107839,Agriculture,Bank,32,26051.0,17,3,0.876,0.314,1,198162.0,0.38,12.9,0,0
B107840,Personal/Household,Bank,46,26223.0,19,1,0.68,0.682,2,229500.0,0.438,17.4,0,0
B107841,Agriculture,Digital Lender,50,23790.0,11,4,0.803,0.582,0,204160.0,0.429,8.0,0,0
B107842,Trade,Digital Lender,26,43601.0,21,0,0.62,0.506,2,103740.0,0.119,124.1,0,0
B107843,Transport,MFI,38,22271.0,57,2,0.765,0.631,0,191985.0,0.431,22.0,1,1
B107844,Trade,Digital Lender,56,48038.0,2,3,0.571,0.501,2,109305.0,0.114,100.6,0,1
B107845,Agriculture,Bank,40,53344.0,80,1,0.613,0.799,0,232972.0,0.218,15.6,0,0
B107846,Manufacturing,Digital Lender,59,41665.0,32,1,0.566,0.691,4,307837.0,0.369,230.8,0,0
B107847,Agriculture,SACCO,29,26283.0,40,2,0.883,0.764,0,185102.0,0.352,12.7,0,0
B107848,Trade,SACCO,53,13778.0,11,1,0.586,0.685,1,50044.0,0.182,16.8,0,0
B107849,Personal/Household,SACCO,35,26287.0,29,2,0.707,0.575,2,96964.0,0.184,16.8,0,0
B107850,Manufacturing,SACCO,32,20584.0,13,0,0.78,0.52,3,158593.0,0.385,9.8,0,0
B107851,Personal/Household,Digital Lender,41,19371.0,16,3,0.579,0.639,0,45190.0,0.117,84.5,0,0
B107852,Transport,Bank,34,26065.0,11,2,0.679,0.799,2,147564.0,0.283,12.7,0,0
B107853,Manufacturing,Digital Lender,34,38699.0,21,2,0.87,0.863,1,339194.0,0.438,131.7,0,0
B107854,Agriculture,Bank,40,21109.0,43,2,0.756,0.821,2,155266.0,0.368,14.6,0,0
B107855,Personal/Household,Bank,18,13959.0,36,2,0.842,0.606,1,58561.0,0.21,12.2,0,0
B107856,Trade,SACCO,27,17548.0,34,0,0.879,0.377,0,133158.0,0.379,12.8,0,0
B107857,Agriculture,Digital Lender,42,75334.0,21,5,0.851,0.639,0,614719.0,0.408,324.6,0,0
B107858,Personal/Household,Digital Lender,45,40207.0,11,3,0.926,0.571,2,214609.0,0.267,122.7,0,0
B107859,Personal/Household,Bank,39,17558.0,2,3,0.647,0.584,0,128577.0,0.366,10.7,0,1
B107860,Transport,Bank,38,60413.0,74,3,0.872,0.208,2,140319.0,0.116,16.9,1,1
B107861,Trade,MFI,39,26056.0,3,1,0.939,0.466,2,173971.0,0.334,22.2,0,0
B107862,Trade,Digital Lender,45,104080.0,42,3,0.785,0.676,1,788221.0,0.379,115.5,0,0
B107863,Manufacturing,Digital Lender,21,34342.0,5,5,0.908,0.199,0,118128.0,0.172,56.8,0,1
B107864,Personal/Household,Digital Lender,30,40580.0,4,1,0.762,0.898,1,108754.0,0.134,176.2,0,0
B107865,Real Estate,MFI,34,47123.0,20,3,0.66,0.681,0,136088.0,0.144,21.2,0,0
B107866,Trade,Digital Lender,37,67325.0,20,6,0.877,0.502,2,246056.0,0.183,169.3,0,1
B107867,Trade,Bank,18,23355.0,16,0,0.708,0.906,2,119275.0,0.255,14.7,0,0
B107868,Transport,Digital Lender,22,64200.0,25,1,0.742,0.712,1,510196.0,0.397,32.1,1,0
B107869,Personal/Household,MFI,35,21098.0,122,2,0.905,0.582,2,113964.0,0.27,10.9,1,0
B107870,Trade,Bank,45,24372.0,32,1,0.883,0.492,1,60207.0,0.124,14.2,0,0
B107871,Trade,SACCO,31,29879.0,2,3,0.732,0.89,2,226838.0,0.38,10.0,0,0
B107872,Agriculture,Digital Lender,28,49327.0,53,2,0.659,0.806,1,138150.0,0.14,8.0,0,0
B107873,Trade,Bank,40,24795.0,20,3,0.921,0.549,0,76416.0,0.154,16.6,0,0
B107874,Manufacturing,Bank,32,73710.0,17,2,0.9,0.844,4,609037.0,0.413,16.6,0,0
B107875,Trade,SACCO,44,61670.0,134,1,0.638,0.464,2,261582.0,0.212,10.6,0,0
B107876,Transport,Digital Lender,33,30387.0,1,2,0.795,0.795,3,163071.0,0.268,85.1,0,0
B107877,Personal/Household,SACCO,24,17478.0,35,3,0.366,0.499,2,79036.0,0.226,16.8,0,0
B107878,Services,Bank,49,51566.0,44,4,0.816,0.802,5,388991.0,0.377,13.3,0,0
B107879,Services,SACCO,47,9390.0,3,1,0.507,0.722,0,59716.0,0.318,18.0,0,0
B107880,Agriculture,Bank,25,44699.0,8,3,0.72,0.748,1,125470.0,0.14,13.6,0,0
B107881,Trade,Bank,39,18900.0,27,1,0.605,0.553,0,129741.0,0.343,16.6,0,0
B107882,Agriculture,Bank,32,59334.0,5,0,0.734,0.576,5,430117.0,0.362,12.1,0,0
B107883,Personal/Household,MFI,41,13874.0,29,0,0.822,0.516,2,93848.0,0.338,25.0,0,0
B107884,Trade,Bank,26,20657.0,46,1,0.738,0.403,4,90469.0,0.219,14.1,0,0
B107885,Agriculture,Bank,44,37835.0,7,2,0.64,0.561,2,181238.0,0.24,13.6,0,1
B107886,Agriculture,Bank,47,41394.0,30,3,0.661,0.66,4,81838.0,0.099,17.3,0,1
B107887,Trade,SACCO,26,21071.0,67,0,0.538,0.732,2,110905.0,0.263,11.0,0,0
B107888,Personal/Household,Bank,36,24769.0,9,0,0.924,0.759,2,189526.0,0.383,14.9,0,0
B107889,Transport,Bank,47,50209.0,38,1,0.682,0.772,1,386732.0,0.385,14.0,0,0
B107890,Manufacturing,MFI,25,51727.0,25,0,0.71,0.847,0,310834.0,0.3,18.1,0,0
B107891,Services,Digital Lender,28,24503.0,23,2,0.7,0.658,3,140254.0,0.286,187.2,0,0
B107892,Trade,Digital Lender,42,21292.0,43,2,0.888,0.88,1,170198.0,0.4,164.8,0,0
B107893,Trade,MFI,33,14003.0,13,3,0.599,0.515,4,112852.0,0.403,10.4,0,0
B107894,Real Estate,SACCO,19,34184.0,20,4,0.827,0.523,1,208784.0,0.305,18.1,1,0
B107895,Transport,Digital Lender,32,46488.0,14,2,0.829,0.352,5,143062.0,0.154,259.8,0,0
B107896,Transport,SACCO,52,32314.0,26,0,0.315,0.624,2,186118.0,0.288,12.2,0,0
B107897,Trade,MFI,56,17877.0,33,1,0.589,0.749,3,97153.0,0.272,25.4,0,0
B107898,Services,Bank,29,79426.0,29,1,0.782,0.689,0,518154.0,0.326,13.5,0,0
B107899,Agriculture,Bank,26,9350.0,31,0,0.849,0.567,1,68605.0,0.367,16.4,0,0
B107900,Agriculture,Bank,30,48196.0,7,1,0.586,0.394,3,399495.0,0.414,19.3,0,1
B107901,Transport,Bank,53,33496.0,31,2,0.628,0.915,2,231115.0,0.345,10.8,0,0
B107902,Services,Digital Lender,43,38475.0,1,7,0.761,0.64,3,160415.0,0.208,229.8,1,1
B107903,Transport,Bank,50,19288.0,60,0,0.851,0.534,2,64728.0,0.168,14.6,0,0
B107904,Services,MFI,45,27342.0,0,3,0.546,0.793,1,220728.0,0.404,24.3,0,0
B107905,Trade,Digital Lender,22,34938.0,9,1,0.795,0.498,3,207786.0,0.297,182.7,0,0
B107906,Transport,SACCO,26,28362.0,55,2,0.572,0.772,2,189313.0,0.334,13.2,1,0
B107907,Personal/Household,Bank,28,11086.0,11,2,0.744,0.824,0,82113.0,0.37,12.7,0,0
B107908,Manufacturing,Digital Lender,30,76258.0,1,5,0.909,0.813,1,416592.0,0.273,131.3,0,1
B107909,Agriculture,Bank,28,42515.0,27,2,0.885,0.971,1,137144.0,0.161,13.4,0,0
B107910,Services,Bank,29,30304.0,2,3,0.636,0.522,4,219335.0,0.362,15.0,0,1
B107911,Trade,MFI,41,31398.0,14,2,0.85,0.716,3,117178.0,0.187,18.9,0,0
B107912,Real Estate,Bank,36,75061.0,20,2,0.587,0.754,4,408280.0,0.272,17.6,0,0
B107913,Personal/Household,Digital Lender,47,19762.0,17,3,0.816,0.52,3,72148.0,0.183,120.1,0,0
B107914,Services,Bank,38,17457.0,9,0,0.606,0.738,4,155056.0,0.444,14.3,0,0
B107915,Services,Digital Lender,28,47455.0,4,1,0.817,0.529,2,381971.0,0.402,163.6,0,0
B107916,Services,Bank,37,38349.0,25,1,0.563,0.512,4,336826.0,0.439,16.3,0,0
B107917,Trade,Digital Lender,20,17061.0,51,3,0.531,0.912,3,111689.0,0.327,8.0,0,0
B107918,Services,Bank,18,54110.0,43,1,0.56,0.614,3,88756.0,0.082,14.3,0,0
B107919,Real Estate,Digital Lender,41,34969.0,78,4,0.79,0.468,4,231563.0,0.331,161.3,0,0
B107920,Transport,Bank,45,18145.0,62,4,0.666,0.729,3,64039.0,0.176,11.1,0,0
B107921,Real Estate,Digital Lender,36,38936.0,28,1,0.942,0.929,1,295352.0,0.379,141.1,0,0
B107922,Personal/Household,Digital Lender,31,35860.0,24,3,0.763,0.45,4,295052.0,0.411,179.7,1,1
B107923,Manufacturing,SACCO,22,28327.0,18,4,0.748,0.486,2,185202.0,0.327,12.3,0,1
B107924,Personal/Household,Bank,47,36731.0,3,3,0.698,0.686,1,237760.0,0.324,12.7,0,1
B107925,Trade,SACCO,40,41957.0,21,0,0.898,0.485,3,118227.0,0.141,14.9,0,0
B107926,Trade,SACCO,38,49159.0,7,1,0.811,0.565,2,413079.0,0.42,13.0,0,0
B107927,Real Estate,MFI,35,31540.0,2,3,0.923,0.876,1,274570.0,0.435,25.8,0,0
B107928,Trade,SACCO,30,25621.0,102,1,0.945,0.533,5,155928.0,0.304,10.2,0,1
B107929,Personal/Household,Digital Lender,24,33911.0,3,4,0.519,0.358,1,284967.0,0.42,8.0,0,1
B107930,Agriculture,Digital Lender,38,57239.0,53,2,0.757,0.744,0,167709.0,0.146,238.0,0,0
B107931,Manufacturing,MFI,30,42044.0,71,0,0.826,0.69,2,208266.0,0.248,17.0,0,0
B107932,Trade,Bank,31,24842.0,2,1,0.749,0.38,2,168804.0,0.34,15.5,0,0
B107933,Trade,Bank,52,30657.0,30,0,0.917,0.894,1,63339.0,0.103,15.1,0,0
B107934,Transport,SACCO,35,74318.0,1,3,0.499,0.597,1,136615.0,0.092,15.6,0,1
B107935,Agriculture,Digital Lender,18,44896.0,52,2,0.887,0.419,1,112700.0,0.126,202.0,0,0
B107936,Trade,MFI,30,32322.0,73,3,0.926,0.59,1,135340.0,0.209,20.4,0,0
B107937,Agriculture,Bank,25,55671.0,111,1,0.916,0.841,3,456606.0,0.41,15.4,1,0
B107938,Trade,Bank,34,22055.0,27,3,0.797,0.688,1,154221.0,0.35,14.8,1,0
B107939,Transport,Bank,21,35628.0,22,0,0.773,0.674,2,142806.0,0.2,14.0,0,0
B107940,Trade,Digital Lender,39,83416.0,18,1,0.878,0.871,1,180297.0,0.108,143.4,0,0
B107941,Agriculture,SACCO,32,42593.0,33,1,0.819,0.798,3,72361.0,0.085,12.4,0,0
B107942,Personal/Household,Bank,30,72509.0,100,3,0.823,0.877,0,358510.0,0.247,12.4,0,1
B107943,Manufacturing,Bank,36,28394.0,22,2,0.5,0.469,1,215150.0,0.379,11.1,0,0
B107944,Transport,Bank,34,22882.0,12,2,0.89,0.796,2,121251.0,0.265,15.2,0,0
B107945,Agriculture,SACCO,34,56281.0,111,1,0.707,0.677,2,377067.0,0.335,11.9,0,0
B107946,Services,SACCO,33,10877.0,1,1,0.809,0.677,1,87472.0,0.402,8.9,0,1
B107947,Real Estate,Bank,35,32830.0,26,0,0.918,0.963,1,101669.0,0.155,13.1,0,0
B107948,Agriculture,Bank,38,52417.0,24,0,0.728,0.793,5,161399.0,0.154,17.9,0,0
B107949,Services,Digital Lender,37,40513.0,0,5,0.684,0.496,1,171237.0,0.211,139.5,1,1
B107950,Transport,Digital Lender,46,9355.0,3,6,0.539,0.424,4,42241.0,0.226,233.6,0,1
B107951,Transport,MFI,30,14182.0,22,3,0.746,0.493,2,77111.0,0.272,12.9,0,0
B107952,Services,MFI,37,27920.0,23,3,0.474,0.557,0,178402.0,0.319,23.6,0,0
B107953,Trade,Digital Lender,59,38607.0,36,0,0.769,0.763,3,295548.0,0.383,192.4,0,0
B107954,Personal/Household,SACCO,35,39449.0,5,1,0.718,0.645,2,264432.0,0.335,16.9,0,0
B107955,Transport,Digital Lender,35,29632.0,75,3,0.797,0.912,1,90107.0,0.152,212.2,0,0
B107956,Agriculture,Bank,22,44428.0,57,2,0.859,0.849,1,275291.0,0.31,11.8,0,0
B107957,Agriculture,Bank,28,37809.0,78,3,0.825,0.675,0,299995.0,0.397,16.1,0,0
B107958,Trade,Bank,34,27702.0,38,0,0.423,0.399,1,70186.0,0.127,14.7,0,1
B107959,Services,Digital Lender,40,39962.0,44,4,0.768,0.866,2,254913.0,0.319,127.5,0,0
B107960,Trade,SACCO,41,20825.0,0,2,0.286,0.877,1,138335.0,0.332,12.8,0,0
B107961,Agriculture,Bank,38,42203.0,47,0,0.815,0.799,1,334155.0,0.396,15.0,0,0
B107962,Personal/Household,Digital Lender,43,18661.0,24,3,0.919,0.58,2,124033.0,0.332,138.9,0,0
B107963,Personal/Household,Digital Lender,25,38875.0,6,3,0.615,0.283,3,91421.0,0.118,97.0,1,1
B107964,Trade,Bank,40,38352.0,39,1,0.543,0.478,5,335938.0,0.438,15.0,0,0
B107965,Personal/Household,SACCO,35,25226.0,69,1,0.872,0.933,1,190124.0,0.377,16.5,0,0
B107966,Manufacturing,SACCO,36,42160.0,3,2,0.775,0.83,1,91795.0,0.109,9.0,0,0
B107967,Personal/Household,Bank,31,69458.0,4,1,0.954,0.218,3,404754.0,0.291,17.6,0,1
B107968,Trade,SACCO,25,16966.0,65,1,0.748,0.457,2,56047.0,0.165,12.6,0,0
B107969,Trade,Bank,23,50252.0,60,2,0.725,0.682,1,332290.0,0.331,14.4,0,0
B107970,Transport,Digital Lender,38,54045.0,10,5,0.638,0.532,1,294736.0,0.273,227.7,0,0
B107971,Trade,Digital Lender,40,26529.0,7,2,0.937,0.777,1,151621.0,0.286,280.8,0,0
B107972,Manufacturing,Digital Lender,34,46189.0,7,2,0.971,0.614,3,289938.0,0.314,45.9,0,0
B107973,Trade,Digital Lender,35,25848.0,7,3,0.918,0.61,1,48385.0,0.094,71.1,0,0
B107974,Personal/Household,Bank,28,59332.0,23,3,0.876,0.713,3,297834.0,0.251,14.7,0,0
B107975,Services,Bank,40,8000.0,9,0,0.816,0.93,0,41301.0,0.258,13.7,0,0
B107976,Personal/Household,SACCO,36,65821.0,72,1,0.723,0.846,3,149251.0,0.113,11.3,1,0
B107977,Services,Bank,31,16127.0,25,1,0.903,0.711,0,66437.0,0.206,15.9,0,0
B107978,Services,SACCO,44,31241.0,44,2,0.876,0.329,0,207475.0,0.332,15.2,0,0
B107979,Real Estate,Bank,41,19003.0,13,1,0.706,0.517,2,80832.0,0.213,16.5,0,0
B107980,Real Estate,Bank,20,67716.0,23,1,0.636,0.619,1,573548.0,0.423,15.1,0,0
B107981,Services,MFI,35,26213.0,2,2,0.66,0.65,0,208870.0,0.398,16.6,0,0
B107982,Services,SACCO,25,22067.0,2,3,0.755,0.821,2,131154.0,0.297,8.0,0,0
B107983,Services,MFI,36,55056.0,98,2,0.819,0.588,1,364675.0,0.331,24.8,0,0
B107984,Personal/Household,SACCO,18,44475.0,7,0,0.719,0.759,3,279280.0,0.314,14.6,0,0
B107985,Trade,MFI,37,24748.0,55,2,0.661,0.753,0,200598.0,0.405,19.1,0,0
B107986,Services,Digital Lender,42,17238.0,33,3,0.876,0.56,2,145833.0,0.423,238.8,0,0
B107987,Services,SACCO,34,16004.0,87,3,0.855,0.603,1,33582.0,0.105,12.1,0,0
B107988,Transport,MFI,23,59951.0,4,1,0.834,0.842,2,305025.0,0.254,23.9,0,0
B107989,Personal/Household,MFI,55,37437.0,57,0,0.721,0.634,1,194477.0,0.26,28.0,0,0
B107990,Manufacturing,MFI,47,32708.0,9,0,0.753,0.64,2,197736.0,0.302,20.2,0,0
B107991,Services,Bank,30,38977.0,86,1,0.447,0.637,1,208470.0,0.267,14.2,0,0
B107992,Trade,SACCO,32,10181.0,6,2,0.542,0.775,2,15653.0,0.077,13.6,0,0
B107993,Personal/Household,Bank,18,24872.0,16,4,0.911,0.362,3,118572.0,0.238,17.0,0,0
B107994,Trade,Digital Lender,40,25238.0,39,3,0.911,0.683,1,80545.0,0.16,161.9,0,0
B107995,Agriculture,Digital Lender,21,51009.0,30,6,0.938,0.745,3,317836.0,0.312,159.1,1,0
B107996,Trade,MFI,42,13253.0,8,1,0.66,0.732,2,112086.0,0.423,21.9,0,0
B107997,Real Estate,Digital Lender,45,53077.0,60,2,0.839,0.91,3,418969.0,0.395,347.2,0,0
B107998,Agriculture,SACCO,34,79772.0,27,1,0.866,0.659,0,524955.0,0.329,10.7,0,0
B107999,Services,Bank,24,11551.0,29,3,0.947,0.734,2,20930.0,0.091,17.3,0,0
B108000,Manufacturing,SACCO,47,30006.0,7,2,0.539,0.562,2,169528.0,0.282,8.0,0,0
B108001,Services,Digital Lender,35,39130.0,25,3,0.743,0.607,1,226920.0,0.29,190.8,0,0
B108002,Agriculture,Bank,36,48059.0,56,0,0.825,0.65,0,142784.0,0.149,17.9,0,0
B108003,Trade,Bank,26,9041.0,27,2,0.655,0.758,2,22490.0,0.124,13.7,0,0
B108004,Personal/Household,SACCO,37,35800.0,21,4,0.824,0.679,2,204904.0,0.286,13.7,0,0
B108005,Personal/Household,MFI,33,26362.0,7,3,0.579,0.575,1,236364.0,0.448,22.4,0,0
B108006,Manufacturing,SACCO,22,25443.0,27,1,0.921,0.682,2,125655.0,0.247,16.0,0,0
B108007,Personal/Household,SACCO,48,92779.0,94,0,0.895,0.753,2,795254.0,0.429,8.0,0,0
B108008,Personal/Household,Digital Lender,53,26409.0,20,4,0.807,0.704,6,139440.0,0.264,234.5,1,0
B108009,Transport,Bank,45,38079.0,30,3,0.977,0.735,1,125918.0,0.165,14.4,0,0
B108010,Services,MFI,44,27829.0,17,2,0.579,0.798,4,94464.0,0.17,20.8,0,1
B108011,Personal/Household,Digital Lender,53,33951.0,17,1,0.874,0.827,2,101699.0,0.15,167.0,0,0
B108012,Transport,Bank,25,40294.0,5,4,0.671,0.668,1,73581.0,0.091,15.0,0,1
B108013,Agriculture,MFI,24,48598.0,28,2,0.779,0.444,2,148365.0,0.153,22.7,0,0
B108014,Trade,Bank,31,19393.0,5,1,0.521,0.783,2,143000.0,0.369,12.1,0,0
B108015,Agriculture,Bank,38,32336.0,88,0,0.628,0.801,1,103118.0,0.159,14.4,0,1
B108016,Personal/Household,MFI,32,32971.0,6,1,0.843,0.82,3,58896.0,0.089,23.1,0,0
B108017,Personal/Household,Bank,25,12011.0,5,3,0.473,0.596,2,29682.0,0.124,14.3,0,0
B108018,Agriculture,SACCO,35,17597.0,46,0,0.441,0.68,0,71024.0,0.202,11.9,0,0
B108019,Transport,SACCO,34,48533.0,3,3,0.803,0.546,0,222196.0,0.229,14.1,0,1
B108020,Trade,Digital Lender,43,23066.0,114,0,0.882,0.706,2,103751.0,0.225,79.1,0,0
B108021,Agriculture,Digital Lender,35,125067.0,6,1,0.686,0.658,2,682439.0,0.273,135.1,0,0
B108022,Services,Bank,18,50498.0,10,5,0.85,0.799,1,259295.0,0.257,15.0,0,0
B108023,Real Estate,Bank,39,38121.0,12,2,0.794,0.652,1,126474.0,0.166,15.4,0,0
B108024,Agriculture,Digital Lender,51,68235.0,10,3,0.94,0.661,3,156800.0,0.115,31.5,0,1
B108025,Manufacturing,Bank,35,45479.0,27,1,0.82,0.818,1,68807.0,0.076,12.8,0,1
B108026,Real Estate,Bank,45,32903.0,17,2,0.809,0.891,2,217513.0,0.331,15.5,0,0
B108027,Personal/Household,Bank,30,13660.0,21,4,0.792,0.309,1,72714.0,0.266,16.7,0,0
B108028,Services,SACCO,41,42870.0,21,1,0.476,0.93,1,324222.0,0.378,18.6,0,0
B108029,Transport,Bank,28,64100.0,19,3,0.798,0.721,0,295025.0,0.23,14.3,0,1
B108030,Transport,Bank,33,21459.0,16,1,0.499,0.834,2,88306.0,0.206,15.1,0,0
B108031,Agriculture,MFI,33,10891.0,58,0,0.76,0.682,1,55782.0,0.256,18.9,0,0
B108032,Manufacturing,Digital Lender,40,16513.0,51,2,0.603,0.781,1,38669.0,0.117,169.5,0,1
B108033,Agriculture,Bank,27,78235.0,6,4,0.761,0.366,2,372781.0,0.238,11.6,0,0
B108034,Trade,SACCO,20,31073.0,7,0,0.686,0.595,3,160759.0,0.259,17.6,0,0
B108035,Personal/Household,MFI,40,66362.0,34,0,0.897,0.658,0,343396.0,0.259,13.4,0,0
B108036,Real Estate,MFI,39,30046.0,48,3,0.628,0.735,0,184572.0,0.307,16.8,1,0
B108037,Manufacturing,Bank,36,22627.0,14,3,0.526,0.558,0,65131.0,0.144,11.6,0,1
B108038,Trade,Bank,44,96185.0,20,2,0.763,0.603,0,204227.0,0.106,11.9,0,0
B108039,Personal/Household,Bank,33,24236.0,4,1,0.768,0.493,1,171932.0,0.355,19.5,0,0
B108040,Trade,Digital Lender,38,25926.0,13,1,0.863,0.662,1,198641.0,0.383,121.3,0,0
B108041,Real Estate,Bank,32,38305.0,13,3,0.776,0.567,2,141104.0,0.184,13.2,0,0
B108042,Personal/Household,Digital Lender,32,25348.0,4,0,0.793,0.405,1,146057.0,0.288,118.7,0,0
B108043,Real Estate,Bank,38,45615.0,6,0,0.775,0.772,0,248935.0,0.273,15.2,0,0
B108044,Services,Bank,58,37997.0,6,0,0.833,0.903,3,179212.0,0.236,16.8,0,1
B108045,Trade,SACCO,42,38834.0,4,1,0.821,0.774,1,276178.0,0.356,17.0,1,0
B108046,Personal/Household,Digital Lender,40,21181.0,183,3,0.978,0.658,0,183472.0,0.433,79.3,0,0
B108047,Services,Bank,43,11917.0,9,1,0.613,0.404,0,58413.0,0.245,15.1,0,0
B108048,Manufacturing,Bank,18,18813.0,19,3,0.892,0.842,0,130542.0,0.347,15.3,0,0
B108049,Personal/Household,SACCO,38,19748.0,73,0,0.785,0.43,0,106500.0,0.27,9.7,0,1
B108050,Real Estate,Bank,44,34925.0,23,1,0.633,0.717,1,301438.0,0.432,15.9,0,0
B108051,Personal/Household,SACCO,36,18991.0,6,0,0.736,0.622,3,164373.0,0.433,11.2,0,0
B108052,Services,Digital Lender,35,13281.0,27,5,0.657,0.443,3,63701.0,0.24,158.2,0,0
B108053,Personal/Household,Bank,26,15825.0,5,2,0.482,0.72,1,83557.0,0.264,18.9,0,0
B108054,Services,Digital Lender,31,36798.0,21,5,0.76,0.421,2,137321.0,0.187,261.2,0,0
B108055,Transport,Bank,27,43394.0,6,5,0.552,0.93,2,88354.0,0.102,16.6,0,1
B108056,Manufacturing,Digital Lender,45,22502.0,19,2,0.605,0.772,1,184826.0,0.411,142.4,0,0
B108057,Agriculture,Digital Lender,50,23860.0,12,2,0.89,0.754,3,58246.0,0.122,190.9,0,0
B108058,Personal/Household,SACCO,54,41676.0,95,3,0.957,0.955,2,374333.0,0.449,13.4,0,0
B108059,Services,Digital Lender,27,32566.0,98,3,0.883,0.586,1,241677.0,0.371,93.5,0,0
B108060,Transport,Digital Lender,28,57087.0,5,1,0.915,0.559,1,256439.0,0.225,86.0,0,0
B108061,Agriculture,Bank,28,27263.0,16,3,0.721,0.84,1,180298.0,0.331,12.0,0,0
B108062,Manufacturing,Bank,25,18821.0,11,1,0.843,0.797,5,149174.0,0.396,14.8,0,0
B108063,Personal/Household,Bank,25,54043.0,70,2,0.933,0.484,2,230425.0,0.213,16.5,0,0
B108064,Services,MFI,30,25054.0,91,4,0.908,0.579,1,191221.0,0.382,20.3,0,0
B108065,Trade,SACCO,44,19268.0,16,3,0.539,0.831,1,60188.0,0.156,14.3,0,0
B108066,Trade,MFI,28,48584.0,14,4,0.882,0.686,2,384487.0,0.396,16.9,0,0
B108067,Real Estate,SACCO,46,65979.0,91,3,0.752,0.759,0,549891.0,0.417,8.0,0,0
B108068,Trade,MFI,49,32885.0,11,2,0.94,0.61,4,247511.0,0.376,19.1,0,0
B108069,Services,Bank,38,17114.0,9,1,0.45,0.486,1,86807.0,0.254,15.3,0,0
B108070,Real Estate,Bank,47,69157.0,57,1,0.759,0.694,2,550947.0,0.398,16.2,0,0
B108071,Manufacturing,Digital Lender,21,36578.0,3,2,0.879,0.735,2,132554.0,0.181,116.8,1,0
B108072,Agriculture,Bank,29,33552.0,26,1,0.876,0.68,5,262540.0,0.391,14.8,0,0
B108073,Real Estate,Bank,37,23809.0,2,4,0.538,0.811,1,137299.0,0.288,11.3,1,1
B108074,Services,Bank,37,55348.0,19,0,0.627,0.651,2,272516.0,0.246,15.7,1,0
B108075,Manufacturing,Digital Lender,49,16161.0,3,4,0.593,0.636,0,48518.0,0.15,8.0,0,0
B108076,Trade,Bank,25,15336.0,33,1,0.819,0.502,0,55302.0,0.18,13.2,0,0
B108077,Agriculture,SACCO,30,84287.0,69,1,0.463,0.4,1,253296.0,0.15,14.7,0,0
B108078,Services,Bank,34,18503.0,15,2,0.687,0.808,2,110010.0,0.297,14.2,1,1
B108079,Services,Bank,30,50404.0,2,3,0.452,0.66,0,440003.0,0.436,10.6,0,1
B108080,Trade,SACCO,25,63458.0,4,0,0.607,0.841,2,339076.0,0.267,12.4,0,1
B108081,Transport,SACCO,30,33376.0,10,2,0.948,0.755,1,270180.0,0.405,14.7,0,0
B108082,Trade,SACCO,33,18314.0,5,6,0.981,0.466,4,125604.0,0.343,14.8,0,0
B108083,Manufacturing,Bank,49,42040.0,17,0,0.61,0.867,4,92264.0,0.11,11.0,0,0
B108084,Trade,Digital Lender,25,63926.0,4,2,0.977,0.46,3,275996.0,0.216,169.5,0,0
B108085,Personal/Household,MFI,43,35895.0,17,2,0.486,0.92,0,191256.0,0.266,26.8,0,0
B108086,Services,Digital Lender,48,19721.0,46,3,0.71,0.668,3,157551.0,0.399,203.4,0,0
B108087,Trade,Bank,30,35184.0,139,2,0.831,0.401,0,116481.0,0.166,17.1,0,0
B108088,Real Estate,MFI,38,13883.0,18,1,0.941,0.821,0,88390.0,0.318,18.9,1,0
B108089,Trade,Bank,41,17405.0,13,3,0.948,0.811,2,73528.0,0.211,14.7,0,0
B108090,Agriculture,Digital Lender,39,25790.0,51,1,0.831,0.375,4,58945.0,0.114,137.6,0,1
B108091,Trade,SACCO,36,30756.0,55,0,0.635,0.706,3,127945.0,0.208,13.2,0,0
B108092,Agriculture,MFI,28,15350.0,0,0,0.751,0.551,0,71202.0,0.232,16.6,0,0
B108093,Services,Bank,42,34110.0,74,2,0.851,0.643,4,154808.0,0.227,13.9,0,0
B108094,Trade,Bank,31,39613.0,45,1,0.651,0.428,2,330498.0,0.417,13.6,0,0
B108095,Personal/Household,Bank,35,26421.0,32,0,0.634,0.75,2,101557.0,0.192,17.4,0,0
B108096,Trade,Digital Lender,37,9072.0,55,1,0.563,0.899,4,54419.0,0.3,8.0,0,0
B108097,Manufacturing,Bank,44,31491.0,18,2,0.943,0.777,1,141389.0,0.224,11.4,0,0
B108098,Real Estate,Bank,54,80674.0,94,3,0.455,0.631,2,579590.0,0.359,13.7,0,1
B108099,Services,Bank,28,38244.0,10,3,0.732,0.775,4,334868.0,0.438,15.1,0,0
B108100,Trade,Bank,36,29989.0,1,0,0.587,0.423,1,194594.0,0.324,14.9,0,0
B108101,Trade,Digital Lender,20,24225.0,53,3,0.577,0.786,1,101863.0,0.21,172.9,1,0
B108102,Personal/Household,Bank,50,40840.0,74,2,0.813,0.77,2,138175.0,0.169,12.5,0,0
B108103,Personal/Household,Digital Lender,35,33344.0,65,4,0.43,0.83,4,155513.0,0.233,221.4,0,0
B108104,Personal/Household,SACCO,32,43872.0,1,2,0.671,0.758,4,248395.0,0.283,10.7,0,0
B108105,Trade,MFI,36,16269.0,75,3,0.768,0.492,3,93595.0,0.288,14.2,0,0
B108106,Agriculture,MFI,36,31785.0,4,1,0.695,0.924,1,250402.0,0.394,21.5,0,0
B108107,Personal/Household,SACCO,28,23071.0,47,3,0.502,0.797,1,137987.0,0.299,14.2,0,0
B108108,Transport,SACCO,47,36475.0,35,3,0.656,0.705,6,131136.0,0.18,8.0,1,0
B108109,Transport,Bank,41,10198.0,1,1,0.486,0.64,2,77259.0,0.379,15.2,0,0
B108110,Agriculture,Digital Lender,43,23957.0,9,1,0.848,0.682,1,123105.0,0.257,44.2,1,0
B108111,Agriculture,Bank,28,40069.0,15,0,0.896,0.888,3,309744.0,0.387,13.9,0,0
B108112,Services,Bank,28,43785.0,4,0,0.936,0.585,2,93928.0,0.107,15.5,0,0
B108113,Personal/Household,MFI,34,29238.0,0,2,0.834,0.783,5,77849.0,0.133,27.7,0,0
B108114,Trade,SACCO,43,9061.0,55,0,0.505,0.587,4,66818.0,0.369,9.4,0,0
B108115,Services,Bank,40,42308.0,3,1,0.689,0.536,3,371385.0,0.439,16.8,0,0
B108116,Transport,Bank,27,71060.0,40,3,0.896,0.603,0,514814.0,0.362,16.6,0,0
B108117,Agriculture,Bank,42,18745.0,12,3,0.95,0.803,2,147789.0,0.394,13.1,0,0
B108118,Real Estate,MFI,25,23524.0,32,2,0.51,0.446,0,172550.0,0.367,22.1,0,0
B108119,Personal/Household,Bank,28,46332.0,39,1,0.943,0.377,2,189291.0,0.204,13.4,0,1
B108120,Agriculture,Digital Lender,37,47018.0,1,5,0.866,0.682,3,328946.0,0.35,140.6,0,1
B108121,Manufacturing,Bank,23,54359.0,17,4,0.772,0.901,3,216629.0,0.199,16.0,0,1
B108122,Personal/Household,Digital Lender,25,51951.0,29,0,0.889,0.6,0,226167.0,0.218,114.3,0,0
B108123,Trade,SACCO,51,12801.0,5,0,0.742,0.696,2,53971.0,0.211,10.1,1,0
B108124,Services,Digital Lender,49,22842.0,21,0,0.608,0.78,0,117746.0,0.258,219.1,0,0
B108125,Agriculture,Digital Lender,58,41963.0,61,1,0.828,0.672,2,313316.0,0.373,216.2,0,0
B108126,Real Estate,Bank,40,28356.0,20,2,0.615,0.371,1,169761.0,0.299,18.6,1,0
B108127,Personal/Household,MFI,41,36361.0,4,2,0.745,0.865,4,60269.0,0.083,17.0,0,0
B108128,Transport,Bank,33,27675.0,12,4,0.785,0.567,0,100420.0,0.181,15.8,0,0
B108129,Real Estate,Bank,31,23395.0,34,1,0.744,0.563,1,119813.0,0.256,13.3,0,0
B108130,Transport,Bank,44,26029.0,108,2,0.596,0.634,3,92000.0,0.177,12.1,0,0
B108131,Services,SACCO,49,16042.0,11,1,0.633,0.696,1,121808.0,0.38,18.7,0,0
B108132,Personal/Household,Digital Lender,43,19972.0,50,2,0.636,0.816,3,110943.0,0.278,156.9,0,0
B108133,Personal/Household,Bank,27,28658.0,13,4,0.768,0.597,2,182796.0,0.319,12.6,0,0
B108134,Agriculture,SACCO,39,28946.0,72,1,0.93,0.603,0,172816.0,0.299,15.0,0,0
B108135,Real Estate,Bank,27,40626.0,20,2,0.918,0.701,4,303938.0,0.374,14.3,0,0
B108136,Manufacturing,Bank,32,25417.0,29,1,0.512,0.584,5,102360.0,0.201,14.4,0,0
B108137,Trade,Bank,51,74733.0,2,1,0.887,0.695,2,442297.0,0.296,12.6,0,0
B108138,Personal/Household,SACCO,23,58481.0,41,1,0.753,0.759,3,120384.0,0.103,12.2,0,0
B108139,Agriculture,MFI,57,22555.0,60,0,0.871,0.727,2,196522.0,0.436,17.9,0,0
B108140,Agriculture,Bank,40,33150.0,35,1,0.83,0.844,6,263728.0,0.398,12.9,0,0
B108141,Agriculture,Bank,30,57934.0,20,5,0.957,0.89,2,122194.0,0.105,16.9,1,0
B108142,Agriculture,MFI,36,20902.0,0,3,0.641,0.548,5,76303.0,0.183,19.4,1,1
B108143,Agriculture,Digital Lender,28,19707.0,0,3,0.927,0.775,4,75042.0,0.19,101.6,0,0
B108144,Transport,Bank,30,60757.0,111,6,0.825,0.72,4,365007.0,0.3,15.0,0,0
B108145,Transport,SACCO,36,43489.0,16,3,0.875,0.83,1,67160.0,0.077,12.5,0,0
B108146,Agriculture,SACCO,32,53669.0,7,0,0.477,0.732,2,339673.0,0.316,16.8,0,1
B108147,Trade,MFI,26,35365.0,30,1,0.712,0.773,2,152786.0,0.216,20.5,0,0
B108148,Personal/Household,Bank,33,25843.0,58,3,0.766,0.31,0,211832.0,0.41,13.8,0,0
B108149,Trade,Digital Lender,22,14214.0,64,2,0.89,0.577,4,77753.0,0.273,103.4,0,0
B108150,Manufacturing,MFI,22,32057.0,92,2,0.869,0.448,0,50919.0,0.079,18.6,0,0
B108151,Manufacturing,Bank,22,58551.0,30,1,0.791,0.666,4,194637.0,0.166,18.0,0,0
B108152,Manufacturing,Digital Lender,52,58929.0,13,4,0.773,0.864,2,355072.0,0.301,29.5,0,0
B108153,Services,Digital Lender,39,53579.0,18,1,0.787,0.676,3,165029.0,0.154,80.0,1,0
B108154,Transport,SACCO,41,45843.0,14,1,0.526,0.435,2,253635.0,0.277,14.6,0,0
B108155,Services,Digital Lender,35,100317.0,37,2,0.902,0.506,2,657088.0,0.328,174.2,0,0
B108156,Personal/Household,Bank,40,12664.0,13,2,0.736,0.939,3,45225.0,0.179,16.2,0,0
B108157,Trade,Digital Lender,47,33760.0,50,1,0.918,0.809,2,300813.0,0.446,185.4,0,0
B108158,Agriculture,Bank,39,17761.0,7,0,0.672,0.92,1,27988.0,0.079,13.4,0,0
B108159,Agriculture,Digital Lender,51,69832.0,64,1,0.764,0.777,1,121842.0,0.087,205.5,0,0
B108160,Real Estate,Bank,35,21940.0,15,1,0.876,0.769,2,41943.0,0.096,16.3,0,0
B108161,Manufacturing,Bank,41,51776.0,17,0,0.788,0.549,2,386060.0,0.373,14.8,0,0
B108162,Agriculture,MFI,42,23222.0,130,1,0.974,0.5,0,208724.0,0.449,22.2,0,0
B108163,Agriculture,Digital Lender,26,37464.0,12,2,0.853,0.84,1,185574.0,0.248,165.3,0,0
B108164,Real Estate,MFI,35,28010.0,13,1,0.662,0.83,1,162542.0,0.29,20.4,0,0
B108165,Transport,Digital Lender,18,29508.0,32,2,0.68,0.941,2,82961.0,0.141,138.7,0,0
B108166,Personal/Household,Bank,34,35721.0,39,3,0.627,0.855,2,93735.0,0.131,13.6,0,0
B108167,Services,Bank,32,49302.0,34,4,0.76,0.495,1,134663.0,0.137,14.0,0,0
B108168,Trade,MFI,32,27998.0,20,4,0.773,0.869,2,247373.0,0.442,23.9,0,0
B108169,Real Estate,Bank,31,48545.0,69,1,0.642,0.816,2,358273.0,0.369,12.2,0,0
B108170,Services,SACCO,40,52618.0,40,1,0.908,0.611,2,104112.0,0.099,11.3,0,0
B108171,Personal/Household,Digital Lender,26,23638.0,5,2,0.921,0.812,1,202084.0,0.427,8.0,0,0
B108172,Transport,SACCO,54,83856.0,4,2,0.597,0.67,1,375220.0,0.224,18.9,0,0
B108173,Manufacturing,MFI,41,44795.0,70,2,0.857,0.829,0,239195.0,0.267,25.0,0,0
B108174,Trade,MFI,27,23452.0,43,3,0.945,0.423,3,131263.0,0.28,21.5,1,0
B108175,Services,Digital Lender,41,41677.0,71,1,0.807,0.692,0,120354.0,0.144,171.0,0,0
B108176,Transport,SACCO,45,52635.0,8,1,0.72,0.678,2,389165.0,0.37,12.9,0,0
B108177,Manufacturing,Digital Lender,39,41123.0,18,4,0.912,0.813,3,101735.0,0.124,247.0,0,0
B108178,Manufacturing,Bank,25,33224.0,59,2,0.558,0.763,2,252444.0,0.38,12.7,0,0
B108179,Real Estate,SACCO,57,8000.0,41,1,0.703,0.774,3,12359.0,0.077,13.7,0,0
B108180,Agriculture,Bank,41,17465.0,42,0,0.804,0.377,2,46752.0,0.134,12.8,0,0
B108181,Personal/Household,SACCO,23,43184.0,9,0,0.747,0.881,2,177162.0,0.205,9.5,0,0
B108182,Manufacturing,Digital Lender,37,17275.0,41,0,0.912,0.694,1,80293.0,0.232,267.4,0,0
B108183,Trade,Digital Lender,33,39444.0,22,3,0.875,0.307,2,332537.0,0.422,120.5,0,0
B108184,Real Estate,Bank,35,48369.0,230,3,0.844,0.793,0,338367.0,0.35,16.9,0,0
B108185,Services,Digital Lender,23,27947.0,6,2,0.493,0.738,2,93199.0,0.167,117.0,0,0
B108186,Agriculture,Bank,36,11265.0,9,2,0.976,0.53,3,64138.0,0.285,11.3,1,0
B108187,Real Estate,MFI,27,19827.0,68,1,0.821,0.626,1,78361.0,0.198,15.8,0,0
B108188,Transport,SACCO,32,43331.0,31,6,0.789,0.596,2,81974.0,0.095,18.3,1,0
B108189,Personal/Household,MFI,39,59357.0,29,5,0.564,0.406,4,401363.0,0.338,22.8,0,1
B108190,Transport,Bank,30,9463.0,8,0,0.672,0.629,0,68959.0,0.364,14.4,0,0
B108191,Personal/Household,SACCO,32,31084.0,98,2,0.916,0.757,3,80231.0,0.129,17.2,0,1
B108192,Trade,SACCO,43,13265.0,70,1,0.79,0.513,0,114878.0,0.433,14.8,0,0
B108193,Services,SACCO,26,31249.0,35,1,0.713,0.725,2,171858.0,0.275,16.8,0,0
B108194,Services,MFI,29,27273.0,34,3,0.949,0.776,2,109250.0,0.2,13.5,0,0
B108195,Manufacturing,SACCO,22,108903.0,43,1,0.773,0.824,0,684554.0,0.314,13.8,0,0
B108196,Transport,MFI,27,22107.0,16,2,0.588,0.629,2,59532.0,0.135,23.0,0,0
B108197,Trade,Bank,36,52936.0,5,2,0.83,0.573,4,316455.0,0.299,16.5,0,0
B108198,Real Estate,MFI,41,51789.0,16,1,0.703,0.454,5,205100.0,0.198,15.0,0,0
B108199,Trade,SACCO,27,26710.0,1,1,0.821,0.507,0,167267.0,0.313,14.7,0,1
B108200,Trade,Bank,41,31741.0,86,5,0.933,0.371,1,170736.0,0.269,15.1,0,0
B108201,Services,Bank,36,29740.0,30,0,0.701,0.277,3,111386.0,0.187,16.3,0,0
B108202,Agriculture,Digital Lender,21,19750.0,3,1,0.466,0.811,1,54742.0,0.139,130.3,0,0
B108203,Transport,Digital Lender,37,18833.0,2,1,0.628,0.563,1,56633.0,0.15,176.8,0,0
B108204,Agriculture,SACCO,47,23732.0,16,2,0.693,0.817,3,205592.0,0.433,11.9,0,0
B108205,Agriculture,Digital Lender,18,15897.0,117,2,0.778,0.787,3,57494.0,0.181,124.6,0,1
B108206,Real Estate,Digital Lender,55,22579.0,93,2,0.875,0.803,1,81229.0,0.18,181.7,0,0
B108207,Agriculture,MFI,29,26702.0,95,0,0.591,0.721,1,191017.0,0.358,22.8,0,0
B108208,Transport,Bank,19,32500.0,10,1,0.736,0.443,1,193551.0,0.298,15.3,0,0
B108209,Services,SACCO,36,37950.0,8,2,0.777,0.403,2,251484.0,0.331,13.7,0,0
B108210,Real Estate,Digital Lender,43,26689.0,71,2,0.499,0.569,0,116877.0,0.219,38.5,0,0
B108211,Services,SACCO,32,19477.0,35,3,0.59,0.637,2,121910.0,0.313,14.6,0,0
B108212,Transport,Bank,38,37574.0,64,0,0.89,0.934,0,207052.0,0.276,14.8,0,0
B108213,Transport,Digital Lender,56,45937.0,70,3,0.597,0.759,2,251216.0,0.273,229.9,0,0
B108214,Agriculture,Digital Lender,37,22760.0,3,2,0.723,0.771,1,130684.0,0.287,8.0,0,0
B108215,Trade,MFI,65,17319.0,26,2,0.738,0.604,1,66752.0,0.193,19.8,0,0
B108216,Personal/Household,Digital Lender,48,23261.0,14,2,0.584,0.639,2,89528.0,0.192,30.9,0,0
B108217,Manufacturing,SACCO,36,26907.0,5,2,0.896,0.721,1,211587.0,0.393,11.2,0,1
B108218,Real Estate,Digital Lender,38,55814.0,84,6,0.855,0.67,1,481598.0,0.431,146.7,0,0
B108219,Personal/Household,Digital Lender,32,43546.0,7,2,0.737,0.468,5,141244.0,0.162,133.2,0,0
B108220,Agriculture,Bank,37,29679.0,5,1,0.444,0.741,2,221001.0,0.372,13.7,0,0
B108221,Personal/Household,Digital Lender,41,84574.0,6,4,0.524,0.589,1,606871.0,0.359,130.8,0,1
B108222,Agriculture,Bank,31,29169.0,5,3,0.714,0.595,0,127633.0,0.219,18.0,0,1
B108223,Services,Digital Lender,21,64704.0,85,4,0.807,0.637,3,293049.0,0.226,305.2,0,0
B108224,Agriculture,Digital Lender,48,58203.0,10,0,0.827,0.811,3,441448.0,0.379,217.6,1,0
B108225,Trade,Digital Lender,45,55986.0,7,3,0.855,0.812,2,108423.0,0.097,38.4,0,1
B108226,Personal/Household,Digital Lender,21,35477.0,1,4,0.629,0.898,0,124818.0,0.176,8.0,0,1
B108227,Trade,Digital Lender,37,31705.0,1,3,0.885,0.849,1,250408.0,0.395,145.2,0,1
B108228,Services,Bank,45,29817.0,35,2,0.803,0.501,0,160428.0,0.269,18.4,0,0
B108229,Transport,MFI,44,47457.0,19,4,0.549,0.493,2,200360.0,0.211,16.4,1,0
B108230,Agriculture,Bank,28,19262.0,21,3,0.843,0.242,4,156377.0,0.406,15.2,0,0
B108231,Trade,Digital Lender,45,25729.0,45,3,0.858,0.6,3,186181.0,0.362,58.0,0,0
B108232,Services,SACCO,35,74372.0,19,1,0.628,0.725,2,147903.0,0.099,14.7,0,0
B108233,Transport,SACCO,39,41893.0,8,2,0.667,0.457,0,266272.0,0.318,11.4,0,0
B108234,Services,Bank,26,50250.0,63,2,0.923,0.91,2,444309.0,0.442,14.2,0,0
B108235,Trade,SACCO,18,15190.0,6,1,0.818,0.916,1,124990.0,0.411,14.3,0,0
B108236,Services,MFI,27,23444.0,5,1,0.801,0.429,2,120267.0,0.256,17.7,0,0
B108237,Manufacturing,Digital Lender,40,35725.0,25,3,0.952,0.64,4,259730.0,0.364,93.1,0,0
B108238,Transport,Digital Lender,33,29062.0,84,0,0.947,0.347,2,83218.0,0.143,127.6,0,0
B108239,Agriculture,MFI,42,15155.0,5,1,0.79,0.761,1,61775.0,0.204,21.5,1,0
B108240,Trade,Digital Lender,46,45155.0,6,6,0.66,0.595,3,72777.0,0.081,251.3,0,0
B108241,Services,Bank,32,53776.0,27,1,0.722,0.501,1,124562.0,0.116,14.9,0,0
B108242,Services,Bank,31,25414.0,26,2,0.927,0.909,2,202892.0,0.399,16.2,1,0
B108243,Agriculture,SACCO,18,46058.0,35,2,0.724,0.779,1,152342.0,0.165,10.3,0,0
B108244,Services,SACCO,20,90762.0,61,2,0.536,0.478,2,231814.0,0.128,11.8,0,0
B108245,Trade,Bank,22,68798.0,8,0,0.91,0.885,0,413838.0,0.301,14.9,0,0
B108246,Trade,Bank,41,26047.0,15,2,0.842,0.46,0,104866.0,0.201,14.1,0,1
B108247,Trade,MFI,32,16205.0,32,1,0.516,0.416,3,47791.0,0.147,13.2,0,0
B108248,Real Estate,Bank,30,33745.0,17,1,0.657,0.784,1,74084.0,0.11,12.8,0,0
B108249,Trade,MFI,29,108102.0,34,0,0.702,0.873,1,964950.0,0.446,15.8,0,0
B108250,Real Estate,MFI,27,62064.0,24,2,0.579,0.644,1,518797.0,0.418,18.3,0,0
B108251,Trade,Digital Lender,44,29633.0,26,2,0.75,0.477,2,78213.0,0.132,8.0,0,0
B108252,Personal/Household,Bank,36,70209.0,3,1,0.539,0.748,2,290674.0,0.207,16.2,0,0
B108253,Personal/Household,Bank,45,56545.0,26,1,0.611,0.737,2,107802.0,0.095,16.2,0,0
B108254,Personal/Household,Bank,18,10460.0,10,3,0.607,0.513,3,54228.0,0.259,13.6,0,0
B108255,Trade,Bank,40,53311.0,11,1,0.78,0.348,3,399861.0,0.375,16.1,0,0
B108256,Personal/Household,Digital Lender,30,31740.0,37,3,0.47,0.789,1,81484.0,0.128,85.3,0,0
B108257,Agriculture,MFI,32,18460.0,7,2,0.752,0.629,0,108651.0,0.294,22.4,0,0
B108258,Personal/Household,Bank,49,31263.0,12,0,0.896,0.403,1,62298.0,0.1,9.9,0,0
B108259,Manufacturing,Digital Lender,31,37341.0,8,3,0.792,0.761,3,218353.0,0.292,109.5,0,0
B108260,Agriculture,Digital Lender,40,19211.0,47,2,0.689,0.942,5,78848.0,0.205,229.7,0,0
B108261,Trade,Bank,25,27835.0,2,1,0.863,0.682,0,167420.0,0.301,15.9,0,0
B108262,Personal/Household,Bank,35,24787.0,3,3,0.98,0.726,3,97442.0,0.197,12.4,0,0
B108263,Services,Digital Lender,19,46046.0,65,4,0.473,0.714,0,198796.0,0.216,129.2,0,0
B108264,Transport,SACCO,34,25191.0,2,4,0.532,0.608,1,85529.0,0.17,15.4,0,1
B108265,Services,Digital Lender,39,11673.0,2,3,0.849,0.363,0,43149.0,0.185,178.1,0,1
B108266,Services,Bank,46,23246.0,11,1,0.851,0.84,0,65689.0,0.141,17.7,0,1
B108267,Trade,Digital Lender,27,17668.0,5,1,0.638,0.436,2,133817.0,0.379,151.2,0,0
B108268,Personal/Household,Bank,30,14593.0,64,1,0.508,0.774,2,122850.0,0.421,14.2,0,0
B108269,Agriculture,Bank,29,56909.0,22,1,0.523,0.724,2,439872.0,0.386,17.5,0,0
B108270,Manufacturing,Digital Lender,32,46257.0,50,2,0.799,0.393,3,267463.0,0.289,190.0,0,0
B108271,Trade,SACCO,25,17469.0,17,4,0.826,0.425,2,106115.0,0.304,14.7,0,1
B108272,Services,Bank,18,14792.0,40,3,0.744,0.575,3,98729.0,0.334,13.2,0,0
B108273,Personal/Household,Bank,25,28101.0,13,4,0.95,0.761,3,43202.0,0.077,13.3,0,0
B108274,Agriculture,Digital Lender,35,14358.0,28,2,0.714,0.74,1,21806.0,0.076,123.6,0,0
B108275,Agriculture,Bank,34,26026.0,39,2,0.848,0.802,3,108247.0,0.208,12.5,0,0
B108276,Real Estate,Bank,41,30908.0,20,4,0.587,0.799,2,139426.0,0.226,16.3,0,1
B108277,Personal/Household,Bank,43,35153.0,35,1,0.636,0.865,2,224501.0,0.319,14.6,0,0
B108278,Services,Bank,31,35849.0,44,1,0.697,0.432,5,203089.0,0.283,17.7,0,1
B108279,Agriculture,Digital Lender,19,19353.0,16,2,0.732,0.713,3,135702.0,0.351,276.6,1,0
B108280,Real Estate,Bank,39,30909.0,19,1,0.665,0.639,1,268995.0,0.435,15.5,0,0
B108281,Transport,MFI,35,60132.0,14,2,0.75,0.765,1,422513.0,0.351,16.4,0,0
B108282,Real Estate,SACCO,32,9382.0,1,0,0.921,0.677,0,47207.0,0.252,15.3,0,1
B108283,Manufacturing,Bank,47,35566.0,36,2,0.835,0.852,1,247523.0,0.348,14.0,0,0
B108284,Trade,SACCO,40,15552.0,36,1,0.915,0.559,3,66695.0,0.214,15.1,0,1
B108285,Trade,Bank,36,64353.0,40,4,0.552,0.619,2,351928.0,0.273,14.2,0,0
B108286,Real Estate,Digital Lender,37,46600.0,13,2,0.679,0.703,1,117722.0,0.126,150.9,1,0
B108287,Services,Digital Lender,43,45790.0,38,2,0.81,0.767,1,185347.0,0.202,109.2,0,0
B108288,Agriculture,Digital Lender,28,18595.0,7,2,0.974,0.56,0,124462.0,0.335,179.7,0,0
B108289,Agriculture,Bank,26,34376.0,7,0,0.931,0.289,2,248123.0,0.361,13.0,0,0
B108290,Personal/Household,Digital Lender,33,36547.0,184,4,0.533,0.747,1,151532.0,0.207,257.6,0,0
B108291,Services,SACCO,23,8069.0,2,2,0.483,0.707,2,46086.0,0.286,12.6,0,0
B108292,Real Estate,Bank,35,32228.0,72,1,0.599,0.567,2,192605.0,0.299,14.7,0,0
B108293,Trade,Bank,36,41660.0,29,1,0.859,0.587,0,332540.0,0.399,19.7,0,0
B108294,Personal/Household,Bank,34,13661.0,11,4,0.821,0.247,1,32046.0,0.117,16.8,0,0
B108295,Real Estate,Bank,31,41402.0,33,1,0.68,0.616,2,139905.0,0.169,14.9,0,0
B108296,Transport,Bank,52,31408.0,3,1,0.84,0.408,0,262009.0,0.417,12.6,0,0
B108297,Agriculture,Digital Lender,44,63557.0,21,5,0.937,0.702,0,248491.0,0.195,179.6,0,0
B108298,Trade,Digital Lender,34,23690.0,2,4,0.803,0.452,2,99797.0,0.211,44.9,0,0
B108299,Agriculture,Bank,36,32784.0,42,0,0.959,0.46,1,289158.0,0.441,13.9,1,0
B108300,Personal/Household,Digital Lender,49,35871.0,7,3,0.769,0.827,2,187903.0,0.262,211.0,0,1
B108301,Real Estate,SACCO,29,8000.0,11,2,0.677,0.77,2,28491.0,0.178,12.7,0,0
B108302,Trade,MFI,25,24465.0,24,4,0.905,0.354,1,116771.0,0.239,21.1,0,0
B108303,Real Estate,Digital Lender,37,31178.0,38,1,0.851,0.577,1,194998.0,0.313,8.5,0,0
B108304,Personal/Household,SACCO,39,8135.0,30,3,0.857,0.524,3,25030.0,0.154,14.9,0,0
B108305,Trade,SACCO,40,43080.0,3,1,0.976,0.652,2,335049.0,0.389,14.8,0,0
B108306,Personal/Household,Bank,43,31171.0,2,0,0.898,0.819,2,155879.0,0.25,15.7,0,0
B108307,Transport,Bank,28,31074.0,45,1,0.671,0.584,4,102038.0,0.164,16.0,0,0
B108308,Agriculture,Digital Lender,21,44208.0,15,1,0.607,0.734,2,375291.0,0.424,37.2,0,0
B108309,Services,Bank,29,23719.0,14,3,0.8,0.67,1,106134.0,0.224,12.6,0,0
B108310,Services,Bank,41,30449.0,44,2,0.764,0.718,1,87792.0,0.144,16.5,0,0
B108311,Agriculture,Bank,26,47849.0,6,0,0.737,0.634,1,183703.0,0.192,15.8,0,0
B108312,Trade,MFI,18,30654.0,113,3,0.629,0.37,2,199000.0,0.325,25.5,0,0
B108313,Agriculture,Bank,36,10785.0,28,0,0.69,0.669,1,33372.0,0.155,13.7,0,0
B108314,Trade,Digital Lender,29,30588.0,5,2,0.763,0.654,6,167586.0,0.274,58.2,0,1
B108315,Manufacturing,MFI,18,30797.0,23,2,0.845,0.914,3,126693.0,0.206,33.3,0,0
B108316,Services,Digital Lender,36,48792.0,5,1,0.638,0.671,4,135013.0,0.138,24.0,0,0
B108317,Personal/Household,SACCO,31,24618.0,76,0,0.967,0.786,2,67447.0,0.137,12.4,0,0
B108318,Agriculture,MFI,52,17363.0,11,1,0.921,0.742,0,72837.0,0.21,20.3,1,1
B108319,Real Estate,Bank,36,17395.0,93,2,0.92,0.612,1,96311.0,0.277,15.8,0,0
B108320,Trade,Bank,41,65738.0,3,1,0.854,0.8,1,465135.0,0.354,13.8,0,0
B108321,Manufacturing,Digital Lender,35,34860.0,4,7,0.829,0.861,2,119133.0,0.171,269.5,0,0
B108322,Trade,Digital Lender,29,63917.0,2,3,0.915,0.732,4,97010.0,0.076,170.1,0,0
B108323,Services,MFI,30,69213.0,1,4,0.763,0.785,0,170724.0,0.123,14.3,0,0
B108324,Personal/Household,Digital Lender,46,19753.0,84,2,0.731,0.664,4,148828.0,0.377,115.8,0,0
B108325,Trade,Digital Lender,42,18940.0,106,1,0.426,0.712,0,120161.0,0.317,236.1,0,0
B108326,Personal/Household,Bank,20,27716.0,46,5,0.886,0.914,2,89925.0,0.162,15.0,0,0
B108327,Manufacturing,SACCO,23,41686.0,27,3,0.786,0.32,1,63807.0,0.077,14.8,0,0
B108328,Personal/Household,Digital Lender,23,13755.0,16,1,0.726,0.806,1,78886.0,0.287,161.6,0,0
B108329,Real Estate,Digital Lender,46,38185.0,15,1,0.851,0.849,3,325796.0,0.427,238.7,0,0
B108330,Trade,Bank,18,37136.0,50,1,0.919,0.927,2,175303.0,0.236,13.5,0,0
B108331,Transport,Bank,43,16011.0,45,1,0.888,0.611,4,24484.0,0.076,13.4,0,0
B108332,Trade,MFI,39,16323.0,3,1,0.889,0.427,2,50598.0,0.155,17.9,0,1
B108333,Transport,Bank,36,37967.0,24,1,0.755,0.677,2,165642.0,0.218,15.6,1,0
B108334,Trade,Bank,30,92982.0,7,1,0.56,0.713,3,636737.0,0.342,14.7,0,0
B108335,Personal/Household,SACCO,47,25281.0,42,1,0.878,0.641,0,127299.0,0.252,11.9,0,0
B108336,Personal/Household,MFI,36,35645.0,3,2,0.722,0.291,2,122781.0,0.172,25.1,0,1
B108337,Trade,Bank,21,21317.0,16,2,0.984,0.762,1,137928.0,0.324,13.0,0,0
B108338,Real Estate,SACCO,23,33863.0,21,4,0.751,0.465,0,138179.0,0.204,8.1,0,0
B108339,Personal/Household,Bank,19,21079.0,29,3,0.798,0.822,0,94394.0,0.224,14.2,0,0
B108340,Trade,Bank,47,25786.0,4,1,0.624,0.332,1,96206.0,0.187,13.0,0,0
B108341,Manufacturing,Digital Lender,49,114349.0,2,8,0.535,0.628,2,231297.0,0.101,101.3,0,1
B108342,Transport,Digital Lender,46,31536.0,16,1,0.746,0.47,2,156092.0,0.247,211.7,0,0
B108343,Agriculture,Bank,34,12578.0,2,2,0.664,0.902,0,79136.0,0.315,14.9,1,0
B108344,Personal/Household,Digital Lender,21,42343.0,5,1,0.581,0.81,0,167322.0,0.198,257.5,0,0
B108345,Manufacturing,Digital Lender,24,55333.0,67,0,0.711,0.833,5,280094.0,0.253,211.7,0,0
B108346,Transport,SACCO,25,43111.0,29,2,0.92,0.876,0,114136.0,0.132,13.4,0,0
B108347,Trade,Digital Lender,35,26978.0,7,3,0.763,0.896,1,76180.0,0.141,149.9,0,0
B108348,Trade,Bank,49,17952.0,26,0,0.739,0.488,0,27387.0,0.076,15.5,1,0
B108349,Trade,Bank,49,18196.0,0,0,0.855,0.77,1,38391.0,0.105,16.3,1,0
B108350,Services,Digital Lender,30,26786.0,27,1,0.43,0.863,4,81479.0,0.152,100.7,0,0
B108351,Services,MFI,18,24300.0,3,1,0.803,0.553,4,53918.0,0.111,20.8,0,0
B108352,Personal/Household,Bank,23,21872.0,29,1,0.941,0.555,1,130463.0,0.298,18.3,0,0
B108353,Trade,Bank,47,58013.0,29,0,0.594,0.746,5,135992.0,0.117,14.4,0,0
B108354,Manufacturing,Bank,37,49347.0,76,1,0.664,0.86,2,386825.0,0.392,18.4,0,0
B108355,Personal/Household,Bank,31,59686.0,14,2,0.752,0.848,2,506857.0,0.425,15.4,0,1
B108356,Transport,Bank,31,19272.0,11,3,0.895,0.635,0,144879.0,0.376,17.9,0,0
B108357,Trade,Digital Lender,27,17918.0,25,5,0.644,0.823,2,35492.0,0.099,51.5,0,0
B108358,Services,Bank,23,31025.0,44,2,0.616,0.759,1,251952.0,0.406,12.8,1,0
B108359,Trade,Digital Lender,56,37356.0,10,1,0.899,0.492,5,197857.0,0.265,218.7,0,0
B108360,Trade,Bank,52,30925.0,24,3,0.385,0.853,1,149268.0,0.241,13.6,0,0
B108361,Services,Bank,27,35982.0,66,1,0.488,0.652,2,250988.0,0.349,15.8,0,0
B108362,Manufacturing,Digital Lender,18,71096.0,43,5,0.928,0.72,1,478180.0,0.336,161.7,1,0
B108363,Agriculture,Bank,37,26367.0,41,0,0.487,0.763,2,184103.0,0.349,17.8,0,0
B108364,Manufacturing,Bank,34,46348.0,9,3,0.466,0.607,2,173985.0,0.188,11.6,1,0
B108365,Services,Digital Lender,41,39533.0,3,3,0.84,0.855,6,333852.0,0.422,233.9,0,0
B108366,Trade,Bank,44,31333.0,8,2,0.359,0.383,1,136146.0,0.217,14.3,0,0
B108367,Personal/Household,Bank,23,45187.0,23,1,0.917,0.635,3,276334.0,0.306,15.1,0,0
B108368,Agriculture,Digital Lender,48,19489.0,26,3,0.771,0.909,3,136396.0,0.35,253.8,0,0
B108369,Trade,MFI,31,17449.0,8,2,0.667,0.426,1,93265.0,0.267,25.5,0,0
B108370,Real Estate,SACCO,41,37725.0,18,4,0.608,0.658,0,270023.0,0.358,11.7,0,1
B108371,Manufacturing,Bank,32,12077.0,8,1,0.862,0.838,3,107842.0,0.446,13.7,0,0
B108372,Trade,Bank,44,39393.0,9,1,0.775,0.675,2,125727.0,0.16,15.6,1,0
B108373,Real Estate,MFI,18,15987.0,64,1,0.752,0.82,3,111823.0,0.35,19.9,0,0
B108374,Transport,SACCO,42,68519.0,64,1,0.679,0.732,1,200211.0,0.146,14.9,0,0
B108375,Manufacturing,Bank,27,23910.0,3,0,0.804,0.85,4,202835.0,0.424,8.9,0,0
B108376,Personal/Household,Digital Lender,36,66123.0,3,3,0.663,0.566,0,146811.0,0.111,119.8,0,1
B108377,Personal/Household,Digital Lender,47,26477.0,16,1,0.773,0.777,1,78313.0,0.148,72.9,0,0
B108378,Real Estate,MFI,27,25863.0,19,2,0.549,0.832,4,101249.0,0.196,18.3,0,0
B108379,Real Estate,MFI,25,47870.0,67,2,0.545,0.705,1,400413.0,0.418,28.1,0,0
B108380,Manufacturing,SACCO,31,34931.0,18,4,0.81,0.707,1,140884.0,0.202,13.8,0,0
B108381,Manufacturing,SACCO,31,28662.0,16,2,0.585,0.583,0,212074.0,0.37,13.3,0,0
B108382,Trade,Bank,24,23807.0,23,2,0.769,0.896,1,155209.0,0.326,17.4,0,0
B108383,Agriculture,Digital Lender,36,23933.0,5,3,0.597,0.658,3,67913.0,0.142,249.3,0,1
B108384,Trade,MFI,37,108732.0,64,2,0.631,0.662,1,650885.0,0.299,19.5,0,0
B108385,Real Estate,Digital Lender,40,11832.0,36,1,0.585,0.556,3,38695.0,0.163,67.3,1,0
B108386,Services,Digital Lender,27,15346.0,73,1,0.752,0.44,2,74762.0,0.244,89.3,0,0
B108387,Transport,Bank,26,56800.0,28,1,0.841,0.599,1,122423.0,0.108,17.5,0,0
B108388,Real Estate,Bank,34,54504.0,16,1,0.844,0.403,1,256971.0,0.236,14.6,0,0
B108389,Manufacturing,MFI,33,17901.0,32,4,0.929,0.324,2,97436.0,0.272,18.8,0,0
B108390,Transport,MFI,33,11341.0,32,2,0.774,0.808,1,28407.0,0.125,18.5,1,1
B108391,Real Estate,Digital Lender,28,59861.0,8,2,0.929,0.776,4,132297.0,0.111,289.0,0,0
B108392,Real Estate,Bank,38,16718.0,25,2,0.95,0.739,3,114005.0,0.341,14.5,0,0
B108393,Personal/Household,SACCO,26,22695.0,41,1,0.594,0.565,3,120308.0,0.265,13.1,0,0
B108394,Trade,Digital Lender,34,31347.0,19,1,0.887,0.998,3,189182.0,0.302,176.7,0,0
B108395,Manufacturing,Digital Lender,32,16483.0,7,2,0.901,0.411,1,136537.0,0.414,103.6,0,1
B108396,Manufacturing,Bank,35,49436.0,9,0,0.618,0.754,3,96920.0,0.098,13.9,0,0
B108397,Personal/Household,Digital Lender,47,30077.0,20,1,0.932,0.919,8,145724.0,0.242,64.4,0,0
B108398,Services,Bank,22,18304.0,5,1,0.512,0.335,3,65235.0,0.178,12.2,0,0
B108399,Personal/Household,MFI,18,19213.0,13,2,0.488,0.655,2,68596.0,0.179,17.7,0,0
B108400,Manufacturing,Bank,29,60678.0,1,2,0.838,0.381,2,154247.0,0.127,12.7,0,0
B108401,Trade,SACCO,23,25506.0,8,1,0.64,0.582,3,157933.0,0.31,12.8,1,0
B108402,Transport,Bank,18,41688.0,35,1,0.977,0.398,4,163743.0,0.196,14.0,1,1
B108403,Personal/Household,Bank,52,29570.0,32,1,0.86,0.859,2,197694.0,0.334,16.5,0,0
B108404,Services,Bank,41,11328.0,26,3,0.845,0.534,1,36653.0,0.162,12.7,0,0
B108405,Personal/Household,Digital Lender,42,44836.0,65,1,0.743,0.87,2,212107.0,0.237,424.8,0,0
B108406,Trade,SACCO,32,53670.0,36,1,0.838,0.766,1,231381.0,0.216,15.0,0,0
B108407,Personal/Household,SACCO,39,81907.0,6,2,0.807,0.541,0,674228.0,0.412,8.7,0,0
B108408,Services,SACCO,31,10453.0,27,2,0.726,0.504,4,29161.0,0.139,14.3,0,0
B108409,Personal/Household,Bank,43,8000.0,17,1,0.607,0.797,7,37813.0,0.236,12.8,0,1
B108410,Personal/Household,Bank,37,42256.0,35,1,0.708,0.456,2,115615.0,0.137,13.4,0,0
B108411,Manufacturing,Bank,35,21383.0,17,0,0.65,0.699,1,149017.0,0.348,16.6,0,0
B108412,Transport,MFI,35,13541.0,53,0,0.697,0.657,1,68569.0,0.253,17.0,0,0
B108413,Agriculture,Digital Lender,50,31544.0,29,3,0.856,0.772,2,271968.0,0.431,36.2,0,0
B108414,Trade,Bank,37,23223.0,6,1,0.584,0.315,2,115256.0,0.248,14.5,0,0
B108415,Personal/Household,SACCO,25,14737.0,38,1,0.885,0.717,1,117970.0,0.4,14.3,0,0
B108416,Services,Digital Lender,38,28409.0,49,4,0.826,0.657,0,123741.0,0.218,120.3,0,0
B108417,Personal/Household,Digital Lender,40,40602.0,138,4,0.817,0.763,2,218361.0,0.269,113.6,0,0
B108418,Agriculture,Bank,34,32735.0,43,3,0.75,0.845,2,206289.0,0.315,13.9,1,0
B108419,Trade,Digital Lender,34,32872.0,42,2,0.631,0.851,3,216812.0,0.33,204.9,0,0
B108420,Agriculture,SACCO,24,37945.0,33,4,0.69,0.662,0,246388.0,0.325,14.3,0,0
B108421,Personal/Household,MFI,36,11728.0,14,1,0.57,0.844,0,29193.0,0.124,18.3,0,0
B108422,Transport,Digital Lender,23,28905.0,65,4,0.731,0.777,1,248892.0,0.431,131.9,0,0
B108423,Services,Bank,32,33927.0,49,2,0.736,0.536,2,151806.0,0.224,14.2,0,0
B108424,Agriculture,Digital Lender,28,24152.0,25,0,0.955,0.701,2,210372.0,0.435,225.8,0,1
B108425,Manufacturing,SACCO,45,18841.0,19,0,0.565,0.648,3,114485.0,0.304,8.8,0,0
B108426,Personal/Household,Digital Lender,50,19724.0,38,1,0.876,0.848,1,165093.0,0.418,179.7,0,0
B108427,Agriculture,Digital Lender,24,25302.0,13,2,0.81,0.833,1,77939.0,0.154,76.6,1,0
B108428,Services,SACCO,35,49164.0,52,2,0.963,0.936,1,234572.0,0.239,13.9,0,0
B108429,Transport,Bank,32,68870.0,70,2,0.982,0.691,2,202087.0,0.147,10.4,0,0
B108430,Trade,Bank,40,61568.0,22,1,0.931,0.806,1,169922.0,0.138,17.6,0,0
B108431,Trade,Digital Lender,36,12602.0,19,5,0.819,0.598,4,19515.0,0.077,215.0,0,0
B108432,Services,SACCO,31,17736.0,24,2,0.685,0.413,0,28824.0,0.081,14.5,1,1
B108433,Transport,Digital Lender,36,42685.0,34,4,0.831,0.833,2,154393.0,0.181,158.8,0,0
B108434,Personal/Household,Bank,33,60803.0,26,2,0.749,0.415,2,388165.0,0.319,13.4,0,0
B108435,Personal/Household,MFI,51,17470.0,7,1,0.965,0.659,2,83658.0,0.239,18.4,1,0
B108436,Real Estate,Digital Lender,27,32886.0,5,2,0.863,0.335,2,293968.0,0.447,263.8,0,1
B108437,Personal/Household,Digital Lender,38,15954.0,9,2,0.904,0.912,1,66732.0,0.209,88.6,0,0
B108438,Services,Bank,40,34616.0,19,0,0.534,0.605,0,57209.0,0.083,14.9,0,0
B108439,Trade,Bank,39,20871.0,13,1,0.92,0.508,2,179345.0,0.43,12.9,0,0
B108440,Personal/Household,Digital Lender,32,32880.0,38,2,0.937,0.517,0,169082.0,0.257,145.8,0,0
B108441,Agriculture,Digital Lender,49,15268.0,4,3,0.756,0.894,4,77364.0,0.253,96.7,0,0
B108442,Agriculture,MFI,18,12105.0,54,1,0.628,0.899,0,36254.0,0.15,29.0,0,1
B108443,Real Estate,MFI,24,163416.0,11,2,0.896,0.464,4,566825.0,0.173,22.2,0,0
B108444,Personal/Household,Bank,42,30888.0,19,4,0.582,0.62,1,144788.0,0.234,15.2,0,0
B108445,Trade,MFI,26,96191.0,5,3,0.568,0.521,3,388038.0,0.202,15.1,0,1
B108446,Real Estate,Bank,26,68185.0,12,1,0.879,0.604,2,153993.0,0.113,11.3,0,0
B108447,Personal/Household,Bank,30,12093.0,12,1,0.53,0.666,2,62227.0,0.257,13.7,0,0
B108448,Trade,Digital Lender,27,36279.0,31,3,0.86,0.792,1,188406.0,0.26,110.7,0,0
B108449,Personal/Household,Bank,41,14589.0,124,2,0.715,0.677,3,100842.0,0.346,15.1,0,0
B108450,Services,Digital Lender,44,25263.0,8,1,0.777,0.583,2,136833.0,0.271,129.9,0,0
B108451,Trade,MFI,36,10544.0,3,2,0.828,0.928,3,85785.0,0.407,17.9,0,0
B108452,Trade,Bank,46,12509.0,30,1,0.647,0.645,0,65728.0,0.263,14.9,0,0
B108453,Services,Bank,21,18580.0,29,3,0.417,0.828,2,91498.0,0.246,11.9,0,1
B108454,Trade,Bank,36,22023.0,16,1,0.797,0.447,0,79916.0,0.181,13.1,0,0
B108455,Trade,SACCO,48,30374.0,4,0,0.851,0.699,1,267112.0,0.44,14.0,0,0
B108456,Services,Digital Lender,45,16816.0,21,2,0.8,0.833,1,69510.0,0.207,104.2,1,1
B108457,Services,Digital Lender,49,32277.0,42,1,0.795,0.422,2,238391.0,0.369,242.1,0,0
B108458,Transport,Digital Lender,29,55530.0,60,2,0.707,0.818,0,247465.0,0.223,201.0,0,0
B108459,Manufacturing,Digital Lender,44,34566.0,2,2,0.721,0.888,1,233481.0,0.338,201.1,0,0
B108460,Services,Digital Lender,31,28652.0,10,1,0.942,0.627,2,69218.0,0.121,69.5,0,0
B108461,Transport,MFI,41,35879.0,29,0,0.839,0.954,5,252602.0,0.352,20.9,0,1
B108462,Transport,SACCO,48,13504.0,56,2,0.754,0.652,0,111785.0,0.414,13.5,1,1
B108463,Personal/Household,MFI,27,50192.0,5,1,0.932,0.41,5,279993.0,0.279,23.3,0,0
B108464,Transport,Bank,18,15387.0,33,1,0.843,0.933,2,33609.0,0.109,13.3,0,0
B108465,Manufacturing,SACCO,53,69809.0,1,0,0.887,0.627,0,366612.0,0.263,13.6,0,0
B108466,Real Estate,SACCO,40,45429.0,11,2,0.706,0.549,2,226025.0,0.249,16.7,0,1
B108467,Manufacturing,Bank,34,40381.0,1,2,0.682,0.743,2,354804.0,0.439,13.0,0,0
B108468,Manufacturing,Digital Lender,33,41359.0,52,2,0.888,0.754,5,293000.0,0.354,156.8,0,0
B108469,Agriculture,Bank,18,29702.0,1,3,0.8,0.623,2,56615.0,0.095,13.2,0,1
B108470,Real Estate,SACCO,37,19293.0,37,1,0.811,0.693,0,31306.0,0.081,15.6,1,0
B108471,Personal/Household,Digital Lender,30,17712.0,4,2,0.918,0.858,2,78761.0,0.222,8.0,1,0
B108472,Real Estate,Bank,36,77907.0,27,1,0.864,0.741,3,557213.0,0.358,16.0,0,0
B108473,Trade,Digital Lender,35,31471.0,23,1,0.684,0.597,2,196654.0,0.312,236.7,0,0
B108474,Agriculture,Digital Lender,18,16103.0,31,0,0.85,0.641,0,102001.0,0.317,135.1,0,0
B108475,Agriculture,SACCO,40,39505.0,1,1,0.835,0.742,2,119863.0,0.152,14.4,0,0
B108476,Personal/Household,Digital Lender,37,35903.0,3,1,0.74,0.633,2,295991.0,0.412,35.5,0,0
B108477,Real Estate,SACCO,38,24807.0,19,1,0.35,0.676,0,48360.0,0.097,12.5,0,0
B108478,Agriculture,MFI,33,18144.0,31,2,0.588,0.916,4,90592.0,0.25,26.3,0,0
B108479,Personal/Household,SACCO,35,44558.0,24,0,0.818,0.87,3,301585.0,0.338,11.5,0,0
B108480,Trade,MFI,37,50027.0,50,0,0.933,0.368,4,219950.0,0.22,17.4,0,0
B108481,Trade,Bank,38,35501.0,15,0,0.729,0.576,0,223895.0,0.315,17.2,1,1
B108482,Personal/Household,Bank,40,30926.0,49,3,0.681,0.753,2,149510.0,0.242,17.4,0,0
B108483,Manufacturing,Bank,38,19335.0,2,4,0.795,0.582,5,156346.0,0.404,11.9,0,1
B108484,Personal/Household,Digital Lender,53,38712.0,30,2,0.682,0.785,2,129787.0,0.168,193.3,0,0
B108485,Personal/Household,Digital Lender,28,20971.0,19,4,0.91,0.797,2,69429.0,0.166,8.0,0,0
B108486,Services,Digital Lender,31,14767.0,13,5,0.748,0.772,4,111806.0,0.379,70.4,0,0
B108487,Trade,Bank,52,55220.0,9,1,0.877,0.743,1,159156.0,0.144,12.9,0,0
B108488,Personal/Household,MFI,33,16874.0,50,1,0.626,0.826,0,58525.0,0.173,24.6,0,0
B108489,Personal/Household,MFI,44,10474.0,14,2,0.676,0.585,4,34430.0,0.164,19.2,0,0
B108490,Trade,Bank,36,61081.0,20,3,0.867,0.71,1,523573.0,0.429,11.3,0,0
B108491,Services,SACCO,33,11391.0,157,2,0.635,0.72,3,96051.0,0.422,9.7,0,0
B108492,Real Estate,Bank,45,23996.0,76,1,0.674,0.572,3,48719.0,0.102,15.8,0,0
B108493,Services,Digital Lender,40,16275.0,40,1,0.698,0.456,1,62421.0,0.192,37.1,0,0
B108494,Transport,Bank,20,19968.0,2,0,0.667,0.653,1,103604.0,0.259,10.4,0,0
B108495,Manufacturing,Digital Lender,37,101037.0,40,1,0.779,0.597,4,227720.0,0.113,213.6,0,1
B108496,Trade,Digital Lender,25,28117.0,17,2,0.352,0.673,2,116113.0,0.206,50.7,0,0
B108497,Services,SACCO,48,36241.0,57,0,0.819,0.551,1,277001.0,0.382,15.2,0,0
B108498,Manufacturing,Bank,53,45925.0,3,2,0.735,0.674,6,306202.0,0.333,10.8,0,0
B108499,Trade,Bank,54,20832.0,27,1,0.613,0.895,3,73808.0,0.177,15.0,0,0
B108500,Trade,Digital Lender,39,53709.0,14,1,0.881,0.559,3,405879.0,0.378,228.8,0,0
B108501,Personal/Household,Bank,30,36563.0,24,0,0.621,0.444,2,65112.0,0.089,13.3,0,0
B108502,Trade,Bank,38,45008.0,15,0,0.787,0.566,2,285285.0,0.317,13.2,0,0
B108503,Transport,Digital Lender,26,19958.0,6,3,0.631,0.737,2,174205.0,0.436,141.0,0,1
B108504,Personal/Household,Digital Lender,58,37956.0,22,1,0.757,0.933,4,324481.0,0.427,191.5,0,0
B108505,Agriculture,SACCO,47,29587.0,36,5,0.604,0.837,2,164756.0,0.278,14.6,0,1
B108506,Manufacturing,Bank,38,55346.0,8,4,0.563,0.602,2,354603.0,0.32,18.4,0,0
B108507,Agriculture,MFI,45,22089.0,10,1,0.617,0.881,3,75548.0,0.171,25.5,0,0
B108508,Services,Digital Lender,30,90918.0,12,3,0.262,0.688,1,502693.0,0.276,135.0,0,0
B108509,Personal/Household,Bank,24,35821.0,59,1,0.59,0.402,3,71315.0,0.1,13.6,1,1
B108510,Agriculture,Bank,18,27754.0,3,1,0.804,0.356,1,94853.0,0.171,11.8,0,0
B108511,Manufacturing,Bank,36,26025.0,10,0,0.632,0.742,0,218758.0,0.42,18.4,0,0
B108512,Manufacturing,SACCO,33,29621.0,37,1,0.813,0.549,1,260129.0,0.439,13.1,1,0
B108513,Services,Bank,40,21041.0,1,1,0.752,0.895,0,139717.0,0.332,15.0,0,0
B108514,Real Estate,Digital Lender,35,42903.0,13,4,0.876,0.753,1,215884.0,0.252,159.5,0,0
B108515,Manufacturing,Bank,40,29538.0,23,1,0.645,0.486,1,264566.0,0.448,9.9,0,0
B108516,Services,Bank,43,86594.0,3,4,0.909,0.724,2,596377.0,0.344,15.0,0,1
B108517,Trade,Digital Lender,20,23428.0,14,4,0.797,0.867,5,79888.0,0.17,237.4,0,1
B108518,Manufacturing,Digital Lender,44,27824.0,63,0,0.668,0.767,1,115151.0,0.207,52.6,0,0
B108519,Trade,SACCO,31,23415.0,61,2,0.749,0.687,1,174632.0,0.373,18.1,0,1
B108520,Transport,Digital Lender,40,83114.0,39,0,0.808,0.703,4,273293.0,0.164,249.3,0,0
B108521,Agriculture,Bank,45,13425.0,24,0,0.521,0.341,0,92432.0,0.344,17.8,0,0
B108522,Services,MFI,45,31304.0,20,1,0.527,0.447,1,72447.0,0.116,20.4,0,0
B108523,Real Estate,Bank,36,35318.0,23,0,0.977,0.675,3,315561.0,0.447,18.2,0,0
B108524,Trade,MFI,37,15988.0,23,3,0.392,0.804,1,141045.0,0.441,13.1,0,0
B108525,Personal/Household,Digital Lender,44,127230.0,5,1,0.792,0.77,0,949207.0,0.373,84.4,0,0
B108526,Personal/Household,Digital Lender,20,17822.0,140,0,0.869,0.509,1,122896.0,0.345,56.1,0,0
B108527,Personal/Household,Bank,25,30286.0,45,0,0.958,0.878,2,162577.0,0.268,10.8,0,0
B108528,Personal/Household,Bank,32,75073.0,2,2,0.515,0.761,0,353283.0,0.235,12.2,0,0
B108529,Agriculture,Digital Lender,22,24190.0,48,2,0.582,0.939,2,37081.0,0.077,292.1,0,0
B108530,Transport,SACCO,32,32177.0,24,2,0.66,0.766,1,170622.0,0.265,14.9,0,0
B108531,Trade,Bank,32,24597.0,11,2,0.739,0.683,2,125297.0,0.255,15.4,1,1
B108532,Trade,Bank,36,28874.0,5,2,0.72,0.865,0,115095.0,0.199,15.2,0,0
B108533,Services,Bank,34,53895.0,6,1,0.798,0.57,0,124018.0,0.115,13.3,0,0
B108534,Personal/Household,MFI,46,23580.0,46,2,0.855,0.833,1,159358.0,0.338,18.6,0,0
B108535,Agriculture,MFI,41,8000.0,24,1,0.829,0.833,3,70169.0,0.439,18.6,0,0
B108536,Trade,MFI,34,29199.0,30,3,0.764,0.438,1,125723.0,0.215,21.7,0,0
B108537,Services,MFI,32,30780.0,26,1,0.836,0.865,2,229138.0,0.372,24.7,0,0
B108538,Trade,MFI,35,33107.0,11,4,0.813,0.793,2,263046.0,0.397,19.6,0,0
B108539,Agriculture,Bank,35,26881.0,7,0,0.726,0.554,3,191867.0,0.357,14.2,0,0
B108540,Trade,Bank,60,18501.0,91,3,0.482,0.495,3,165582.0,0.447,17.1,0,0
B108541,Trade,Bank,20,25982.0,20,1,0.621,0.725,5,86600.0,0.167,15.1,0,0
B108542,Agriculture,Digital Lender,26,78500.0,5,3,0.799,0.866,2,197512.0,0.126,277.0,0,1
B108543,Services,Digital Lender,24,29053.0,33,2,0.819,0.843,4,238080.0,0.41,8.0,1,0
B108544,Agriculture,Bank,38,42578.0,50,1,0.656,0.907,1,130756.0,0.154,13.6,0,0
B108545,Manufacturing,MFI,37,16839.0,5,1,0.921,0.498,3,57969.0,0.172,21.6,0,0
B108546,Personal/Household,SACCO,29,25329.0,4,2,0.891,0.675,1,105629.0,0.209,12.3,0,0
B108547,Manufacturing,MFI,44,17148.0,0,1,0.758,0.456,5,77418.0,0.226,18.8,0,1
B108548,Personal/Household,SACCO,39,60568.0,1,2,0.898,0.763,4,327136.0,0.27,13.6,0,1
B108549,Transport,Digital Lender,44,12636.0,20,3,0.844,0.66,1,32453.0,0.128,214.0,0,0
B108550,Transport,Bank,47,36491.0,64,1,0.726,0.759,2,104861.0,0.144,16.0,0,0
B108551,Transport,MFI,18,35861.0,47,2,0.612,0.591,0,183801.0,0.256,19.4,0,0
B108552,Personal/Household,MFI,42,34605.0,20,2,0.818,0.773,3,159063.0,0.23,19.1,0,0
B108553,Personal/Household,MFI,22,8187.0,30,2,0.856,0.56,3,52888.0,0.323,15.7,0,0
B108554,Personal/Household,Bank,37,9773.0,117,3,0.871,0.664,0,53133.0,0.272,16.7,0,0
B108555,Trade,SACCO,34,31710.0,75,3,0.74,0.811,2,102087.0,0.161,9.2,0,0
B108556,Transport,Bank,35,17895.0,40,1,0.634,0.614,2,100304.0,0.28,14.5,0,0
B108557,Personal/Household,SACCO,23,20878.0,21,2,0.711,0.908,2,112768.0,0.27,10.9,0,0
B108558,Agriculture,SACCO,45,23541.0,29,3,0.753,0.66,1,209399.0,0.445,12.3,0,0
B108559,Personal/Household,Bank,22,16662.0,3,4,0.987,0.794,2,77987.0,0.234,17.5,0,1
B108560,Agriculture,Digital Lender,43,15155.0,8,3,0.695,0.716,0,51942.0,0.171,288.0,0,0
B108561,Agriculture,Digital Lender,21,29732.0,37,4,0.911,0.757,2,164157.0,0.276,234.9,1,0
B108562,Personal/Household,MFI,35,10422.0,14,5,0.853,0.761,1,45245.0,0.217,18.8,0,0
B108563,Agriculture,Digital Lender,53,22512.0,0,3,0.633,0.67,1,184216.0,0.409,118.1,0,1
B108564,Real Estate,Digital Lender,59,20597.0,0,2,0.628,0.898,2,68932.0,0.167,143.5,0,0
B108565,Agriculture,Bank,19,29348.0,34,1,0.719,0.473,2,113480.0,0.193,15.3,0,0
B108566,Services,SACCO,28,110520.0,53,1,0.916,0.625,0,577618.0,0.261,17.4,0,0
B108567,Real Estate,SACCO,30,17325.0,2,3,0.502,0.632,2,133900.0,0.386,15.1,0,0
B108568,Personal/Household,SACCO,58,37179.0,19,3,0.83,0.657,2,200829.0,0.27,13.6,0,0
B108569,Personal/Household,Digital Lender,34,33572.0,15,1,0.57,0.71,2,243687.0,0.363,197.0,0,0
B108570,Transport,MFI,46,40455.0,10,3,0.764,0.899,1,274741.0,0.34,20.4,0,1
B108571,Services,Bank,38,26441.0,69,3,0.713,0.719,1,114757.0,0.217,15.5,0,0
B108572,Personal/Household,MFI,23,65696.0,117,1,0.745,0.51,2,257836.0,0.196,20.1,0,0
B108573,Real Estate,Digital Lender,18,43344.0,0,0,0.848,0.691,5,281529.0,0.325,68.7,0,0
B108574,Services,Bank,29,43724.0,3,1,0.947,0.86,2,119634.0,0.137,16.5,1,0
B108575,Manufacturing,Bank,58,13659.0,8,1,0.509,0.832,3,50674.0,0.185,14.6,0,0
B108576,Trade,Bank,38,31351.0,24,0,0.295,0.905,1,53839.0,0.086,13.0,0,0
B108577,Agriculture,SACCO,46,22462.0,1,2,0.757,0.734,2,143979.0,0.32,13.1,0,0
B108578,Transport,Bank,21,18511.0,3,1,0.86,0.74,1,131632.0,0.356,16.0,0,0
B108579,Trade,Bank,32,21067.0,32,3,0.969,0.542,2,184188.0,0.437,14.8,0,0
B108580,Transport,Bank,43,28832.0,15,0,0.594,0.51,1,86752.0,0.15,15.9,0,0
B108581,Agriculture,MFI,24,38224.0,21,0,0.767,0.647,4,81323.0,0.106,22.9,0,0
B108582,Manufacturing,Bank,34,51015.0,48,2,0.83,0.882,1,155686.0,0.153,13.6,0,0
B108583,Trade,Bank,26,49716.0,49,2,0.891,0.59,4,165227.0,0.166,12.1,0,0
B108584,Personal/Household,SACCO,43,34926.0,116,2,0.985,0.72,1,270258.0,0.387,11.5,0,1
B108585,Agriculture,Bank,39,30656.0,28,1,0.633,0.689,2,55240.0,0.09,16.5,0,0
B108586,Trade,Bank,42,24873.0,20,3,0.697,0.58,1,169687.0,0.341,14.4,0,0
B108587,Real Estate,SACCO,44,25947.0,31,1,0.595,0.528,2,152082.0,0.293,19.0,0,0
B108588,Manufacturing,Bank,33,19358.0,23,3,0.965,0.562,1,61750.0,0.159,16.8,0,0
B108589,Transport,Bank,45,23490.0,14,0,0.789,0.644,1,173537.0,0.369,16.4,0,0
B108590,Manufacturing,MFI,29,36120.0,11,1,0.791,0.462,1,64510.0,0.089,15.4,0,0
B108591,Trade,Bank,41,69369.0,54,3,0.886,0.431,2,264548.0,0.191,16.2,0,0
B108592,Personal/Household,MFI,18,27382.0,40,2,0.731,0.744,3,150770.0,0.275,18.1,0,0
B108593,Real Estate,Digital Lender,28,19068.0,19,2,0.879,0.839,2,110659.0,0.29,133.7,0,0
B108594,Trade,MFI,58,50670.0,9,0,0.876,0.631,3,294601.0,0.291,20.3,0,0
B108595,Personal/Household,MFI,41,9884.0,4,2,0.79,0.375,0,50600.0,0.256,22.6,0,0
B108596,Transport,Digital Lender,41,52772.0,10,3,0.894,0.827,1,316563.0,0.3,124.0,0,0
B108597,Transport,MFI,27,13520.0,1,2,0.651,0.718,1,99561.0,0.368,21.0,0,0
B108598,Real Estate,Digital Lender,24,42678.0,14,1,0.968,0.847,2,116791.0,0.137,111.6,0,0
B108599,Real Estate,MFI,32,22883.0,0,2,0.74,0.878,4,160178.0,0.35,21.0,0,0
B108600,Manufacturing,SACCO,34,35472.0,38,2,0.845,0.598,2,199078.0,0.281,9.1,0,0
B108601,Trade,Digital Lender,54,93501.0,8,3,0.581,0.621,3,607091.0,0.325,102.0,0,0
B108602,Agriculture,Bank,45,18755.0,4,1,0.896,0.567,3,72606.0,0.194,16.6,0,0
B108603,Services,Digital Lender,36,17149.0,29,2,0.982,0.838,1,111952.0,0.326,81.2,0,0
B108604,Transport,MFI,36,31040.0,32,2,0.909,0.667,2,214572.0,0.346,19.1,0,0
B108605,Real Estate,SACCO,43,68798.0,30,2,0.843,0.947,4,235333.0,0.171,8.3,0,0
B108606,Agriculture,MFI,22,32812.0,23,1,0.545,0.302,2,237261.0,0.362,20.5,0,0
B108607,Personal/Household,Bank,18,30471.0,44,0,0.441,0.772,1,115432.0,0.189,14.2,0,0
B108608,Agriculture,Bank,42,32630.0,36,0,0.806,0.591,4,232410.0,0.356,17.4,1,0
B108609,Trade,Digital Lender,36,17110.0,58,2,0.743,0.732,3,72749.0,0.213,288.9,0,0
B108610,Trade,SACCO,22,32813.0,35,1,0.534,0.788,1,262012.0,0.399,17.3,1,0
B108611,Personal/Household,Digital Lender,18,23955.0,73,0,0.76,0.805,2,134529.0,0.281,29.7,0,0
B108612,Transport,Bank,44,61535.0,59,1,0.799,0.908,1,437688.0,0.356,12.2,0,0
B108613,Trade,Bank,30,46115.0,0,4,0.78,0.918,2,354265.0,0.384,13.0,0,0
B108614,Trade,Bank,39,14356.0,11,3,0.964,0.272,3,69665.0,0.243,15.0,0,1
B108615,Transport,Bank,32,25445.0,28,1,0.836,0.847,2,48565.0,0.095,17.7,0,0
B108616,Manufacturing,MFI,35,39751.0,3,4,0.867,0.222,3,79839.0,0.1,17.7,0,0
B108617,Personal/Household,Digital Lender,29,17329.0,5,1,0.822,0.764,2,49317.0,0.142,172.1,0,0
B108618,Trade,Digital Lender,34,16422.0,45,1,0.861,0.684,0,42682.0,0.13,55.2,0,0
B108619,Personal/Household,MFI,41,23061.0,5,1,0.329,0.606,3,184175.0,0.399,19.1,0,1
B108620,Services,Bank,32,35934.0,29,2,0.774,0.905,3,256658.0,0.357,14.9,0,1
B108621,Transport,SACCO,32,52598.0,39,4,0.845,0.339,0,435051.0,0.414,11.7,0,0
B108622,Trade,SACCO,41,33781.0,59,1,0.814,0.66,2,94027.0,0.139,10.6,0,1
B108623,Transport,SACCO,42,115184.0,5,2,0.63,0.804,4,253871.0,0.11,10.7,0,0
B108624,Agriculture,MFI,24,20492.0,77,1,0.747,0.756,1,87578.0,0.214,14.0,0,0
B108625,Trade,Bank,35,44676.0,2,1,0.933,0.812,3,324386.0,0.363,14.6,0,0
B108626,Agriculture,Bank,30,16155.0,47,1,0.88,0.932,3,128622.0,0.398,13.3,0,0
B108627,Services,Digital Lender,35,72116.0,4,2,0.77,0.641,4,291476.0,0.202,123.8,0,1
B108628,Real Estate,SACCO,49,62798.0,38,0,0.614,0.441,0,210091.0,0.167,13.4,0,0
B108629,Personal/Household,Digital Lender,39,43973.0,7,0,0.775,0.461,2,107326.0,0.122,199.6,0,0
B108630,Manufacturing,Bank,57,11442.0,41,0,0.799,0.78,3,32148.0,0.14,15.9,1,0
B108631,Manufacturing,MFI,37,43749.0,21,3,0.735,0.441,2,389129.0,0.445,24.3,0,1
B108632,Trade,Bank,33,18948.0,22,1,0.937,0.425,3,92521.0,0.244,15.1,0,1
B108633,Transport,Digital Lender,35,38158.0,58,3,0.725,0.786,2,222147.0,0.291,126.9,0,0
B108634,Trade,Bank,36,13359.0,33,0,0.747,0.648,0,31384.0,0.117,17.9,0,0
B108635,Real Estate,SACCO,38,34492.0,30,2,0.572,0.631,3,52649.0,0.076,15.8,0,0
B108636,Agriculture,Bank,25,24478.0,111,2,0.596,0.682,3,196722.0,0.402,13.8,0,1
B108637,Real Estate,Bank,33,19380.0,46,1,0.553,0.879,2,49091.0,0.127,15.5,0,0
B108638,Manufacturing,Bank,28,41189.0,55,1,0.451,0.911,2,73458.0,0.089,12.0,0,1
B108639,Trade,MFI,45,28905.0,42,2,0.903,0.418,1,188626.0,0.326,24.3,0,0
B108640,Agriculture,Digital Lender,18,26563.0,4,4,0.769,0.699,0,84438.0,0.159,151.7,0,1
B108641,Services,Digital Lender,37,44599.0,33,3,0.616,0.815,2,369650.0,0.414,137.0,0,0
B108642,Trade,SACCO,20,84726.0,11,3,0.672,0.71,4,422543.0,0.249,9.4,0,1
B108643,Agriculture,MFI,39,34600.0,15,1,0.78,0.583,1,263189.0,0.38,13.7,0,0
B108644,Agriculture,Digital Lender,31,11012.0,53,3,0.936,0.553,0,20243.0,0.092,105.3,0,0
B108645,Agriculture,Bank,18,12619.0,79,1,0.732,0.116,1,56067.0,0.222,14.2,0,0
B108646,Personal/Household,Digital Lender,44,30881.0,1,3,0.932,0.39,1,275952.0,0.447,141.0,0,0
B108647,Agriculture,Digital Lender,18,52290.0,0,4,0.758,0.652,1,112310.0,0.107,23.5,0,1
B108648,Real Estate,MFI,35,32019.0,8,0,0.619,0.848,1,243375.0,0.38,22.7,1,1
B108649,Transport,Bank,42,39394.0,31,1,0.226,0.721,1,113144.0,0.144,17.2,0,0
B108650,Agriculture,Bank,49,28786.0,5,2,0.324,0.746,2,242008.0,0.42,15.9,0,0
B108651,Services,Bank,19,50471.0,122,2,0.905,0.891,4,171711.0,0.17,14.6,0,0
B108652,Services,Digital Lender,30,41737.0,8,3,0.322,0.726,0,64495.0,0.077,88.1,0,0
B108653,Trade,SACCO,46,16971.0,12,2,0.781,0.649,1,121474.0,0.358,12.8,0,0
B108654,Agriculture,MFI,47,38036.0,129,2,0.779,0.707,4,97333.0,0.128,22.1,0,0
B108655,Trade,MFI,48,12728.0,16,1,0.761,0.714,0,102266.0,0.402,20.7,0,0
B108656,Trade,Digital Lender,61,38041.0,22,7,0.754,0.878,3,92682.0,0.122,92.3,0,0
B108657,Manufacturing,Bank,30,25454.0,121,1,0.857,0.463,2,110778.0,0.218,13.9,0,0
B108658,Manufacturing,Bank,39,32480.0,12,5,0.676,0.666,1,102803.0,0.158,10.5,0,0
B108659,Real Estate,SACCO,32,35533.0,92,1,0.784,0.611,1,78176.0,0.11,9.4,0,0
B108660,Agriculture,Bank,18,34714.0,16,1,0.9,0.698,0,136794.0,0.197,12.9,0,0
B108661,Agriculture,Bank,34,64836.0,63,4,0.728,0.59,3,179072.0,0.138,10.3,0,0
B108662,Services,MFI,18,30295.0,4,2,0.768,0.414,3,60357.0,0.1,20.3,0,1
B108663,Services,Bank,30,32988.0,6,1,0.728,0.581,1,158190.0,0.24,16.2,0,0
B108664,Trade,Digital Lender,20,61784.0,85,4,0.59,0.552,5,172678.0,0.14,76.1,0,0
B108665,Transport,Digital Lender,39,84393.0,18,3,0.829,0.531,2,742727.0,0.44,205.9,0,0
B108666,Real Estate,Digital Lender,27,29444.0,1,5,0.839,0.758,2,193355.0,0.328,203.8,0,1
B108667,Personal/Household,Digital Lender,18,22434.0,7,2,0.946,0.572,1,163893.0,0.365,196.1,0,0
B108668,Transport,Bank,44,23055.0,20,3,0.952,0.78,2,107336.0,0.233,14.5,0,0
B108669,Services,Bank,29,38097.0,3,0,0.874,0.828,3,217853.0,0.286,14.0,0,0
B108670,Trade,SACCO,31,26586.0,20,3,0.622,0.758,2,173779.0,0.327,13.1,0,1
B108671,Agriculture,Bank,25,11361.0,11,2,0.73,0.535,1,56476.0,0.249,11.5,1,0
B108672,Services,Digital Lender,46,55143.0,20,2,0.951,0.557,4,212840.0,0.193,241.8,0,0
B108673,Trade,Bank,38,46558.0,66,2,0.917,0.481,1,151078.0,0.162,16.8,0,0
B108674,Trade,MFI,29,55863.0,6,2,0.565,0.916,0,172877.0,0.155,15.8,0,0
B108675,Personal/Household,SACCO,18,62272.0,11,1,0.761,0.548,2,412815.0,0.331,21.4,0,0
B108676,Personal/Household,Digital Lender,60,33019.0,20,2,0.754,0.429,1,229850.0,0.348,92.5,0,0
B108677,Transport,SACCO,55,34314.0,12,3,0.742,0.569,1,77671.0,0.113,8.0,0,0
B108678,Personal/Household,SACCO,49,51723.0,4,1,0.644,0.478,1,391803.0,0.379,15.3,0,0
B108679,Personal/Household,Bank,28,15241.0,26,1,0.501,0.773,0,96103.0,0.315,12.9,1,0
B108680,Trade,SACCO,30,24493.0,32,1,0.686,0.598,1,84074.0,0.172,13.0,0,0
B108681,Transport,SACCO,39,28778.0,86,0,0.819,0.591,2,235667.0,0.409,13.4,0,0
B108682,Personal/Household,MFI,26,49368.0,23,1,0.878,0.509,2,346875.0,0.351,22.3,0,0
B108683,Personal/Household,Digital Lender,25,22110.0,8,3,0.733,0.509,1,64550.0,0.146,182.9,0,0
B108684,Agriculture,Bank,50,20097.0,36,2,0.713,0.873,2,170986.0,0.425,12.1,0,0
B108685,Trade,Bank,34,23458.0,32,3,0.632,0.829,3,85357.0,0.182,11.7,0,0
B108686,Personal/Household,Digital Lender,24,38496.0,32,5,0.727,0.915,3,314863.0,0.409,221.0,0,0
B108687,Agriculture,Bank,45,28637.0,1,5,0.856,0.657,4,197059.0,0.344,13.7,0,1
B108688,Trade,SACCO,29,13388.0,45,3,0.786,0.49,6,36708.0,0.137,12.3,0,0
B108689,Personal/Household,MFI,18,14921.0,11,3,0.863,0.696,8,119178.0,0.399,25.9,0,1
B108690,Manufacturing,Digital Lender,24,32053.0,50,0,0.554,0.652,3,78140.0,0.122,206.3,0,0
B108691,Agriculture,Bank,30,32645.0,14,1,0.723,0.508,1,115671.0,0.177,16.9,0,1
B108692,Trade,Bank,37,30187.0,73,5,0.662,0.889,0,137951.0,0.228,15.3,0,0
B108693,Trade,Digital Lender,37,22951.0,18,6,0.883,0.431,2,62090.0,0.135,248.0,0,0
B108694,Personal/Household,SACCO,47,45853.0,28,1,0.588,0.726,3,145867.0,0.159,12.4,0,0
B108695,Manufacturing,MFI,33,36422.0,10,1,0.894,0.666,1,175286.0,0.241,16.5,1,0
B108696,Trade,Bank,30,35746.0,19,1,0.951,0.565,2,295240.0,0.413,15.8,0,1
B108697,Agriculture,MFI,47,36451.0,2,2,0.778,0.708,3,205152.0,0.281,17.8,0,0
B108698,Trade,Digital Lender,45,71581.0,61,4,0.813,0.67,1,174066.0,0.122,301.4,0,0
B108699,Trade,SACCO,33,16927.0,8,0,0.901,0.549,3,90743.0,0.268,14.8,0,0
B108700,Agriculture,Digital Lender,38,23586.0,26,3,0.464,0.768,1,187951.0,0.398,78.5,0,1
B108701,Manufacturing,Digital Lender,30,24711.0,17,4,0.771,0.953,1,174645.0,0.353,138.6,0,0
B108702,Trade,MFI,23,59380.0,37,0,0.665,0.864,1,391585.0,0.33,19.3,0,0
B108703,Agriculture,SACCO,57,24208.0,50,1,0.582,0.414,3,117483.0,0.243,12.6,0,0
B108704,Real Estate,SACCO,30,19228.0,18,3,0.771,0.763,2,57581.0,0.15,9.8,0,0
B108705,Real Estate,Digital Lender,38,28052.0,5,0,0.697,0.559,3,200515.0,0.357,113.8,0,0
B108706,Trade,SACCO,20,31493.0,18,2,0.647,0.566,2,157725.0,0.25,14.8,0,0
B108707,Trade,Bank,42,57412.0,13,2,0.906,0.49,4,330684.0,0.288,14.5,0,0
B108708,Trade,Digital Lender,23,24129.0,37,2,0.886,0.251,1,201728.0,0.418,229.4,0,0
B108709,Agriculture,SACCO,52,20372.0,30,1,0.662,0.429,1,105006.0,0.258,15.9,0,0
B108710,Personal/Household,Digital Lender,53,18026.0,10,4,0.872,0.703,4,95005.0,0.264,232.4,1,0
B108711,Trade,MFI,41,24603.0,4,4,0.604,0.434,0,74877.0,0.152,19.1,0,0
B108712,Personal/Household,MFI,36,121785.0,3,1,0.963,0.718,1,352161.0,0.145,17.4,0,0
B108713,Personal/Household,SACCO,33,36693.0,29,2,0.522,0.407,1,168948.0,0.23,10.5,0,0
B108714,Trade,Digital Lender,35,41318.0,34,2,0.887,0.703,2,368134.0,0.445,142.9,1,0
B108715,Trade,Bank,39,29728.0,24,0,0.766,0.702,3,89166.0,0.15,12.9,0,0
B108716,Trade,MFI,36,32066.0,29,0,0.797,0.508,0,89102.0,0.139,23.9,0,0
B108717,Trade,Digital Lender,45,45825.0,31,2,0.636,0.718,3,146406.0,0.16,358.4,0,0
B108718,Manufacturing,Digital Lender,26,40517.0,16,2,0.533,0.899,1,100604.0,0.124,155.3,0,0
B108719,Trade,Bank,50,36027.0,37,1,0.591,0.613,1,176441.0,0.245,18.2,0,0
B108720,Personal/Household,Bank,31,29997.0,31,1,0.709,0.648,1,220959.0,0.368,16.9,0,0
B108721,Manufacturing,MFI,28,24495.0,29,1,0.457,0.486,3,215964.0,0.441,23.7,0,0
B108722,Personal/Household,Bank,39,37548.0,23,0,0.59,0.8,1,267179.0,0.356,13.2,0,0
B108723,Personal/Household,Bank,39,31131.0,20,1,0.452,0.458,2,268983.0,0.432,13.7,0,0
B108724,Manufacturing,MFI,18,96088.0,26,3,0.948,0.79,0,165546.0,0.086,23.4,0,0
B108725,Services,SACCO,30,52988.0,13,2,0.947,0.757,0,278718.0,0.263,16.7,0,0
B108726,Services,MFI,18,20520.0,16,1,0.487,0.839,2,161415.0,0.393,15.6,0,0
B108727,Agriculture,Bank,28,15627.0,31,1,0.819,0.886,2,45004.0,0.144,13.4,0,0
B108728,Trade,Digital Lender,29,23884.0,1,2,0.766,0.716,0,126392.0,0.265,163.8,0,0
B108729,Agriculture,MFI,38,16387.0,46,2,0.721,0.718,0,147023.0,0.449,14.3,0,0
B108730,Agriculture,Digital Lender,27,23108.0,65,0,0.991,0.711,1,202931.0,0.439,273.4,0,0
B108731,Manufacturing,Bank,29,17444.0,1,0,0.827,0.874,3,156658.0,0.449,12.3,0,0
B108732,Agriculture,Digital Lender,48,24838.0,24,2,0.845,0.467,1,40441.0,0.081,77.5,0,0
B108733,Manufacturing,Digital Lender,56,25001.0,25,3,0.709,0.92,1,123112.0,0.246,96.3,0,0
B108734,Personal/Household,Bank,26,32239.0,7,0,0.876,0.714,1,202147.0,0.313,18.3,0,0
B108735,Agriculture,SACCO,45,26535.0,1,0,0.85,0.778,2,56321.0,0.106,12.6,0,0
B108736,Manufacturing,SACCO,39,18101.0,29,3,0.961,0.952,1,30880.0,0.085,15.3,0,0
B108737,Agriculture,MFI,18,58000.0,24,1,0.345,0.45,3,368785.0,0.318,27.9,0,0
B108738,Personal/Household,Digital Lender,27,37110.0,4,0,0.866,0.785,1,229243.0,0.309,128.6,1,0
B108739,Transport,Bank,18,22038.0,13,0,0.663,0.883,0,46667.0,0.106,13.0,1,1
B108740,Trade,MFI,38,18263.0,11,6,0.945,0.654,0,61098.0,0.167,13.6,0,1
B108741,Transport,Digital Lender,24,13267.0,30,3,0.869,0.467,3,90304.0,0.34,275.2,0,0
B108742,Trade,Bank,36,12743.0,43,0,0.578,0.857,1,80109.0,0.314,16.4,0,1
B108743,Personal/Household,Bank,61,52897.0,1,2,0.781,0.93,1,226952.0,0.215,15.2,0,0
B108744,Manufacturing,Bank,51,49896.0,38,0,0.843,0.668,3,398007.0,0.399,17.3,0,0
B108745,Real Estate,Digital Lender,27,21561.0,63,2,0.964,0.464,0,39679.0,0.092,114.5,0,0
B108746,Personal/Household,Bank,25,63032.0,45,2,0.605,0.789,2,269820.0,0.214,16.7,0,0
B108747,Personal/Household,Bank,48,41740.0,52,1,0.836,0.558,1,118070.0,0.141,16.8,0,0
B108748,Personal/Household,SACCO,25,33249.0,3,1,0.764,0.548,2,280863.0,0.422,8.7,0,0
B108749,Manufacturing,Digital Lender,45,47766.0,54,2,0.642,0.66,0,283715.0,0.297,46.8,0,0
B108750,Personal/Household,MFI,62,41779.0,14,3,0.781,0.392,3,154699.0,0.185,23.4,0,1
B108751,Real Estate,Digital Lender,42,32355.0,15,4,0.784,0.74,0,272222.0,0.421,43.4,1,1
B108752,Personal/Household,Bank,47,26055.0,8,5,0.816,0.747,0,170566.0,0.327,16.9,0,0
B108753,Personal/Household,SACCO,46,28030.0,33,0,0.973,0.453,2,241590.0,0.431,8.8,0,1
B108754,Trade,SACCO,29,12279.0,16,2,0.736,0.35,1,49722.0,0.202,12.1,0,1
B108755,Agriculture,Bank,38,19141.0,10,1,0.847,0.36,3,151402.0,0.395,13.8,0,1
B108756,Agriculture,Digital Lender,25,80025.0,102,2,0.894,0.516,2,503017.0,0.314,41.8,0,0
B108757,Trade,MFI,48,18862.0,7,2,0.596,0.703,2,43294.0,0.115,12.7,0,0
B108758,Real Estate,Bank,24,10744.0,28,1,0.903,0.492,0,38414.0,0.179,14.4,0,0
B108759,Trade,Bank,42,48883.0,75,0,0.84,0.502,1,411694.0,0.421,17.4,0,0
B108760,Transport,Bank,46,34089.0,17,2,0.918,0.662,3,173556.0,0.255,16.3,0,0
B108761,Trade,Digital Lender,30,35161.0,26,3,0.494,0.791,1,279089.0,0.397,161.3,0,0
B108762,Agriculture,Bank,28,27265.0,34,2,0.87,0.744,0,207745.0,0.381,14.1,0,0
B108763,Transport,Digital Lender,33,49066.0,14,1,0.702,0.634,3,286099.0,0.292,235.9,0,1
B108764,Real Estate,Bank,26,68963.0,29,0,0.896,0.887,1,601789.0,0.436,14.4,0,0
B108765,Real Estate,Digital Lender,37,22319.0,4,1,0.888,0.901,2,48422.0,0.108,200.0,0,0
B108766,Personal/Household,Digital Lender,26,42112.0,11,1,0.754,0.617,3,108077.0,0.128,140.4,0,0
B108767,Services,Bank,27,55005.0,146,5,0.489,0.693,3,494856.0,0.45,15.1,0,0
B108768,Manufacturing,Bank,40,21639.0,16,3,0.561,0.479,1,192210.0,0.444,15.9,0,1
B108769,Trade,Digital Lender,41,68205.0,19,1,0.751,0.758,3,293297.0,0.215,264.4,0,0
B108770,Trade,Bank,32,54904.0,18,4,0.733,0.77,1,261884.0,0.238,14.2,1,0
B108771,Services,Bank,19,15016.0,167,0,0.914,0.84,3,117470.0,0.391,11.2,0,0
B108772,Transport,Digital Lender,47,71485.0,26,4,0.884,0.533,2,260941.0,0.183,99.1,0,1
B108773,Personal/Household,Digital Lender,31,15456.0,26,4,0.654,0.944,2,33058.0,0.107,110.5,0,0
B108774,Transport,Digital Lender,56,20372.0,42,2,0.879,0.511,4,122282.0,0.3,184.2,0,0
B108775,Trade,Digital Lender,34,43305.0,10,0,0.628,0.52,2,249176.0,0.288,177.6,0,0
B108776,Real Estate,MFI,36,52723.0,96,1,0.871,0.832,0,369924.0,0.351,26.4,0,0
B108777,Personal/Household,Digital Lender,31,31391.0,8,6,0.53,0.475,1,208759.0,0.333,105.3,1,1
B108778,Personal/Household,Bank,37,21027.0,69,2,0.685,0.757,3,101689.0,0.242,13.5,0,0
B108779,Agriculture,Digital Lender,70,25769.0,43,3,0.504,0.661,2,95073.0,0.184,214.7,0,1
B108780,Transport,SACCO,32,24145.0,35,1,0.56,0.762,1,135841.0,0.281,10.1,0,0
B108781,Trade,MFI,48,47225.0,8,2,0.876,0.568,2,261430.0,0.277,21.9,0,0
B108782,Services,Digital Lender,36,23784.0,75,3,0.88,0.638,1,194344.0,0.409,265.7,0,0
B108783,Agriculture,MFI,47,20775.0,22,0,0.779,0.431,0,132593.0,0.319,26.3,1,0
B108784,Personal/Household,SACCO,18,13194.0,14,3,0.829,0.932,0,51700.0,0.196,15.4,0,1
B108785,Agriculture,MFI,54,21443.0,18,1,0.848,0.568,1,122721.0,0.286,22.2,0,0
B108786,Transport,Bank,38,27859.0,17,1,0.826,0.614,0,143356.0,0.257,15.3,0,0
B108787,Transport,Bank,32,15967.0,15,2,0.682,0.474,3,115148.0,0.361,12.2,0,0
B108788,Agriculture,Digital Lender,44,11389.0,3,3,0.741,0.597,4,67818.0,0.298,176.2,0,1
B108789,Personal/Household,Bank,36,50969.0,32,1,0.584,0.845,4,207149.0,0.203,16.4,0,0
B108790,Services,SACCO,24,17150.0,12,0,0.846,0.796,2,30193.0,0.088,10.6,1,0
B108791,Personal/Household,MFI,18,14471.0,11,1,0.945,0.484,2,39497.0,0.136,21.3,0,0
B108792,Agriculture,Digital Lender,53,70491.0,19,0,0.598,0.703,2,435787.0,0.309,55.5,1,0
B108793,Personal/Household,Digital Lender,33,47421.0,14,3,0.733,0.637,4,198035.0,0.209,315.0,0,0
B108794,Manufacturing,Bank,29,52262.0,30,2,0.892,0.532,1,248665.0,0.238,15.7,0,0
B108795,Transport,Bank,30,39256.0,24,0,0.926,0.709,1,132350.0,0.169,17.9,0,0
B108796,Real Estate,SACCO,50,61160.0,21,3,0.691,0.617,1,342686.0,0.28,8.0,0,0
B108797,Transport,Bank,30,48333.0,7,0,0.97,0.935,3,303608.0,0.314,13.9,0,0
B108798,Trade,MFI,41,24601.0,61,1,0.91,0.513,0,172931.0,0.351,19.2,0,0
B108799,Real Estate,Bank,32,16551.0,0,3,0.934,0.601,1,34913.0,0.105,13.7,0,0
B108800,Trade,Bank,22,14680.0,101,1,0.974,0.72,2,24151.0,0.082,13.8,0,0
B108801,Agriculture,Digital Lender,44,27534.0,1,3,0.824,0.556,0,213992.0,0.389,158.1,0,0
B108802,Trade,Digital Lender,46,16236.0,1,1,0.79,0.477,4,35746.0,0.11,184.3,0,0
B108803,Trade,SACCO,28,19173.0,7,0,0.929,0.622,2,41694.0,0.109,8.6,0,0
B108804,Personal/Household,Bank,35,27344.0,27,3,0.508,0.571,0,180918.0,0.331,14.1,0,0
B108805,Manufacturing,Digital Lender,36,64141.0,10,2,0.496,0.589,1,536091.0,0.418,80.9,0,0
B108806,Trade,SACCO,39,12954.0,22,1,0.764,0.622,1,43633.0,0.168,12.0,0,0
B108807,Personal/Household,Digital Lender,55,30223.0,42,3,0.824,0.811,4,203847.0,0.337,160.9,0,0
B108808,Services,Bank,32,14939.0,27,1,0.823,0.667,3,104120.0,0.348,10.6,0,0
B108809,Services,Bank,32,21895.0,2,1,0.621,0.511,2,49208.0,0.112,12.0,0,0
B108810,Personal/Household,SACCO,33,49584.0,48,3,0.558,0.906,3,149491.0,0.151,9.7,0,0
B108811,Services,Digital Lender,26,18647.0,28,1,0.536,0.842,2,136332.0,0.366,49.0,0,0
B108812,Transport,Bank,18,25723.0,10,2,0.787,0.803,2,141325.0,0.275,14.5,0,1
B108813,Services,Bank,36,32131.0,21,0,0.775,0.768,4,262731.0,0.409,12.4,0,1
B108814,Services,SACCO,40,43724.0,3,1,0.861,0.802,1,376286.0,0.43,15.8,0,0
B108815,Agriculture,Digital Lender,35,21997.0,50,5,0.419,0.255,2,38194.0,0.087,178.4,0,0
B108816,Personal/Household,Digital Lender,34,59482.0,20,5,0.719,0.49,3,444716.0,0.374,170.0,0,0
B108817,Personal/Household,Digital Lender,26,23276.0,3,0,0.779,0.806,1,101021.0,0.217,315.2,0,0
B108818,Personal/Household,SACCO,38,38808.0,5,2,0.865,0.755,4,94503.0,0.122,10.7,0,0
B108819,Services,Digital Lender,37,26784.0,15,2,0.715,0.43,3,143529.0,0.268,294.5,0,0
B108820,Real Estate,MFI,40,44690.0,80,1,0.598,0.71,0,249699.0,0.279,22.6,0,0
B108821,Real Estate,Bank,38,90683.0,83,3,0.58,0.686,1,525212.0,0.29,12.7,0,0
B108822,Transport,SACCO,39,25523.0,43,2,0.914,0.759,3,103374.0,0.203,14.0,0,0
B108823,Personal/Household,SACCO,48,29472.0,0,1,0.924,0.708,3,137422.0,0.233,14.9,0,0
B108824,Personal/Household,MFI,41,23444.0,3,1,0.755,0.657,1,209621.0,0.447,25.8,0,0
B108825,Personal/Household,Bank,40,21541.0,74,2,0.84,0.835,0,83944.0,0.195,14.0,0,0
B108826,Personal/Household,Digital Lender,18,20239.0,31,1,0.846,0.806,3,34942.0,0.086,262.6,0,0
B108827,Services,Digital Lender,46,29429.0,3,3,0.905,0.677,1,210082.0,0.357,106.7,0,0
B108828,Trade,Bank,32,19393.0,7,1,0.911,0.848,1,101466.0,0.262,14.2,0,0
B108829,Services,Digital Lender,36,19719.0,102,2,0.894,0.574,0,146088.0,0.37,193.4,0,1
B108830,Trade,Bank,22,8000.0,39,2,0.537,0.517,1,41287.0,0.258,14.3,0,0
B108831,Manufacturing,Bank,56,63686.0,32,2,0.741,0.357,2,446858.0,0.351,12.0,0,0
B108832,Trade,Bank,18,73430.0,29,2,0.884,0.56,3,237147.0,0.161,14.0,0,0
B108833,Manufacturing,MFI,50,42481.0,174,3,0.894,0.938,2,346231.0,0.408,15.7,0,0
B108834,Real Estate,Bank,39,18386.0,23,1,0.741,0.346,1,109800.0,0.299,11.5,0,0
B108835,Trade,SACCO,18,14840.0,5,0,0.722,0.808,3,128204.0,0.432,17.3,0,0
B108836,Transport,Digital Lender,55,12576.0,56,2,0.693,0.873,0,49921.0,0.198,66.3,1,0
B108837,Personal/Household,MFI,40,42258.0,9,4,0.928,0.772,2,118652.0,0.14,11.6,0,0
B108838,Trade,Digital Lender,18,59630.0,1,1,0.789,0.609,4,436784.0,0.366,159.4,0,0
B108839,Personal/Household,Digital Lender,31,32577.0,43,4,0.86,0.764,0,235761.0,0.362,146.4,0,0
B108840,Trade,MFI,40,47658.0,34,2,0.965,0.658,2,359735.0,0.377,13.4,0,0
B108841,Trade,Bank,52,37974.0,22,1,0.782,0.629,5,81580.0,0.107,14.3,0,0
B108842,Trade,Bank,31,19458.0,9,0,0.634,0.399,1,104640.0,0.269,14.9,1,0
B108843,Transport,SACCO,18,51803.0,81,1,0.799,0.363,1,276664.0,0.267,11.6,0,0
B108844,Personal/Household,MFI,50,50014.0,11,1,0.943,0.762,3,370698.0,0.371,28.3,0,0
B108845,Transport,SACCO,40,17244.0,61,2,0.678,0.636,2,42766.0,0.124,11.4,0,0
B108846,Personal/Household,SACCO,18,46347.0,1,3,0.755,0.715,2,375368.0,0.405,18.9,1,0
B108847,Transport,SACCO,38,27414.0,10,2,0.76,0.884,0,72532.0,0.132,9.3,0,0
B108848,Personal/Household,Bank,39,25758.0,58,1,0.496,0.852,1,157800.0,0.306,16.6,0,0
B108849,Services,Bank,32,36858.0,49,2,0.76,0.777,3,145830.0,0.198,14.7,0,0
B108850,Real Estate,Bank,27,36237.0,19,2,0.739,0.82,1,226268.0,0.312,13.3,0,0
B108851,Trade,Digital Lender,29,48474.0,47,1,0.812,0.675,1,211467.0,0.218,177.2,0,0
B108852,Trade,SACCO,32,18637.0,3,3,0.653,0.484,0,52020.0,0.14,10.9,0,0
B108853,Transport,SACCO,39,40582.0,33,2,0.934,0.617,3,300958.0,0.371,10.5,0,1
B108854,Manufacturing,SACCO,43,15709.0,109,2,0.936,0.611,0,138145.0,0.44,12.9,0,0
B108855,Trade,MFI,18,26949.0,25,1,0.875,0.381,3,59138.0,0.11,20.4,0,0
B108856,Services,Bank,38,27955.0,89,2,0.616,0.655,3,57372.0,0.103,17.8,1,0
B108857,Services,Bank,40,50692.0,120,3,0.878,0.948,0,315092.0,0.311,13.3,0,0
B108858,Agriculture,Bank,37,29884.0,51,0,0.931,0.897,0,51852.0,0.087,16.2,0,0
B108859,Trade,Bank,31,25745.0,80,2,0.635,0.526,1,166911.0,0.324,17.6,1,0
B108860,Trade,Bank,49,65138.0,15,2,0.773,0.971,2,166488.0,0.128,15.8,0,0
B108861,Real Estate,Digital Lender,48,23483.0,68,5,0.477,0.392,0,56252.0,0.12,94.8,0,1
B108862,Personal/Household,Bank,31,22945.0,27,4,0.738,0.823,1,156986.0,0.342,16.2,0,0
B108863,Transport,Bank,34,10593.0,9,4,0.857,0.818,0,28150.0,0.133,13.7,0,0
B108864,Trade,Bank,43,26390.0,43,1,0.762,0.759,2,73796.0,0.14,12.5,1,0
B108865,Real Estate,Bank,48,17733.0,11,3,0.985,0.933,2,159144.0,0.449,8.5,0,0
B108866,Trade,Bank,27,25903.0,25,1,0.656,0.842,0,85217.0,0.164,16.8,0,1
B108867,Real Estate,Bank,25,33927.0,26,4,0.905,0.332,1,236417.0,0.348,11.3,1,0
B108868,Real Estate,Bank,38,16370.0,6,0,0.633,0.944,2,121219.0,0.37,14.8,0,0
B108869,Transport,Digital Lender,24,18908.0,35,3,0.797,0.8,4,84784.0,0.224,356.3,1,0
B108870,Manufacturing,Bank,18,12336.0,17,7,0.86,0.855,3,88625.0,0.359,13.0,0,0
B108871,Personal/Household,Bank,27,22463.0,9,1,0.896,0.68,2,34166.0,0.076,15.8,0,1
B108872,Trade,MFI,39,17686.0,52,4,0.782,0.884,1,150924.0,0.427,24.2,0,1
B108873,Personal/Household,Bank,51,96694.0,42,3,0.9,0.696,3,302498.0,0.156,14.7,0,0
B108874,Trade,MFI,28,67997.0,54,4,0.641,0.819,1,548758.0,0.404,19.9,0,0
B108875,Agriculture,MFI,34,62194.0,48,1,0.781,0.533,1,243938.0,0.196,11.4,0,0
B108876,Personal/Household,Digital Lender,37,14587.0,3,3,0.749,0.535,0,29967.0,0.103,233.1,0,1
B108877,Personal/Household,Digital Lender,29,26969.0,43,2,0.886,0.239,1,213013.0,0.395,95.2,0,0
B108878,Trade,SACCO,28,15340.0,6,2,0.598,0.87,0,126811.0,0.413,10.2,0,0
B108879,Manufacturing,Bank,38,81924.0,6,0,0.766,0.637,3,204357.0,0.125,16.3,0,0
B108880,Personal/Household,MFI,23,46962.0,16,4,0.711,0.757,1,354501.0,0.377,16.9,0,0
B108881,Services,Bank,27,16665.0,137,1,0.434,0.782,0,126732.0,0.38,14.0,0,0
B108882,Transport,Digital Lender,33,36432.0,63,2,0.396,0.902,1,231566.0,0.318,267.6,0,0
B108883,Trade,Bank,38,13155.0,78,4,0.603,0.726,3,74067.0,0.281,17.1,0,0
B108884,Manufacturing,SACCO,20,27582.0,8,0,0.415,0.598,6,215757.0,0.391,16.5,0,0
B108885,Trade,Bank,34,26996.0,38,2,0.758,0.878,4,209474.0,0.388,12.8,0,1
B108886,Trade,MFI,22,44659.0,8,3,0.792,0.404,3,130040.0,0.146,19.7,1,1
B108887,Transport,Bank,28,51191.0,16,1,0.937,0.807,1,315279.0,0.308,10.4,0,0
B108888,Personal/Household,Bank,43,30067.0,29,1,0.635,0.679,0,133150.0,0.221,11.9,0,0
B108889,Trade,SACCO,34,26286.0,28,2,0.592,0.623,4,201325.0,0.383,14.1,0,0
B108890,Personal/Household,SACCO,52,8000.0,132,3,0.833,0.838,1,41556.0,0.26,10.1,0,0
B108891,Personal/Household,Bank,34,70205.0,8,2,0.926,0.641,2,465207.0,0.331,14.3,0,0
B108892,Personal/Household,Bank,45,20709.0,116,2,0.84,0.484,2,62150.0,0.15,16.8,0,0
B108893,Agriculture,Digital Lender,43,31451.0,76,1,0.898,0.796,5,177986.0,0.283,161.9,1,0
B108894,Real Estate,MFI,35,103002.0,31,2,0.744,0.602,0,408033.0,0.198,23.7,0,0
B108895,Trade,SACCO,22,15418.0,33,2,0.808,0.911,2,118155.0,0.383,10.6,0,0
B108896,Agriculture,MFI,34,30083.0,44,0,0.815,0.794,1,58885.0,0.098,20.7,0,0
B108897,Agriculture,SACCO,30,39076.0,6,2,0.898,0.817,0,328910.0,0.421,13.4,0,0
B108898,Agriculture,SACCO,29,54223.0,23,3,0.69,0.486,2,316267.0,0.292,15.5,0,0
B108899,Trade,Bank,37,29753.0,1,0,0.599,0.576,0,50392.0,0.085,16.1,0,0
B108900,Trade,MFI,21,56759.0,48,2,0.674,0.74,0,457917.0,0.403,23.0,0,0
B108901,Services,MFI,26,23657.0,1,1,0.746,0.73,4,119218.0,0.252,20.9,0,0
B108902,Personal/Household,Bank,25,40092.0,1,0,0.83,0.848,6,304251.0,0.379,15.8,0,0
B108903,Agriculture,SACCO,32,37335.0,16,2,0.699,0.579,1,213038.0,0.285,18.1,0,0
B108904,Services,Bank,27,28279.0,22,1,0.615,0.54,2,54981.0,0.097,18.5,0,0
B108905,Agriculture,Bank,28,35523.0,6,1,0.931,0.429,1,182712.0,0.257,14.0,0,0
B108906,Real Estate,Digital Lender,36,18379.0,2,3,0.961,0.526,2,160579.0,0.437,157.9,0,0
B108907,Personal/Household,Digital Lender,31,25229.0,23,1,0.86,0.795,0,137794.0,0.273,250.5,0,0
B108908,Real Estate,Bank,35,14650.0,18,1,0.658,0.562,2,124637.0,0.425,13.2,0,0
B108909,Agriculture,SACCO,24,23322.0,2,0,0.766,0.59,1,38716.0,0.083,11.2,0,0
B108910,Agriculture,Bank,27,55603.0,33,1,0.653,0.909,3,458615.0,0.412,14.1,0,0
B108911,Manufacturing,SACCO,55,37467.0,19,3,0.702,0.851,0,281450.0,0.376,10.6,0,0
B108912,Transport,MFI,28,35220.0,16,2,0.468,0.667,3,165746.0,0.235,11.2,0,0
B108913,Real Estate,Digital Lender,18,12340.0,9,0,0.552,0.574,2,38990.0,0.158,223.0,0,0
B108914,Real Estate,Bank,38,35455.0,44,0,0.912,0.547,2,73611.0,0.104,15.7,0,0
B108915,Agriculture,Bank,28,28724.0,1,2,0.662,0.77,0,110001.0,0.191,13.9,0,0
B108916,Manufacturing,Digital Lender,37,39958.0,143,2,0.678,0.578,1,267134.0,0.334,8.0,0,0
B108917,Trade,Bank,34,63625.0,1,2,0.664,0.578,0,504181.0,0.396,14.2,0,0
B108918,Personal/Household,Bank,40,23744.0,14,1,0.85,0.321,1,103872.0,0.219,17.4,0,0
B108919,Personal/Household,MFI,34,24995.0,7,0,0.909,0.79,0,153478.0,0.307,21.5,1,0
B108920,Real Estate,SACCO,33,49265.0,70,0,0.712,0.516,2,167429.0,0.17,13.1,0,0
B108921,Personal/Household,Bank,46,21335.0,0,3,0.888,0.633,2,79671.0,0.187,9.4,0,0
B108922,Trade,MFI,18,31197.0,1,1,0.853,0.883,1,185426.0,0.297,17.1,0,0
B108923,Agriculture,Bank,22,9916.0,46,3,0.685,0.59,1,50389.0,0.254,14.9,0,0
B108924,Real Estate,SACCO,27,25099.0,45,2,0.692,0.607,1,75233.0,0.15,16.8,0,0
B108925,Real Estate,Digital Lender,18,60947.0,101,3,0.935,0.426,1,483545.0,0.397,210.5,0,0
B108926,Personal/Household,MFI,30,35757.0,59,2,0.507,0.584,2,281136.0,0.393,18.5,0,0
B108927,Services,MFI,29,48761.0,61,0,0.63,0.391,4,94815.0,0.097,20.6,0,0
B108928,Agriculture,MFI,45,50311.0,24,0,0.953,0.765,5,94398.0,0.094,20.0,0,0
B108929,Agriculture,Bank,34,62448.0,22,1,0.701,0.884,1,197961.0,0.158,16.0,0,1
B108930,Transport,Digital Lender,33,24565.0,25,5,0.946,0.761,1,86177.0,0.175,206.7,0,0
B108931,Agriculture,Digital Lender,31,49924.0,39,1,0.692,0.317,1,246367.0,0.247,261.7,0,0
B108932,Trade,Digital Lender,24,102354.0,16,3,0.551,0.754,1,530951.0,0.259,69.6,0,1
B108933,Services,Digital Lender,44,29305.0,33,5,0.645,0.555,0,91048.0,0.155,138.2,0,0
B108934,Personal/Household,MFI,47,14389.0,11,1,0.915,0.908,1,94226.0,0.327,13.5,0,0
B108935,Services,SACCO,23,21435.0,8,0,0.9,0.31,0,119240.0,0.278,17.6,0,0
B108936,Trade,Bank,51,38468.0,80,1,0.896,0.352,3,122467.0,0.159,18.0,0,0
B108937,Trade,Digital Lender,28,11921.0,16,4,0.855,0.749,1,52911.0,0.222,337.2,1,0
B108938,Real Estate,SACCO,27,19552.0,14,3,0.979,0.455,0,35635.0,0.091,11.5,0,1
B108939,Services,Bank,40,24801.0,11,3,0.853,0.715,1,172799.0,0.348,13.7,0,0
B108940,Trade,Digital Lender,41,31585.0,13,1,0.842,0.413,4,84491.0,0.134,260.6,0,1
B108941,Trade,SACCO,34,79864.0,30,4,0.791,0.687,3,681532.0,0.427,8.0,0,0
B108942,Trade,Digital Lender,32,43404.0,18,3,0.809,0.895,3,205196.0,0.236,104.1,0,0
B108943,Personal/Household,Digital Lender,47,16113.0,38,2,0.714,0.73,0,116469.0,0.361,136.4,0,0
B108944,Personal/Household,Digital Lender,29,249492.0,29,1,0.758,0.84,3,1714893.0,0.344,196.6,0,0
B108945,Personal/Household,MFI,34,29464.0,12,3,0.857,0.819,6,123979.0,0.21,24.4,0,0
B108946,Trade,MFI,52,11799.0,6,0,0.898,0.497,1,24461.0,0.104,19.8,0,0
B108947,Personal/Household,Digital Lender,22,16796.0,20,4,0.981,0.576,2,89860.0,0.267,156.1,0,0
B108948,Real Estate,Bank,30,16851.0,21,2,0.87,0.782,1,81868.0,0.243,13.3,0,0
B108949,Trade,Bank,45,14166.0,6,1,0.902,0.566,4,31065.0,0.11,14.6,0,0
B108950,Agriculture,Digital Lender,40,39424.0,105,1,0.82,0.662,1,214063.0,0.271,44.9,0,0
B108951,Manufacturing,Digital Lender,44,8000.0,12,5,0.65,0.676,1,35023.0,0.219,152.3,0,0
B108952,Agriculture,Digital Lender,22,51034.0,5,1,0.929,0.726,2,290068.0,0.284,216.3,0,0
B108953,Services,Bank,38,46533.0,41,1,0.471,0.793,0,219635.0,0.236,16.8,0,0
B108954,Real Estate,Bank,32,23131.0,12,2,0.625,0.69,2,197612.0,0.427,11.5,0,0
B108955,Agriculture,Digital Lender,58,49200.0,45,1,0.789,0.812,1,95335.0,0.097,231.8,0,0
B108956,Transport,Bank,43,16301.0,30,1,0.805,0.79,7,35929.0,0.11,13.5,1,0
B108957,Transport,MFI,35,18708.0,6,0,0.954,0.813,1,96930.0,0.259,20.1,0,0
B108958,Trade,Bank,38,40225.0,11,1,0.554,0.771,1,317510.0,0.395,15.2,0,0
B108959,Transport,Digital Lender,36,26496.0,14,4,0.977,0.55,2,177053.0,0.334,281.8,0,1
B108960,Agriculture,MFI,42,21082.0,21,2,0.959,0.283,1,163369.0,0.387,19.0,0,0
B108961,Agriculture,Bank,26,27933.0,6,2,0.8,0.639,1,79145.0,0.142,16.1,0,0
B108962,Personal/Household,MFI,49,61410.0,27,0,0.72,0.892,1,425733.0,0.347,23.6,0,0
B108963,Manufacturing,Bank,22,60114.0,39,3,0.362,0.748,1,183969.0,0.153,14.7,0,0
B108964,Agriculture,SACCO,37,37585.0,65,0,0.908,0.918,3,227037.0,0.302,12.4,0,0
B108965,Trade,SACCO,27,24453.0,98,1,0.832,0.71,3,203950.0,0.417,15.2,0,0
B108966,Manufacturing,SACCO,35,39608.0,2,1,0.445,0.586,2,90741.0,0.115,17.1,0,1
B108967,Agriculture,MFI,45,18502.0,73,2,0.921,0.661,0,142426.0,0.385,26.3,0,0
B108968,Services,Bank,18,56552.0,31,1,0.715,0.779,3,362978.0,0.321,11.6,0,0
B108969,Manufacturing,Bank,33,50148.0,6,3,0.908,0.713,0,132896.0,0.133,11.0,1,0
B108970,Personal/Household,Digital Lender,21,86023.0,96,4,0.66,0.557,1,741885.0,0.431,204.2,0,0
B108971,Real Estate,MFI,32,19126.0,18,1,0.588,0.759,1,113535.0,0.297,20.1,0,0
B108972,Personal/Household,MFI,21,17864.0,30,1,0.858,0.895,2,119403.0,0.334,18.0,0,0
B108973,Trade,Bank,37,40265.0,59,1,0.786,0.739,1,119993.0,0.149,14.9,0,0
B108974,Agriculture,Digital Lender,31,25577.0,5,2,0.819,0.573,2,134296.0,0.263,111.3,1,0
B108975,Trade,Digital Lender,42,51515.0,70,1,0.635,0.828,5,263263.0,0.256,8.0,0,0
B108976,Trade,Bank,47,61374.0,23,0,0.716,0.772,2,174672.0,0.142,13.7,0,0
B108977,Services,SACCO,35,75852.0,39,2,0.741,0.813,4,239370.0,0.158,12.6,0,0
B108978,Personal/Household,MFI,44,30703.0,10,1,0.92,0.574,0,94955.0,0.155,23.4,1,0
B108979,Transport,Digital Lender,49,48253.0,6,1,0.807,0.871,1,331389.0,0.343,203.3,0,0
B108980,Manufacturing,Digital Lender,26,22374.0,7,2,0.969,0.484,3,94105.0,0.21,211.5,0,0
B108981,Manufacturing,SACCO,49,33506.0,13,2,0.594,0.762,0,55281.0,0.082,12.3,0,0
B108982,Transport,Digital Lender,35,28871.0,23,1,0.926,0.636,0,257093.0,0.445,235.0,0,0
B108983,Personal/Household,MFI,25,28037.0,35,0,0.616,0.552,3,184649.0,0.329,17.5,0,0
B108984,Transport,Bank,38,81077.0,21,1,0.904,0.41,2,456592.0,0.282,19.4,0,0
B108985,Personal/Household,SACCO,34,14212.0,36,1,0.915,0.64,2,58201.0,0.205,10.6,0,0
B108986,Agriculture,SACCO,21,29651.0,46,1,0.757,0.616,1,94806.0,0.16,13.7,0,0
B108987,Services,Bank,24,30625.0,102,0,0.669,0.625,2,93927.0,0.153,16.1,0,0
B108988,Trade,MFI,51,42354.0,16,2,0.731,0.782,1,218786.0,0.258,19.9,0,0
B108989,Real Estate,Bank,38,16261.0,105,2,0.465,0.724,1,96652.0,0.297,18.4,0,0
B108990,Services,Bank,50,25224.0,20,1,0.684,0.682,3,55438.0,0.11,15.5,1,0
B108991,Trade,Digital Lender,31,21425.0,20,2,0.832,0.823,2,79481.0,0.185,274.4,0,0
B108992,Trade,Bank,27,8617.0,32,0,0.674,0.806,2,34108.0,0.198,13.2,0,0
B108993,Agriculture,Digital Lender,18,56351.0,141,2,0.78,0.798,2,424857.0,0.377,147.9,0,0
B108994,Real Estate,Bank,45,13247.0,5,1,0.826,0.671,1,69299.0,0.262,12.3,0,0
B108995,Services,SACCO,39,12311.0,8,2,0.517,0.701,4,94185.0,0.382,13.0,0,0
B108996,Personal/Household,Digital Lender,31,50071.0,46,1,0.795,0.718,3,225385.0,0.225,64.4,0,0
B108997,Real Estate,Digital Lender,27,24731.0,50,1,0.761,0.513,0,132333.0,0.268,101.4,0,0
B108998,Services,Digital Lender,46,25206.0,46,3,0.568,0.67,2,182329.0,0.362,161.7,0,0
B108999,Transport,Bank,33,25472.0,2,1,0.969,0.867,2,65071.0,0.128,13.9,0,0
B109000,Personal/Household,Bank,33,53686.0,16,4,0.836,0.616,5,211098.0,0.197,12.7,0,0
B109001,Agriculture,SACCO,29,21949.0,300,1,0.516,0.469,1,134412.0,0.306,16.7,0,0
B109002,Manufacturing,Digital Lender,31,41245.0,5,2,0.831,0.86,0,273714.0,0.332,102.9,0,0
B109003,Trade,Digital Lender,41,15873.0,9,1,0.806,0.665,0,105846.0,0.333,266.3,0,0
B109004,Trade,SACCO,21,35651.0,127,1,0.928,0.388,1,54694.0,0.077,18.6,0,0
B109005,Personal/Household,Bank,36,48849.0,4,1,0.876,0.661,0,259669.0,0.266,15.1,0,0
B109006,Trade,Bank,45,64396.0,37,2,0.777,0.643,5,244822.0,0.19,18.6,0,0
B109007,Manufacturing,Digital Lender,34,12683.0,1,7,0.907,0.608,6,71345.0,0.281,92.8,0,0
B109008,Personal/Household,MFI,46,25256.0,3,3,0.741,0.626,3,194541.0,0.385,17.5,0,0
B109009,Trade,Digital Lender,48,71618.0,56,1,0.977,0.617,4,358466.0,0.25,238.8,0,1
B109010,Real Estate,SACCO,44,49367.0,9,1,0.525,0.545,2,258753.0,0.262,14.8,0,0
B109011,Personal/Household,Digital Lender,30,26650.0,0,1,0.592,0.853,0,66890.0,0.125,118.0,0,0
B109012,Services,Digital Lender,35,29795.0,17,2,0.494,0.671,2,132013.0,0.222,45.9,0,0
B109013,Agriculture,Bank,38,35009.0,3,0,0.827,0.733,1,220272.0,0.315,12.0,1,1
B109014,Services,Digital Lender,30,24218.0,18,2,0.588,0.691,3,78587.0,0.162,117.5,0,0
B109015,Personal/Household,Bank,30,40172.0,23,0,0.844,0.418,1,120385.0,0.15,11.4,0,0
B109016,Transport,MFI,29,38940.0,3,1,0.759,0.683,1,249012.0,0.32,17.9,0,0
B109017,Real Estate,Digital Lender,60,16105.0,4,0,0.909,0.528,1,40366.0,0.125,85.3,0,0
B109018,Personal/Household,Bank,32,22711.0,3,1,0.685,0.739,1,40621.0,0.089,12.6,0,0
B109019,Personal/Household,Bank,46,23162.0,24,1,0.924,0.671,0,42395.0,0.092,14.9,1,0
B109020,Agriculture,SACCO,26,25834.0,29,2,0.789,0.856,3,130018.0,0.252,13.5,0,1
B109021,Services,Digital Lender,52,34490.0,37,4,0.614,0.743,0,106622.0,0.155,176.5,0,0
B109022,Services,Bank,31,32835.0,55,2,0.633,0.691,1,161522.0,0.246,13.9,0,0
B109023,Manufacturing,SACCO,36,20013.0,21,1,0.805,0.408,2,155913.0,0.39,14.4,0,0
B109024,Personal/Household,MFI,18,62140.0,34,2,0.903,0.377,2,130169.0,0.105,19.5,0,0
B109025,Manufacturing,MFI,46,29815.0,87,4,0.818,0.481,1,217105.0,0.364,20.9,0,0
B109026,Personal/Household,SACCO,48,66502.0,259,1,0.687,0.355,1,474399.0,0.357,11.1,1,0
B109027,Personal/Household,MFI,23,65651.0,16,0,0.428,0.897,1,412066.0,0.314,21.9,0,0
B109028,Trade,Digital Lender,47,16605.0,0,5,0.832,0.62,0,96979.0,0.292,90.3,0,0
B109029,Trade,SACCO,22,22704.0,36,2,0.934,0.851,4,130432.0,0.287,8.0,0,0
B109030,Agriculture,Digital Lender,41,23635.0,43,1,0.863,0.928,1,154510.0,0.327,126.4,0,0
B109031,Services,Digital Lender,32,35324.0,67,4,0.689,0.678,1,269657.0,0.382,96.5,0,0
B109032,Real Estate,Bank,48,44335.0,19,2,0.901,0.567,1,166474.0,0.188,13.2,0,0
B109033,Services,Digital Lender,37,32235.0,1,2,0.745,0.855,1,246251.0,0.382,144.1,0,1
B109034,Real Estate,SACCO,44,21961.0,23,4,0.852,0.751,2,61367.0,0.14,12.7,0,0
B109035,Agriculture,Bank,47,73746.0,60,3,0.553,0.499,1,299609.0,0.203,15.6,0,0
B109036,Services,SACCO,32,23362.0,10,2,0.829,0.614,1,153280.0,0.328,8.0,0,0
B109037,Manufacturing,Digital Lender,35,44712.0,70,4,0.754,0.842,1,260870.0,0.292,8.0,0,0
B109038,Agriculture,Bank,24,29131.0,27,0,0.951,0.292,4,102815.0,0.176,11.9,0,0
B109039,Trade,MFI,32,28686.0,52,2,0.519,0.359,4,173726.0,0.303,19.6,0,0
B109040,Trade,MFI,54,43069.0,53,0,0.856,0.731,0,218303.0,0.253,18.3,0,0
B109041,Trade,MFI,43,69470.0,18,4,0.724,0.638,3,291759.0,0.21,17.3,0,0
B109042,Agriculture,Digital Lender,25,35163.0,4,4,0.6,0.607,2,239370.0,0.34,105.5,0,0
B109043,Transport,Bank,51,22723.0,14,1,0.752,0.682,1,136255.0,0.3,15.8,0,0
B109044,Agriculture,Digital Lender,39,67107.0,14,4,0.64,0.491,1,150644.0,0.112,50.9,0,0
B109045,Trade,Digital Lender,43,39012.0,0,3,0.785,0.649,2,64387.0,0.083,139.4,0,0
B109046,Agriculture,MFI,40,32653.0,66,1,0.727,0.707,1,285687.0,0.437,26.7,1,1
B109047,Real Estate,MFI,39,52325.0,53,1,0.685,0.727,4,210025.0,0.201,19.1,0,0
B109048,Services,Bank,18,35498.0,79,1,0.768,0.943,0,299644.0,0.422,14.9,0,0
B109049,Real Estate,Bank,46,114843.0,17,2,0.788,0.609,2,868550.0,0.378,14.9,0,0
B109050,Trade,MFI,18,29763.0,5,0,0.899,0.865,1,88738.0,0.149,14.7,0,0
B109051,Transport,Bank,45,55955.0,5,0,0.931,0.802,0,94443.0,0.084,15.9,0,0
B109052,Services,Digital Lender,36,37915.0,8,1,0.707,0.857,0,128103.0,0.169,131.3,0,0
B109053,Personal/Household,SACCO,43,37846.0,56,2,0.902,0.486,1,323171.0,0.427,13.6,0,0
B109054,Personal/Household,Bank,37,24364.0,13,3,0.826,0.618,5,169814.0,0.348,12.6,0,1
B109055,Services,Bank,45,24430.0,103,0,0.922,0.631,1,166124.0,0.34,16.1,0,0
B109056,Transport,Digital Lender,35,39071.0,2,6,0.861,0.893,1,161106.0,0.206,8.0,0,1
B109057,Services,Bank,38,18443.0,31,2,0.536,0.667,2,139665.0,0.379,15.7,0,0
B109058,Trade,SACCO,39,21665.0,36,4,0.614,0.82,0,175657.0,0.405,12.4,0,0
B109059,Personal/Household,Bank,54,29984.0,31,1,0.609,0.709,0,177801.0,0.296,15.0,0,0
B109060,Personal/Household,Digital Lender,41,58818.0,5,5,0.955,0.495,3,169025.0,0.144,116.5,0,0
B109061,Services,MFI,22,31079.0,2,0,0.576,0.511,1,90377.0,0.145,26.6,0,0
B109062,Real Estate,MFI,29,30810.0,6,2,0.715,0.725,1,83397.0,0.135,13.5,0,0
B109063,Personal/Household,MFI,41,16610.0,1,6,0.882,0.88,1,84147.0,0.253,21.9,0,0
B109064,Trade,Bank,48,75556.0,37,4,0.836,0.619,3,614618.0,0.407,21.0,1,0
B109065,Transport,SACCO,28,54661.0,20,0,0.697,0.582,1,298622.0,0.273,9.0,0,1
B109066,Agriculture,Bank,57,58153.0,48,0,0.63,0.887,1,492056.0,0.423,14.2,0,1
B109067,Transport,Bank,37,13374.0,5,0,0.781,0.772,1,116689.0,0.436,16.4,0,0
B109068,Transport,Bank,39,36075.0,52,2,0.505,0.65,4,300363.0,0.416,18.3,0,1
B109069,Agriculture,SACCO,22,17747.0,16,0,0.689,0.608,2,150758.0,0.425,13.7,0,0
B109070,Trade,Digital Lender,46,45451.0,40,1,0.882,0.786,2,294569.0,0.324,182.3,0,0
B109071,Agriculture,Bank,31,35487.0,4,3,0.9,0.624,1,190751.0,0.269,15.0,0,0
B109072,Transport,Digital Lender,28,39551.0,47,6,0.809,0.604,4,304957.0,0.386,96.1,0,0
B109073,Transport,Digital Lender,32,20048.0,88,3,0.433,0.625,4,99712.0,0.249,33.2,0,0
B109074,Personal/Household,Bank,49,16782.0,16,3,0.591,0.581,1,48883.0,0.146,15.9,0,0
B109075,Trade,Bank,40,20902.0,7,0,0.428,0.657,1,72053.0,0.172,13.9,0,0
B109076,Personal/Household,Bank,26,35217.0,12,3,0.917,0.329,7,292194.0,0.415,12.3,0,0
B109077,Personal/Household,Bank,30,26024.0,32,2,0.835,0.782,3,82569.0,0.159,15.9,0,0
B109078,Trade,Digital Lender,49,34175.0,6,3,0.85,0.296,2,142724.0,0.209,58.9,0,1
B109079,Agriculture,MFI,33,16930.0,13,1,0.718,0.48,0,130904.0,0.387,20.2,0,1
B109080,Real Estate,MFI,41,29626.0,24,0,0.874,0.641,2,51999.0,0.088,22.6,1,0
B109081,Agriculture,SACCO,43,64043.0,16,0,0.842,0.725,3,538768.0,0.421,13.0,0,0
B109082,Trade,Bank,18,35696.0,63,0,0.606,0.61,2,293695.0,0.411,13.6,0,0
B109083,Trade,Digital Lender,48,36946.0,17,2,0.717,0.989,1,174072.0,0.236,108.2,0,1
B109084,Trade,SACCO,26,37108.0,26,3,0.822,0.43,6,321077.0,0.433,15.2,0,0
B109085,Trade,Bank,31,22436.0,13,3,0.766,0.626,3,144650.0,0.322,13.8,0,0
B109086,Agriculture,MFI,50,72945.0,29,3,0.804,0.747,1,614872.0,0.421,17.7,1,0
B109087,Personal/Household,Bank,49,36184.0,10,1,0.957,0.408,2,205909.0,0.285,14.5,0,0
B109088,Manufacturing,Digital Lender,40,32776.0,38,4,0.647,0.739,3,167145.0,0.255,261.8,0,0
B109089,Real Estate,MFI,42,43384.0,8,0,0.96,0.81,1,331792.0,0.382,23.7,1,0
B109090,Transport,Digital Lender,45,49880.0,44,3,0.883,0.665,0,436481.0,0.438,222.0,0,0
B109091,Manufacturing,Digital Lender,49,14987.0,48,3,0.901,0.843,2,68000.0,0.227,249.7,0,0
B109092,Trade,MFI,51,30669.0,15,2,0.812,0.556,5,243681.0,0.397,14.3,0,0
B109093,Agriculture,SACCO,36,101656.0,0,3,0.912,0.712,2,258891.0,0.127,14.2,0,1
B109094,Agriculture,MFI,28,73897.0,96,2,0.675,0.925,2,545706.0,0.369,17.5,0,0
B109095,Transport,Bank,32,28043.0,3,2,0.648,0.779,2,226570.0,0.404,15.0,0,1
B109096,Real Estate,Digital Lender,36,44374.0,20,1,0.706,0.491,2,365032.0,0.411,40.3,0,0
B109097,Real Estate,MFI,34,24844.0,39,0,0.91,0.498,1,96924.0,0.195,11.6,0,0
B109098,Manufacturing,Digital Lender,25,36117.0,15,3,0.748,0.796,3,83591.0,0.116,291.7,0,0
B109099,Services,SACCO,39,23108.0,0,1,0.622,0.55,4,117856.0,0.255,15.3,0,0
B109100,Agriculture,Bank,19,22893.0,38,0,0.953,0.705,3,105004.0,0.229,14.5,0,0
B109101,Manufacturing,MFI,36,21471.0,17,3,0.559,0.933,0,34000.0,0.079,30.0,0,1
B109102,Manufacturing,Bank,36,75002.0,14,1,0.823,0.814,1,183068.0,0.122,12.4,0,0
B109103,Personal/Household,Bank,36,22828.0,3,1,0.665,0.671,1,196032.0,0.429,15.4,0,0
B109104,Personal/Household,SACCO,44,55713.0,1,2,0.696,0.573,2,383076.0,0.344,12.3,0,0
B109105,Personal/Household,Bank,42,23449.0,23,0,0.821,0.453,0,63962.0,0.136,16.5,0,0
B109106,Trade,Digital Lender,57,22018.0,1,2,0.863,0.778,0,38632.0,0.088,155.2,0,1
B109107,Real Estate,MFI,30,36834.0,18,3,0.84,0.862,5,153491.0,0.208,16.8,0,1
B109108,Personal/Household,MFI,38,14555.0,58,3,0.599,0.791,1,55110.0,0.189,21.9,0,0
B109109,Real Estate,Bank,37,42855.0,22,3,0.756,0.656,1,333222.0,0.389,13.8,0,0
B109110,Services,Bank,37,27588.0,73,1,0.819,0.87,2,125327.0,0.227,11.4,0,0
B109111,Agriculture,SACCO,22,21962.0,8,1,0.849,0.547,2,67812.0,0.154,11.9,0,0
B109112,Manufacturing,Bank,23,19516.0,2,3,0.808,0.772,1,150006.0,0.384,11.6,0,1
B109113,Real Estate,SACCO,35,87925.0,2,1,0.892,0.633,2,668127.0,0.38,10.2,0,0
B109114,Real Estate,MFI,19,29177.0,10,3,0.696,0.806,0,84666.0,0.145,18.3,0,0
B109115,Personal/Household,Bank,32,28508.0,14,4,0.558,0.565,4,147696.0,0.259,19.0,0,0
B109116,Trade,MFI,29,48056.0,29,2,0.724,0.8,3,291897.0,0.304,21.0,1,0
B109117,Manufacturing,Bank,32,18715.0,54,0,0.903,0.74,3,151642.0,0.405,15.1,0,0
B109118,Transport,Bank,46,55485.0,12,0,0.667,0.516,0,315967.0,0.285,13.3,0,0
B109119,Personal/Household,Digital Lender,24,29154.0,29,4,0.609,0.819,4,176932.0,0.303,106.0,1,0
B109120,Transport,Bank,44,13890.0,44,5,0.889,0.456,1,72599.0,0.261,17.1,0,1
B109121,Services,Bank,29,22208.0,43,0,0.792,0.758,2,131184.0,0.295,11.4,0,0
B109122,Personal/Household,MFI,31,16280.0,14,0,0.882,0.845,2,126456.0,0.388,12.8,0,1
B109123,Agriculture,MFI,40,31090.0,19,1,0.763,0.966,2,207117.0,0.333,19.1,0,0
B109124,Personal/Household,Digital Lender,32,19217.0,16,5,0.944,0.587,2,132145.0,0.344,163.2,0,0
B109125,Services,Digital Lender,26,18087.0,13,5,0.692,0.745,0,145154.0,0.401,89.7,0,0
B109126,Agriculture,Digital Lender,31,34916.0,75,1,0.679,0.596,3,59144.0,0.085,233.7,0,0
B109127,Transport,MFI,18,30460.0,60,1,0.94,0.315,0,264873.0,0.435,21.5,0,0
B109128,Agriculture,MFI,39,57817.0,16,2,0.83,0.705,3,290708.0,0.251,19.1,0,0
B109129,Transport,Bank,18,56425.0,57,1,0.719,0.546,2,343868.0,0.305,13.5,1,0
B109130,Trade,Digital Lender,44,30753.0,9,1,0.722,0.482,0,151785.0,0.247,67.8,0,0
B109131,Personal/Household,MFI,41,39136.0,8,2,0.925,0.792,1,171487.0,0.219,14.9,0,0
B109132,Real Estate,Bank,51,13710.0,27,0,0.657,0.87,2,93158.0,0.34,10.9,0,0
B109133,Transport,SACCO,57,43600.0,29,0,0.845,0.666,1,238957.0,0.274,9.7,0,0
B109134,Trade,Digital Lender,44,37268.0,66,6,0.793,0.665,2,71112.0,0.095,146.3,0,0
B109135,Personal/Household,MFI,29,50249.0,9,3,0.775,0.749,2,199664.0,0.199,15.1,0,1
B109136,Manufacturing,Bank,57,25124.0,1,0,0.811,0.914,1,188855.0,0.376,13.3,0,0
B109137,Transport,Digital Lender,23,25245.0,9,4,0.493,0.623,0,83605.0,0.166,78.3,0,0
B109138,Agriculture,Bank,18,25331.0,7,0,0.742,0.805,1,103354.0,0.204,17.0,0,0
B109139,Trade,Digital Lender,54,65449.0,94,3,0.789,0.646,2,276994.0,0.212,94.4,0,0
B109140,Real Estate,MFI,41,34739.0,5,1,0.788,0.805,1,292878.0,0.422,19.6,0,0
B109141,Services,Digital Lender,18,13059.0,67,2,0.658,0.705,4,72182.0,0.276,40.2,0,0
B109142,Agriculture,Digital Lender,21,42379.0,20,3,0.71,0.358,2,153383.0,0.181,200.9,0,0
B109143,Transport,MFI,41,23045.0,16,0,0.608,0.49,3,105286.0,0.228,23.9,0,0
B109144,Trade,Digital Lender,26,53988.0,23,3,0.968,0.266,2,156218.0,0.145,140.5,0,1
B109145,Personal/Household,Bank,28,39987.0,44,1,0.881,0.841,1,167881.0,0.21,15.8,0,0
B109146,Agriculture,Bank,55,58820.0,19,0,0.796,0.525,1,175105.0,0.149,14.8,0,1
B109147,Real Estate,Bank,56,52647.0,10,3,0.747,0.939,2,396520.0,0.377,13.2,0,0
B109148,Agriculture,SACCO,36,49789.0,8,4,0.741,0.58,3,290069.0,0.291,12.2,0,0
B109149,Trade,Bank,33,55490.0,13,6,0.904,0.682,4,217917.0,0.196,14.7,0,0
B109150,Agriculture,MFI,44,46550.0,27,1,0.847,0.596,0,366647.0,0.394,15.8,0,0
B109151,Agriculture,Digital Lender,29,20300.0,20,1,0.99,0.816,3,170264.0,0.419,8.0,0,0
B109152,Manufacturing,Digital Lender,18,15852.0,11,3,0.726,0.544,2,94798.0,0.299,280.9,1,0
B109153,Services,Bank,18,18833.0,21,0,0.81,0.486,4,87830.0,0.233,17.5,0,0
B109154,Real Estate,MFI,34,44439.0,21,4,0.962,0.714,0,398917.0,0.449,13.1,1,0
B109155,Services,Bank,44,8753.0,65,0,0.859,0.407,1,39541.0,0.226,17.0,1,1
B109156,Real Estate,Bank,35,29482.0,26,4,0.809,0.633,1,112808.0,0.191,16.0,0,0
B109157,Trade,Digital Lender,43,25688.0,25,2,0.985,0.351,1,98878.0,0.192,38.9,0,0
B109158,Agriculture,Digital Lender,44,58286.0,28,2,0.6,0.443,3,132959.0,0.114,8.0,0,0
B109159,Real Estate,Bank,49,27876.0,11,1,0.553,0.533,3,114757.0,0.206,13.8,0,0
B109160,Agriculture,Bank,37,24278.0,21,2,0.44,0.706,2,68777.0,0.142,15.1,0,0
B109161,Personal/Household,Bank,38,61317.0,42,2,0.452,0.581,1,365675.0,0.298,14.3,0,0
B109162,Transport,MFI,35,28267.0,8,1,0.849,0.433,2,51156.0,0.09,10.7,0,0
B109163,Manufacturing,Bank,32,25864.0,42,4,0.88,0.467,0,84934.0,0.164,13.4,0,1
B109164,Manufacturing,Bank,19,22718.0,20,2,0.636,0.778,1,53407.0,0.118,15.8,1,0
B109165,Real Estate,MFI,47,34791.0,17,1,0.821,0.525,1,183966.0,0.264,23.5,0,1
B109166,Transport,Bank,31,24777.0,0,0,0.773,0.744,4,167344.0,0.338,19.1,0,0
B109167,Trade,Digital Lender,31,24827.0,4,2,0.931,0.577,2,180177.0,0.363,8.0,0,0
B109168,Trade,Digital Lender,30,66014.0,2,5,0.957,0.798,3,153486.0,0.116,206.2,0,1
B109169,Agriculture,MFI,22,30543.0,68,2,0.655,0.81,4,186685.0,0.306,17.9,0,0
B109170,Trade,MFI,34,23237.0,9,1,0.801,0.518,3,80856.0,0.174,18.9,0,0
B109171,Transport,Digital Lender,40,17200.0,55,6,0.918,0.787,0,111801.0,0.325,222.8,1,0
B109172,Trade,Bank,28,33163.0,26,0,0.972,0.487,1,265753.0,0.401,15.7,0,0
B109173,Trade,Digital Lender,45,21854.0,3,4,0.662,0.896,0,112063.0,0.256,76.5,0,0
B109174,Services,Bank,31,24280.0,13,1,0.844,0.528,0,175914.0,0.362,15.0,0,0
B109175,Services,Digital Lender,20,18614.0,19,2,0.664,0.873,3,162776.0,0.437,62.8,0,1
B109176,Manufacturing,Bank,49,33133.0,43,1,0.915,0.398,1,90361.0,0.136,14.8,0,0
B109177,Manufacturing,Digital Lender,37,14518.0,2,1,0.661,0.907,0,65461.0,0.225,182.1,0,0
B109178,Personal/Household,Bank,44,37284.0,6,4,0.576,0.564,0,304955.0,0.409,12.4,0,0
B109179,Trade,Digital Lender,44,22014.0,10,2,0.547,0.86,2,49727.0,0.113,50.5,0,0
B109180,Real Estate,SACCO,26,44097.0,27,1,0.648,0.675,2,210116.0,0.238,11.0,0,0
B109181,Trade,Bank,30,38828.0,4,2,0.719,0.569,3,187503.0,0.241,11.1,0,0
B109182,Real Estate,Digital Lender,45,31483.0,2,1,0.908,0.742,2,267407.0,0.425,66.4,1,1
B109183,Services,Bank,53,47353.0,28,0,0.75,0.858,3,225540.0,0.238,13.9,1,0
B109184,Personal/Household,MFI,36,70005.0,37,0,0.796,0.807,2,128932.0,0.092,17.3,0,0
B109185,Services,Bank,29,59735.0,16,1,0.853,0.827,0,494386.0,0.414,15.2,0,0
B109186,Personal/Household,Digital Lender,52,14458.0,15,2,0.974,0.534,2,29911.0,0.103,181.4,0,0
B109187,Transport,Digital Lender,29,21312.0,47,1,0.737,0.725,2,129764.0,0.304,160.3,0,0
B109188,Personal/Household,MFI,38,22797.0,12,1,0.698,0.665,0,95860.0,0.21,20.5,0,0
B109189,Transport,Digital Lender,31,42245.0,16,6,0.725,0.894,3,274675.0,0.325,385.7,0,0
B109190,Real Estate,Digital Lender,38,22310.0,10,0,0.64,0.88,0,158684.0,0.356,8.0,0,0
B109191,Agriculture,SACCO,26,21833.0,3,1,0.846,0.831,3,106277.0,0.243,9.7,0,0
B109192,Manufacturing,Bank,31,19855.0,60,2,0.796,0.697,1,150068.0,0.378,14.7,0,0
B109193,Agriculture,MFI,29,35045.0,59,2,0.831,0.551,1,135058.0,0.193,22.6,0,0
B109194,Manufacturing,Bank,42,42153.0,43,2,0.768,0.919,0,72710.0,0.086,12.2,1,0
B109195,Trade,MFI,37,15270.0,7,0,0.754,0.536,2,133654.0,0.438,19.8,0,0
B109196,Manufacturing,Bank,44,22408.0,6,0,0.849,0.593,2,116737.0,0.26,14.2,0,0
B109197,Agriculture,Digital Lender,27,10485.0,36,2,0.528,0.634,1,90972.0,0.434,255.1,0,0
B109198,Agriculture,SACCO,33,8000.0,6,0,0.824,0.727,1,37517.0,0.234,13.5,0,0
B109199,Manufacturing,SACCO,41,38815.0,2,1,0.784,0.871,4,236719.0,0.305,12.8,0,0
B109200,Trade,Bank,44,35365.0,43,1,0.769,0.585,1,101410.0,0.143,14.5,0,0
B109201,Services,Bank,21,32690.0,3,1,0.657,0.429,1,214883.0,0.329,14.0,1,1
B109202,Real Estate,Digital Lender,38,71171.0,35,1,0.902,0.586,2,453220.0,0.318,280.9,0,0
B109203,Agriculture,MFI,27,11829.0,26,0,0.684,0.431,2,103960.0,0.439,22.7,0,1
B109204,Trade,Digital Lender,44,9471.0,3,3,0.928,0.743,3,47655.0,0.252,330.5,0,0
B109205,Personal/Household,MFI,54,16029.0,16,3,0.809,0.889,4,123768.0,0.386,19.8,0,1
B109206,Transport,Bank,18,9267.0,47,1,0.851,0.448,1,27612.0,0.149,12.4,1,0
B109207,Real Estate,SACCO,28,21219.0,6,1,0.655,0.305,1,74374.0,0.175,10.9,0,0
B109208,Agriculture,SACCO,38,40969.0,16,2,0.852,0.63,2,229015.0,0.279,12.0,0,0
B109209,Personal/Household,Bank,35,35000.0,4,1,0.792,0.696,1,252122.0,0.36,13.5,0,0
B109210,Services,SACCO,44,52320.0,75,1,0.837,0.604,3,113460.0,0.108,11.1,0,0
B109211,Real Estate,Bank,36,36458.0,22,0,0.793,0.459,1,242508.0,0.333,11.8,0,0
B109212,Trade,Bank,30,23808.0,17,1,0.767,0.901,3,153436.0,0.322,13.5,0,0
B109213,Trade,Bank,25,22264.0,60,0,0.825,0.813,5,34936.0,0.078,16.0,0,0
B109214,Trade,SACCO,23,37820.0,21,2,0.865,0.532,2,120262.0,0.159,9.6,0,0
B109215,Personal/Household,SACCO,28,12816.0,20,3,0.869,0.426,1,50617.0,0.197,11.8,0,0
B109216,Services,Bank,29,8000.0,46,1,0.702,0.726,0,51229.0,0.32,18.0,0,0
B109217,Services,Digital Lender,39,36850.0,11,1,0.975,0.592,1,262671.0,0.356,194.0,0,0
B109218,Personal/Household,Digital Lender,33,33822.0,28,3,0.661,0.661,2,155152.0,0.229,272.5,0,0
B109219,Trade,MFI,28,70482.0,20,2,0.973,0.598,0,344104.0,0.244,14.4,0,0
B109220,Services,Bank,25,43610.0,13,4,0.829,0.62,3,152682.0,0.175,13.2,0,0
B109221,Agriculture,Bank,28,35244.0,12,2,0.506,0.338,0,274076.0,0.389,13.1,0,0
B109222,Agriculture,Bank,29,25042.0,4,2,0.519,0.581,3,165001.0,0.329,13.1,0,0
B109223,Personal/Household,Digital Lender,28,19032.0,12,1,0.835,0.73,0,33150.0,0.087,83.8,0,0
B109224,Trade,Digital Lender,42,25485.0,2,3,0.633,0.822,0,174316.0,0.342,165.7,0,0
B109225,Personal/Household,Bank,49,50278.0,23,2,0.778,0.874,1,125510.0,0.125,14.6,0,1
B109226,Services,MFI,23,38369.0,4,1,0.588,0.326,1,165970.0,0.216,22.5,0,0
B109227,Personal/Household,Bank,46,49703.0,2,3,0.852,0.534,0,444259.0,0.447,14.7,1,0
B109228,Personal/Household,Bank,42,31530.0,85,3,0.795,0.86,3,240394.0,0.381,16.2,0,0
B109229,Real Estate,Bank,37,18129.0,31,1,0.622,0.798,0,43164.0,0.119,14.1,0,0
B109230,Trade,Bank,50,56293.0,52,0,0.699,0.911,1,370169.0,0.329,14.6,0,0
B109231,Personal/Household,Bank,33,53559.0,12,3,0.72,0.672,0,127178.0,0.119,12.9,1,0
B109232,Transport,Bank,39,32927.0,20,0,0.677,0.604,3,296283.0,0.45,16.1,0,0
B109233,Services,MFI,36,40368.0,2,2,0.967,0.425,2,126596.0,0.157,17.3,0,1
B109234,Trade,MFI,35,39164.0,8,1,0.835,0.752,6,350144.0,0.447,19.4,0,0
B109235,Agriculture,MFI,40,22980.0,11,2,0.826,0.658,1,125556.0,0.273,14.5,0,1
B109236,Agriculture,Bank,35,25770.0,50,2,0.74,0.677,0,161881.0,0.314,15.1,0,0
B109237,Personal/Household,MFI,40,18028.0,13,2,0.964,0.594,0,43852.0,0.122,23.6,1,0
B109238,Personal/Household,MFI,28,25717.0,27,0,0.964,0.585,1,51403.0,0.1,25.2,0,0
B109239,Services,Digital Lender,29,52416.0,32,2,0.876,0.632,1,360191.0,0.344,293.2,0,0
B109240,Agriculture,Bank,28,47220.0,1,2,0.602,0.814,1,93747.0,0.099,18.0,0,0
B109241,Manufacturing,SACCO,31,40423.0,1,2,0.69,0.578,3,352191.0,0.436,11.9,0,0
B109242,Trade,Bank,45,50390.0,94,3,0.815,0.677,0,128127.0,0.127,13.4,0,1
B109243,Agriculture,Bank,30,24321.0,14,1,0.602,0.652,1,204671.0,0.421,14.4,0,0
B109244,Agriculture,MFI,42,15595.0,39,0,0.818,0.777,0,132717.0,0.425,22.9,0,0
B109245,Transport,Digital Lender,38,27275.0,83,1,0.729,0.788,1,206656.0,0.379,183.0,0,0
B109246,Real Estate,Digital Lender,31,28489.0,13,2,0.897,0.826,1,221276.0,0.388,79.7,0,0
B109247,Agriculture,MFI,48,43116.0,4,0,0.733,0.483,2,74268.0,0.086,21.9,0,0
B109248,Transport,Bank,42,39391.0,21,3,0.776,0.588,0,300407.0,0.381,12.7,0,0
B109249,Personal/Household,Digital Lender,35,51835.0,21,5,0.786,0.713,3,247321.0,0.239,59.3,0,0
B109250,Agriculture,Bank,34,9816.0,41,0,0.776,0.308,1,30777.0,0.157,15.7,0,0
B109251,Agriculture,MFI,36,19170.0,22,2,0.923,0.588,1,153916.0,0.401,26.2,0,0
B109252,Personal/Household,Digital Lender,20,28276.0,20,4,0.83,0.696,6,208397.0,0.368,166.5,0,1
B109253,Personal/Household,MFI,27,38702.0,19,4,0.616,0.667,1,281185.0,0.363,17.3,0,0
B109254,Personal/Household,MFI,40,94081.0,19,3,0.755,0.572,2,536537.0,0.285,20.9,0,1
B109255,Trade,Bank,19,17370.0,47,5,0.624,0.635,2,143820.0,0.414,15.3,1,0
B109256,Manufacturing,Bank,28,20122.0,11,5,0.524,0.703,2,36778.0,0.091,9.5,0,1
B109257,Services,Digital Lender,31,23557.0,61,4,0.692,0.822,4,149574.0,0.317,33.8,0,1
B109258,Real Estate,Bank,64,19731.0,22,2,0.927,0.556,3,61749.0,0.156,11.6,0,0
B109259,Real Estate,Bank,42,18242.0,2,2,0.818,0.548,2,97077.0,0.266,13.6,0,0
B109260,Services,MFI,46,30493.0,47,1,0.797,0.295,3,234187.0,0.384,27.0,0,0
B109261,Trade,Bank,27,51073.0,43,4,0.685,0.732,1,347143.0,0.34,16.8,0,0
B109262,Personal/Household,Bank,39,31750.0,12,5,0.694,0.759,2,49988.0,0.079,10.4,1,0
B109263,Personal/Household,Bank,18,18530.0,41,2,0.851,0.576,2,114448.0,0.309,16.5,0,0
B109264,Trade,MFI,32,26691.0,37,0,0.664,0.897,2,198483.0,0.372,20.4,0,0
B109265,Personal/Household,MFI,40,16794.0,9,1,0.785,0.923,1,38163.0,0.114,25.5,0,0
B109266,Real Estate,Digital Lender,21,51055.0,15,1,0.563,0.762,5,261344.0,0.256,125.1,0,0
B109267,Personal/Household,Bank,39,66778.0,36,0,0.658,0.445,2,418309.0,0.313,12.5,0,0
B109268,Services,Digital Lender,40,12366.0,96,3,0.966,0.771,2,50967.0,0.206,348.6,0,0
B109269,Personal/Household,Bank,29,33724.0,50,0,0.749,0.869,5,287681.0,0.427,13.3,0,0
B109270,Trade,Bank,27,19380.0,19,2,0.593,0.848,1,59340.0,0.153,13.9,0,0
B109271,Personal/Household,Digital Lender,28,30779.0,9,5,0.723,0.869,0,66811.0,0.109,164.9,0,1
B109272,Services,Digital Lender,32,28366.0,24,2,0.724,0.749,4,206214.0,0.363,120.5,0,0
B109273,Transport,Bank,32,14220.0,53,0,0.809,0.315,2,30121.0,0.106,18.2,0,1
B109274,Transport,Bank,40,57806.0,48,1,0.684,0.796,4,208977.0,0.181,16.7,0,0
B109275,Trade,Digital Lender,30,27352.0,89,5,0.69,0.782,3,110831.0,0.203,120.0,0,0
B109276,Personal/Household,Bank,51,22960.0,2,0,0.899,0.937,2,79663.0,0.173,10.5,0,0
B109277,Trade,Bank,51,31697.0,2,0,0.571,0.428,0,54883.0,0.087,12.3,0,0
B109278,Agriculture,MFI,37,18420.0,10,2,0.927,0.527,2,102542.0,0.278,22.8,0,1
B109279,Services,Digital Lender,32,26876.0,45,5,0.971,0.495,0,208847.0,0.389,206.2,1,1
B109280,Services,MFI,30,10823.0,24,0,0.754,0.383,2,55874.0,0.258,12.0,1,0
B109281,Services,MFI,38,8132.0,19,1,0.691,0.571,0,35987.0,0.221,19.9,0,0
B109282,Real Estate,Digital Lender,40,17439.0,9,3,0.882,0.581,6,39098.0,0.112,291.4,0,0
B109283,Trade,Bank,33,22185.0,43,2,0.633,0.694,0,49792.0,0.112,14.8,0,0
B109284,Manufacturing,Digital Lender,31,11312.0,1,1,0.888,0.36,4,45932.0,0.203,8.0,0,0
B109285,Trade,Bank,39,22615.0,33,1,0.598,0.372,1,72776.0,0.161,15.3,0,0
B109286,Personal/Household,SACCO,36,22169.0,41,0,0.887,0.578,0,35192.0,0.079,16.5,0,0
B109287,Manufacturing,MFI,29,28743.0,12,2,0.902,0.708,0,163500.0,0.284,16.9,0,0
B109288,Real Estate,Bank,36,41680.0,14,2,0.74,0.533,2,118768.0,0.142,15.2,0,0
B109289,Trade,MFI,29,76241.0,124,2,0.521,0.549,0,288618.0,0.189,16.3,0,0
B109290,Real Estate,Digital Lender,27,37629.0,7,4,0.961,0.739,2,297746.0,0.396,177.7,0,1
B109291,Personal/Household,MFI,35,17305.0,4,1,0.788,0.819,0,34209.0,0.099,18.8,0,0
B109292,Personal/Household,Bank,29,42898.0,24,1,0.903,0.653,1,147416.0,0.172,14.9,0,0
B109293,Trade,Bank,28,64237.0,6,1,0.918,0.702,2,361940.0,0.282,15.5,1,0
B109294,Trade,SACCO,45,16056.0,6,2,0.824,0.634,1,35497.0,0.111,11.0,0,0
B109295,Real Estate,SACCO,31,16555.0,16,2,0.499,0.926,1,132158.0,0.399,18.5,0,1
B109296,Trade,MFI,53,13608.0,43,1,0.962,0.806,1,63146.0,0.232,21.9,0,0
B109297,Services,Bank,41,21797.0,18,1,0.919,0.471,2,63126.0,0.145,17.3,0,0
B109298,Transport,SACCO,27,36507.0,22,0,0.879,0.62,3,157773.0,0.216,9.4,0,0
B109299,Trade,Bank,47,67222.0,10,2,0.781,0.635,2,430072.0,0.32,18.0,0,0
B109300,Personal/Household,Bank,28,48553.0,54,1,0.793,0.636,3,339697.0,0.35,9.8,1,0
B109301,Agriculture,MFI,55,36755.0,24,1,0.898,0.701,1,306553.0,0.417,26.4,0,0
B109302,Agriculture,MFI,37,30490.0,42,4,0.504,0.545,2,143009.0,0.235,22.6,0,0
B109303,Manufacturing,Digital Lender,40,36877.0,12,3,0.917,0.582,0,166766.0,0.226,72.2,1,1
B109304,Trade,SACCO,35,38091.0,14,2,0.824,0.479,1,67040.0,0.088,13.8,0,0
B109305,Real Estate,Bank,38,60886.0,16,1,0.48,0.52,5,261988.0,0.215,13.6,0,0
B109306,Personal/Household,Digital Lender,33,29393.0,10,3,0.757,0.641,1,61776.0,0.105,192.1,0,0
B109307,Services,Bank,26,34336.0,14,0,0.805,0.201,1,83897.0,0.122,16.7,0,0
B109308,Agriculture,Digital Lender,38,23750.0,28,2,0.935,0.702,2,164220.0,0.346,172.7,0,0
B109309,Transport,Bank,45,31646.0,109,1,0.629,0.882,1,233390.0,0.369,14.2,0,0
B109310,Agriculture,Digital Lender,23,25823.0,12,1,0.871,0.632,0,203113.0,0.393,240.9,0,0
B109311,Manufacturing,Digital Lender,50,15456.0,21,2,0.924,0.426,1,124373.0,0.402,251.7,0,0
B109312,Agriculture,Digital Lender,41,48065.0,89,5,0.437,0.63,3,423521.0,0.441,186.1,0,0
B109313,Manufacturing,Bank,31,67409.0,46,1,0.958,0.715,1,432506.0,0.321,15.4,0,0
B109314,Trade,Digital Lender,30,29127.0,65,1,0.767,0.779,1,70419.0,0.121,226.0,0,0
B109315,Services,SACCO,54,35690.0,4,1,0.861,0.585,1,220714.0,0.309,15.7,0,0
B109316,Services,Bank,44,47758.0,126,0,0.753,0.751,0,125606.0,0.131,14.1,0,0
B109317,Agriculture,MFI,46,27479.0,198,1,0.927,0.77,0,187038.0,0.34,21.4,0,0
B109318,Personal/Household,SACCO,32,33000.0,3,3,0.686,0.6,7,229751.0,0.348,19.2,1,1
B109319,Trade,Digital Lender,41,26388.0,6,0,0.693,0.796,2,135839.0,0.257,8.0,0,0
B109320,Personal/Household,Digital Lender,38,21977.0,12,3,0.702,0.75,1,179479.0,0.408,284.6,0,0
B109321,Agriculture,MFI,33,39611.0,10,2,0.964,0.364,3,230164.0,0.291,9.2,0,0
B109322,Trade,SACCO,36,39414.0,26,3,0.613,0.649,2,292987.0,0.372,8.0,0,0
B109323,Transport,Bank,46,49385.0,63,1,0.711,0.55,2,399581.0,0.405,14.9,0,0
B109324,Real Estate,MFI,51,29677.0,8,0,0.681,0.613,4,133362.0,0.225,9.9,0,0
B109325,Manufacturing,Digital Lender,32,15369.0,22,5,0.895,0.746,1,33668.0,0.11,123.6,0,0
B109326,Manufacturing,SACCO,22,54678.0,3,0,0.657,0.674,1,418395.0,0.383,17.2,0,0
B109327,Trade,Digital Lender,51,19851.0,4,2,0.803,0.672,1,31261.0,0.079,213.9,0,0
B109328,Trade,MFI,52,19663.0,3,1,0.934,0.831,0,169317.0,0.431,18.3,0,0
B109329,Transport,Bank,39,22191.0,0,1,0.799,0.865,0,100311.0,0.226,15.7,0,0
B109330,Transport,SACCO,53,11396.0,28,1,0.476,0.608,1,49017.0,0.215,12.7,0,0
B109331,Trade,Bank,38,26379.0,77,2,0.921,0.618,0,47074.0,0.089,16.1,0,0
B109332,Agriculture,Digital Lender,26,41799.0,27,1,0.771,0.708,1,267118.0,0.32,136.4,0,0
B109333,Transport,Digital Lender,22,23424.0,19,5,0.845,0.501,3,66714.0,0.142,8.0,0,0
B109334,Transport,Digital Lender,22,62069.0,14,3,0.951,0.639,2,215939.0,0.174,208.5,0,0
B109335,Personal/Household,Digital Lender,35,59989.0,51,2,0.677,0.929,1,527002.0,0.439,8.0,0,1
B109336,Real Estate,MFI,30,48490.0,9,0,0.507,0.544,0,149305.0,0.154,23.0,0,1
B109337,Manufacturing,MFI,29,10258.0,7,1,0.837,0.883,3,19352.0,0.094,11.1,0,0
B109338,Manufacturing,Digital Lender,34,65417.0,29,5,0.763,0.532,0,469381.0,0.359,142.0,0,0
B109339,Agriculture,Bank,44,26096.0,59,2,0.573,0.785,1,232016.0,0.445,14.5,0,0
B109340,Trade,Digital Lender,30,74841.0,0,1,0.552,0.702,1,308674.0,0.206,101.2,0,0
B109341,Trade,Bank,28,21328.0,13,0,0.44,0.513,4,40596.0,0.095,15.3,1,0
B109342,Personal/Household,Digital Lender,30,27532.0,23,5,0.818,0.7,4,173110.0,0.314,83.5,1,0
B109343,Trade,MFI,44,31235.0,31,1,0.922,0.896,0,105340.0,0.169,12.0,0,0
B109344,Transport,Digital Lender,34,17805.0,0,1,0.476,0.684,5,44900.0,0.126,213.6,1,1
B109345,Manufacturing,MFI,38,12195.0,1,2,0.85,0.839,3,43458.0,0.178,22.5,0,0
B109346,Real Estate,SACCO,51,8000.0,121,3,0.572,0.439,0,18196.0,0.114,14.9,0,0
B109347,Personal/Household,Digital Lender,63,150851.0,91,0,0.797,0.713,0,582327.0,0.193,166.0,0,1
B109348,Personal/Household,MFI,41,11876.0,72,4,0.634,0.736,2,19074.0,0.08,25.5,0,0
B109349,Trade,Bank,40,11966.0,13,2,0.787,0.79,3,100628.0,0.42,17.9,0,0
B109350,Personal/Household,Bank,23,40725.0,14,1,0.722,0.626,4,358039.0,0.44,14.9,0,0
B109351,Manufacturing,SACCO,39,13587.0,2,2,0.764,0.925,0,33477.0,0.123,14.5,0,1
B109352,Agriculture,SACCO,36,12268.0,6,1,0.632,0.75,0,90036.0,0.367,10.0,0,0
B109353,Personal/Household,SACCO,44,8000.0,6,2,0.663,0.107,2,27907.0,0.174,18.3,0,0
B109354,Personal/Household,Bank,31,34926.0,114,1,0.856,0.716,5,153616.0,0.22,13.2,0,0
B109355,Agriculture,Bank,37,16506.0,46,2,0.659,0.876,1,85529.0,0.259,12.1,0,0
B109356,Services,Digital Lender,41,42356.0,15,4,0.807,0.301,2,98793.0,0.117,194.3,0,0
B109357,Transport,SACCO,54,28518.0,43,2,0.742,0.716,0,104970.0,0.184,10.7,1,0
B109358,Transport,Bank,51,31165.0,10,0,0.852,0.581,2,240637.0,0.386,13.0,0,0
B109359,Trade,Bank,48,23170.0,5,3,0.862,0.7,1,48639.0,0.105,17.1,0,0
B109360,Agriculture,Bank,42,25548.0,83,2,0.82,0.776,1,189646.0,0.371,12.8,0,0
B109361,Real Estate,Digital Lender,31,18176.0,23,4,0.845,0.598,3,96923.0,0.267,157.6,0,0
B109362,Transport,SACCO,42,19148.0,23,4,0.558,0.86,1,108494.0,0.283,15.8,0,0
B109363,Manufacturing,SACCO,27,16281.0,82,0,0.464,0.841,2,122923.0,0.377,11.0,0,0
B109364,Personal/Household,SACCO,33,68370.0,50,2,0.689,0.4,1,595432.0,0.435,16.2,1,0
B109365,Agriculture,Digital Lender,53,23912.0,36,2,0.787,0.665,2,211220.0,0.442,358.9,0,0
B109366,Personal/Household,Bank,40,8556.0,14,1,0.782,0.813,0,14365.0,0.084,14.8,1,0
B109367,Personal/Household,Bank,37,34280.0,46,0,0.845,0.659,0,290387.0,0.424,19.0,0,0
B109368,Personal/Household,MFI,39,19110.0,44,1,0.801,0.763,2,113301.0,0.296,13.6,0,0
B109369,Personal/Household,Digital Lender,34,29014.0,18,2,0.83,0.724,1,255603.0,0.44,73.6,0,0
B109370,Services,MFI,18,25636.0,19,2,0.88,0.504,4,105906.0,0.207,17.1,0,0
B109371,Trade,MFI,22,67481.0,16,0,0.621,0.636,1,460534.0,0.341,16.1,0,0
B109372,Personal/Household,Digital Lender,41,24077.0,9,2,0.964,0.615,1,76584.0,0.159,189.2,0,0
B109373,Services,Bank,26,46576.0,9,4,0.951,0.39,1,241409.0,0.259,12.1,0,0
B109374,Manufacturing,MFI,34,43949.0,0,0,0.538,0.613,1,394533.0,0.449,24.6,0,0
B109375,Trade,SACCO,23,14022.0,12,2,0.757,0.532,0,113671.0,0.405,8.0,1,0
B109376,Services,Digital Lender,28,32967.0,28,2,0.726,0.759,2,294395.0,0.446,269.0,0,0
B109377,Trade,Bank,35,19593.0,19,1,0.695,0.668,2,47987.0,0.122,10.2,0,0
B109378,Agriculture,MFI,44,15294.0,11,1,0.89,0.77,1,74281.0,0.243,17.2,0,0
B109379,Trade,Digital Lender,46,15328.0,13,3,0.749,0.817,3,86531.0,0.282,8.0,1,0
B109380,Real Estate,SACCO,28,46710.0,37,3,0.829,0.471,2,258870.0,0.277,12.6,0,1
B109381,Real Estate,SACCO,38,127219.0,64,0,0.913,0.966,5,586375.0,0.23,8.4,0,0
B109382,Manufacturing,Bank,21,19093.0,36,1,0.979,0.729,1,97300.0,0.255,14.6,0,0
B109383,Services,Bank,36,33478.0,19,1,0.649,0.605,4,214717.0,0.321,14.4,0,0
B109384,Real Estate,Bank,45,35268.0,12,2,0.939,0.84,2,165882.0,0.235,17.9,0,0
B109385,Manufacturing,Bank,34,22215.0,9,0,0.817,0.848,0,182693.0,0.411,13.2,0,0
B109386,Services,Digital Lender,48,64485.0,40,4,0.259,0.614,2,484859.0,0.376,101.5,0,0
B109387,Personal/Household,SACCO,43,99541.0,31,1,0.707,0.941,2,417682.0,0.21,15.1,1,0
B109388,Agriculture,Digital Lender,37,21403.0,24,2,0.886,0.695,1,42838.0,0.1,281.2,0,0
B109389,Trade,Bank,33,77182.0,52,2,0.529,0.577,2,565121.0,0.366,13.9,0,0
B109390,Transport,Bank,30,22011.0,6,2,0.679,0.681,3,175221.0,0.398,15.7,0,1
B109391,Personal/Household,Digital Lender,20,17437.0,19,1,0.656,0.549,2,71229.0,0.204,193.9,1,0
B109392,Manufacturing,Bank,22,27539.0,7,3,0.637,0.685,0,147532.0,0.268,14.7,0,1
B109393,Trade,Bank,45,47952.0,11,4,0.513,0.754,5,350476.0,0.365,17.5,0,1
B109394,Personal/Household,Bank,50,28076.0,50,2,0.65,0.706,4,85222.0,0.152,14.4,0,0
B109395,Transport,Bank,24,44613.0,17,3,0.775,0.715,1,296896.0,0.333,16.0,0,0
B109396,Manufacturing,Bank,36,33679.0,58,2,0.755,0.798,2,54018.0,0.08,10.0,1,0
B109397,Personal/Household,Bank,19,62571.0,64,0,0.8,0.694,2,471357.0,0.377,16.2,0,0
B109398,Personal/Household,Digital Lender,25,39809.0,35,5,0.792,0.616,5,110464.0,0.139,135.5,0,0
B109399,Transport,Bank,38,68996.0,65,1,0.52,0.597,3,320178.0,0.232,16.5,0,0
B109400,Transport,MFI,30,18552.0,7,0,0.922,0.741,0,60617.0,0.163,21.3,0,0
B109401,Transport,MFI,18,26585.0,3,1,0.755,0.677,2,188478.0,0.354,22.5,0,0
B109402,Manufacturing,MFI,52,29708.0,72,3,0.843,0.391,2,132681.0,0.223,23.3,0,0
B109403,Real Estate,MFI,35,18590.0,25,1,0.678,0.773,2,148210.0,0.399,19.2,1,1
B109404,Personal/Household,Bank,24,17087.0,18,0,0.806,0.623,2,79728.0,0.233,18.0,0,0
B109405,Transport,Bank,36,36686.0,92,1,0.767,0.78,2,214493.0,0.292,12.3,0,0
B109406,Manufacturing,MFI,34,42868.0,10,2,0.858,0.659,0,225475.0,0.263,11.7,0,0
B109407,Trade,Digital Lender,39,31633.0,7,4,0.719,0.487,1,120455.0,0.19,383.9,0,1
B109408,Personal/Household,MFI,32,53235.0,0,3,0.826,0.714,2,127276.0,0.12,18.2,0,1
B109409,Transport,MFI,38,16207.0,13,1,0.508,0.656,3,73644.0,0.227,32.9,0,0
B109410,Agriculture,Digital Lender,44,23979.0,6,1,0.963,0.643,2,167647.0,0.35,214.3,0,0
B109411,Agriculture,Digital Lender,22,15539.0,4,3,0.776,0.638,2,100510.0,0.323,256.3,1,1
B109412,Agriculture,Digital Lender,28,32102.0,6,2,0.589,0.793,2,224041.0,0.349,133.9,0,0
B109413,Services,MFI,43,38884.0,41,5,0.86,0.577,1,215143.0,0.277,16.1,0,0
B109414,Personal/Household,Digital Lender,29,62194.0,18,2,0.682,0.861,2,224825.0,0.181,126.8,0,0
B109415,Manufacturing,SACCO,34,15561.0,23,1,0.706,0.816,0,58451.0,0.188,12.3,0,0
B109416,Real Estate,SACCO,30,36491.0,30,2,0.729,0.757,1,153844.0,0.211,14.1,0,0
B109417,Personal/Household,Digital Lender,31,65504.0,31,4,0.868,0.875,3,291591.0,0.223,70.4,0,0
B109418,Manufacturing,MFI,30,17138.0,61,2,0.816,0.942,1,29766.0,0.087,12.6,0,0
B109419,Services,Digital Lender,22,15064.0,18,2,0.921,0.807,4,89046.0,0.296,238.9,0,0
B109420,Trade,Digital Lender,40,13214.0,96,1,0.384,0.596,1,44653.0,0.169,82.6,0,0
B109421,Trade,SACCO,46,41918.0,55,0,0.29,0.767,2,79540.0,0.095,8.0,0,0
B109422,Manufacturing,Bank,33,19950.0,5,0,0.835,0.77,3,163317.0,0.409,13.9,0,0
B109423,Trade,Digital Lender,44,38674.0,29,2,0.793,0.476,0,331676.0,0.429,242.2,0,0
B109424,Transport,Bank,30,26400.0,20,2,0.771,0.775,2,160533.0,0.304,15.0,0,0
B109425,Personal/Household,MFI,29,80057.0,13,1,0.873,0.827,1,623787.0,0.39,20.8,0,0
B109426,Trade,Bank,39,45859.0,70,1,0.691,0.887,0,191312.0,0.209,11.9,0,0
B109427,Real Estate,Digital Lender,39,19109.0,9,3,0.541,0.771,1,133423.0,0.349,105.8,1,0
B109428,Personal/Household,Digital Lender,34,25181.0,134,8,0.643,0.607,4,148050.0,0.294,214.6,0,1
B109429,Personal/Household,Bank,42,45859.0,52,1,0.533,0.938,0,114127.0,0.124,18.8,0,0
B109430,Manufacturing,SACCO,22,16519.0,88,3,0.546,0.608,2,111629.0,0.338,12.8,0,0
B109431,Trade,Digital Lender,32,56965.0,4,3,0.778,0.451,2,140480.0,0.123,185.4,0,0
B109432,Transport,Bank,45,25910.0,91,3,0.564,0.662,4,213323.0,0.412,13.0,0,0
B109433,Real Estate,Bank,45,46393.0,49,2,0.764,0.74,1,239743.0,0.258,14.4,0,0
B109434,Personal/Household,Bank,43,26692.0,34,2,0.842,0.712,1,99255.0,0.186,14.5,0,1
B109435,Manufacturing,Digital Lender,45,22290.0,34,1,0.605,0.694,6,77366.0,0.174,195.3,0,0
B109436,Agriculture,MFI,31,20371.0,11,2,0.912,0.823,4,67858.0,0.167,13.0,0,0
B109437,Personal/Household,Bank,18,77096.0,28,1,0.955,0.857,1,180694.0,0.117,15.8,1,0
B109438,Manufacturing,Bank,32,25278.0,1,0,0.904,0.74,0,76198.0,0.151,15.7,0,0
B109439,Trade,MFI,41,161835.0,12,1,0.763,0.747,2,608462.0,0.188,27.9,0,0
B109440,Manufacturing,Bank,43,32322.0,15,2,0.644,0.695,2,117786.0,0.182,16.2,0,0
B109441,Services,SACCO,30,18621.0,29,2,0.756,0.721,2,99886.0,0.268,11.1,0,0
B109442,Personal/Household,Bank,25,12433.0,7,1,0.713,0.58,2,19440.0,0.078,12.5,0,0
B109443,Agriculture,Digital Lender,26,58573.0,70,3,0.922,0.733,3,381277.0,0.325,172.0,0,0
B109444,Personal/Household,SACCO,30,26727.0,164,1,0.735,0.626,2,103611.0,0.194,14.9,0,1
B109445,Agriculture,Digital Lender,18,46746.0,13,4,0.811,0.835,1,355705.0,0.38,210.4,0,0
B109446,Manufacturing,Bank,30,106644.0,154,0,0.758,0.477,2,507252.0,0.238,15.3,0,0
B109447,Manufacturing,SACCO,35,42953.0,2,1,0.615,0.496,2,81256.0,0.095,15.0,0,0
B109448,Agriculture,Digital Lender,34,35793.0,20,1,0.744,0.823,1,148356.0,0.207,72.3,0,0
B109449,Agriculture,MFI,32,58365.0,25,1,0.35,0.926,1,304685.0,0.261,19.2,0,0
B109450,Services,Bank,28,46271.0,33,3,0.667,0.454,4,271894.0,0.294,15.0,0,0
B109451,Agriculture,Bank,29,14846.0,3,4,0.576,0.677,1,23092.0,0.078,12.9,0,0
B109452,Personal/Household,SACCO,29,61880.0,58,2,0.938,0.558,3,476073.0,0.385,14.7,0,0
B109453,Transport,MFI,42,28991.0,17,1,0.812,0.575,2,43882.0,0.076,24.6,0,0
B109454,Manufacturing,Digital Lender,35,69407.0,19,3,0.693,0.759,3,598008.0,0.431,177.0,0,0
B109455,Trade,Digital Lender,67,39296.0,21,0,0.681,0.65,3,231140.0,0.294,120.0,0,0
B109456,Trade,SACCO,32,57260.0,11,0,0.842,0.836,1,106461.0,0.093,10.7,0,0
B109457,Trade,Digital Lender,39,26277.0,13,3,0.842,0.727,5,156748.0,0.298,182.4,0,0
B109458,Transport,SACCO,32,12906.0,30,2,0.818,0.395,2,19857.0,0.077,13.4,0,0
B109459,Services,Bank,32,40540.0,11,0,0.962,0.664,1,342565.0,0.422,14.4,0,0
B109460,Personal/Household,Bank,51,50882.0,9,2,0.93,0.601,0,116321.0,0.114,14.4,0,0
B109461,Trade,Digital Lender,45,21888.0,31,4,0.528,0.559,1,64095.0,0.146,168.7,0,0
B109462,Agriculture,Bank,18,26587.0,94,1,0.842,0.677,2,165634.0,0.311,14.4,0,0
B109463,Trade,Digital Lender,25,8796.0,71,6,0.807,0.636,3,26406.0,0.15,108.3,0,0
B109464,Services,Bank,34,27298.0,51,5,0.68,0.864,2,42183.0,0.077,18.3,0,0
B109465,Agriculture,Bank,30,14947.0,7,2,0.947,0.775,1,69135.0,0.231,13.6,0,0
B109466,Trade,Digital Lender,20,39516.0,34,0,0.53,0.586,5,328688.0,0.416,195.7,1,0
B109467,Transport,Digital Lender,36,35746.0,8,3,0.837,0.759,0,299515.0,0.419,106.3,0,1
B109468,Manufacturing,Digital Lender,18,29982.0,13,5,0.596,0.955,2,204717.0,0.341,207.5,0,0
B109469,Agriculture,Bank,36,61541.0,5,0,0.887,0.747,1,200820.0,0.163,13.6,0,0
B109470,Transport,Bank,42,33946.0,49,2,0.773,0.688,2,78705.0,0.116,17.2,0,0
B109471,Trade,SACCO,44,33071.0,74,1,0.713,0.688,2,257022.0,0.389,13.0,0,0
B109472,Trade,Digital Lender,34,35486.0,27,4,0.888,0.589,4,310135.0,0.437,140.3,0,0
B109473,Trade,Bank,50,21579.0,19,1,0.85,0.782,1,85848.0,0.199,15.1,0,0
B109474,Agriculture,SACCO,38,51291.0,28,1,0.842,0.461,0,214906.0,0.209,9.8,0,0
B109475,Services,Bank,43,17962.0,9,0,0.66,0.78,6,107259.0,0.299,19.9,0,0
B109476,Manufacturing,SACCO,28,37516.0,7,3,0.926,0.811,4,271716.0,0.362,11.5,1,1
B109477,Personal/Household,Bank,50,58121.0,2,2,0.461,0.761,2,390734.0,0.336,17.0,0,1
B109478,Agriculture,Digital Lender,35,16906.0,74,3,0.957,0.733,1,97190.0,0.287,8.0,0,0
B109479,Personal/Household,Bank,51,14210.0,5,1,0.934,0.807,3,75062.0,0.264,16.7,0,0
B109480,Services,SACCO,49,16743.0,65,2,0.69,0.583,0,122993.0,0.367,13.2,0,0
B109481,Agriculture,Digital Lender,38,80772.0,6,4,0.937,0.955,3,400367.0,0.248,202.0,0,0
B109482,Services,Bank,39,21266.0,10,2,0.728,0.841,2,36632.0,0.086,18.0,0,0
B109483,Transport,Bank,33,15363.0,52,1,0.881,0.914,1,133813.0,0.435,15.7,0,0
B109484,Personal/Household,SACCO,27,36370.0,6,0,0.958,0.699,1,193990.0,0.267,15.3,0,0
B109485,Agriculture,SACCO,41,8000.0,5,1,0.723,0.787,1,16785.0,0.105,13.7,0,0
B109486,Transport,SACCO,40,17588.0,11,0,0.662,0.468,5,111053.0,0.316,9.5,0,1
B109487,Manufacturing,SACCO,19,64715.0,76,1,0.623,0.554,0,564096.0,0.436,15.7,0,0
B109488,Services,Bank,34,17581.0,19,5,0.827,0.499,2,154021.0,0.438,17.0,0,0
B109489,Services,Digital Lender,44,25760.0,4,2,0.885,0.664,4,140753.0,0.273,123.8,1,0
B109490,Real Estate,Bank,50,34953.0,19,0,0.711,0.587,3,89890.0,0.129,13.1,0,0
B109491,Services,MFI,42,34964.0,60,1,0.648,0.674,0,84977.0,0.122,27.9,0,0
B109492,Services,Digital Lender,20,22184.0,71,1,0.894,0.629,1,46129.0,0.104,171.9,0,0
B109493,Transport,Digital Lender,24,40155.0,49,3,0.518,0.644,4,105225.0,0.131,208.4,0,0
B109494,Trade,Bank,32,65869.0,35,3,0.731,0.514,1,523934.0,0.398,11.6,0,0
B109495,Trade,Bank,49,16582.0,41,0,0.589,0.547,4,52435.0,0.158,16.0,0,0
B109496,Trade,SACCO,29,22778.0,10,1,0.71,0.838,2,170533.0,0.374,13.0,0,0
B109497,Trade,Bank,46,28062.0,53,0,0.731,0.342,1,90333.0,0.161,12.5,0,0
B109498,Services,SACCO,29,43692.0,3,1,0.839,0.417,2,322417.0,0.369,10.9,0,0
B109499,Trade,MFI,40,30279.0,25,0,0.771,0.929,0,226107.0,0.373,18.3,0,0
B109500,Personal/Household,Bank,26,27724.0,2,3,0.721,0.643,0,183007.0,0.33,12.9,0,0
B109501,Transport,MFI,33,12681.0,46,2,0.739,0.48,0,23802.0,0.094,17.0,0,0
B109502,Transport,SACCO,24,15944.0,39,2,0.636,0.728,1,111415.0,0.349,11.9,0,0
B109503,Trade,Digital Lender,49,33056.0,5,2,0.564,0.949,5,287756.0,0.435,179.9,0,0
B109504,Manufacturing,Bank,28,22413.0,50,1,0.873,0.431,2,152999.0,0.341,14.6,0,0
B109505,Transport,Bank,20,24633.0,135,2,0.741,0.793,3,123394.0,0.25,12.1,0,0
B109506,Manufacturing,Bank,19,28738.0,38,2,0.667,0.948,3,51629.0,0.09,16.7,0,0
B109507,Trade,SACCO,34,107788.0,27,0,0.374,0.915,1,521169.0,0.242,15.8,0,0
B109508,Personal/Household,Digital Lender,30,22615.0,11,3,0.542,0.866,1,133343.0,0.295,195.2,0,1
B109509,Trade,Digital Lender,41,63756.0,70,4,0.931,0.52,1,436727.0,0.342,275.2,0,0
B109510,Transport,Digital Lender,33,61243.0,35,1,0.891,0.819,4,383915.0,0.313,8.0,0,0
B109511,Real Estate,MFI,47,46262.0,17,1,0.929,0.819,3,237372.0,0.257,19.6,0,0
B109512,Agriculture,Digital Lender,31,18656.0,50,3,0.969,0.576,4,83074.0,0.223,104.5,0,0
B109513,Personal/Household,Bank,45,32063.0,26,0,0.611,0.643,3,132383.0,0.206,14.4,0,0
B109514,Trade,MFI,25,23986.0,12,4,0.661,0.802,0,162474.0,0.339,21.9,0,0
B109515,Services,MFI,20,90033.0,3,2,0.779,0.644,1,648708.0,0.36,20.8,0,0
B109516,Services,Digital Lender,27,37267.0,14,4,0.742,0.769,0,329386.0,0.442,122.9,0,0
B109517,Agriculture,Digital Lender,24,26443.0,80,0,0.666,0.626,3,114126.0,0.216,202.2,0,0
B109518,Agriculture,Bank,23,79357.0,19,3,0.725,0.823,1,673967.0,0.425,15.4,0,0
B109519,Trade,Digital Lender,39,24493.0,16,4,0.805,0.611,0,120268.0,0.246,153.3,1,1
B109520,Services,Digital Lender,32,40271.0,29,3,0.547,0.712,4,107588.0,0.134,284.3,0,1
B109521,Transport,Digital Lender,36,43754.0,15,4,0.738,0.142,2,388074.0,0.443,175.8,0,0
B109522,Trade,MFI,40,35992.0,11,2,0.72,0.726,2,98163.0,0.136,18.6,0,1
B109523,Manufacturing,Digital Lender,18,28042.0,1,3,0.914,0.875,1,186753.0,0.333,8.0,0,0
B109524,Trade,Digital Lender,41,47129.0,26,1,0.91,0.663,3,174154.0,0.185,164.5,0,0
B109525,Manufacturing,SACCO,23,21026.0,7,0,0.833,0.578,3,173728.0,0.413,14.7,0,0
B109526,Manufacturing,MFI,29,54860.0,1,0,0.555,0.66,1,347633.0,0.317,17.6,0,0
B109527,Trade,Digital Lender,18,25469.0,18,4,0.916,0.877,4,53723.0,0.105,8.0,1,0
B109528,Personal/Household,Digital Lender,42,62056.0,11,3,0.74,0.447,2,211389.0,0.17,252.8,0,0
B109529,Agriculture,SACCO,18,52863.0,10,0,0.834,0.573,2,268935.0,0.254,10.8,0,0
B109530,Manufacturing,Digital Lender,23,40220.0,7,5,0.79,0.765,2,260355.0,0.324,159.0,0,0
B109531,Transport,Bank,24,28294.0,13,0,0.871,0.814,2,119730.0,0.212,14.2,0,1
B109532,Services,SACCO,34,54528.0,5,2,0.503,0.369,2,451794.0,0.414,13.5,0,0
B109533,Manufacturing,Bank,33,40705.0,19,3,0.797,0.602,1,211761.0,0.26,14.3,0,0
B109534,Services,MFI,43,8000.0,25,3,0.863,0.671,1,61626.0,0.385,26.8,0,0
B109535,Agriculture,Bank,34,18963.0,16,2,0.719,0.766,0,137171.0,0.362,18.4,0,0
B109536,Personal/Household,Bank,45,32624.0,56,2,0.489,0.655,2,74948.0,0.115,15.1,0,0
B109537,Agriculture,Bank,39,34678.0,7,2,0.808,0.815,0,211246.0,0.305,16.2,0,0
B109538,Personal/Household,Bank,26,43868.0,6,0,0.857,0.784,1,356090.0,0.406,14.7,1,0
B109539,Trade,Bank,28,69694.0,3,4,0.47,0.859,1,291278.0,0.209,15.9,0,0
B109540,Services,SACCO,50,41055.0,45,4,0.66,0.793,2,277166.0,0.338,8.4,0,0
B109541,Services,Bank,47,9448.0,23,4,0.742,0.741,2,76174.0,0.403,16.9,0,0
B109542,Real Estate,Bank,43,33147.0,0,2,0.851,0.607,2,75820.0,0.114,13.1,0,0
B109543,Manufacturing,Bank,45,58029.0,25,1,0.586,0.543,2,447429.0,0.386,20.3,0,0
B109544,Transport,Bank,40,31615.0,71,0,0.739,0.862,1,115357.0,0.182,14.0,0,0
B109545,Agriculture,Bank,38,33253.0,45,1,0.625,0.535,0,133341.0,0.2,15.0,0,0
B109546,Transport,Digital Lender,35,22656.0,31,4,0.816,0.908,3,146067.0,0.322,62.6,0,0
B109547,Personal/Household,MFI,52,50115.0,24,2,0.969,0.865,1,76120.0,0.076,19.9,0,0
B109548,Manufacturing,Bank,30,24483.0,30,2,0.758,0.775,3,190708.0,0.389,14.0,0,0
B109549,Trade,MFI,37,41195.0,39,0,0.918,0.408,4,300333.0,0.365,24.5,0,0
B109550,Services,Bank,18,37635.0,3,0,0.931,0.714,3,167409.0,0.222,16.2,0,0
B109551,Trade,SACCO,21,30633.0,4,1,0.885,0.835,0,238002.0,0.388,14.1,0,0
B109552,Transport,Digital Lender,53,38803.0,57,4,0.818,0.683,0,270479.0,0.349,115.1,0,0
B109553,Trade,Bank,41,33220.0,35,2,0.885,0.619,1,227652.0,0.343,15.3,0,0
B109554,Trade,Bank,33,60025.0,7,2,0.866,0.917,1,276052.0,0.23,13.5,0,0
B109555,Trade,SACCO,36,43140.0,20,1,0.865,0.737,1,112579.0,0.13,11.3,0,0
B109556,Agriculture,Bank,21,52672.0,52,3,0.777,0.872,2,449433.0,0.427,16.3,0,0
B109557,Transport,Bank,31,19533.0,67,3,0.774,0.864,1,100547.0,0.257,16.8,0,0
B109558,Manufacturing,SACCO,20,18871.0,1,2,0.722,0.736,1,55760.0,0.148,8.0,0,0
B109559,Transport,SACCO,32,30776.0,53,3,0.616,0.528,3,215044.0,0.349,16.3,0,0
B109560,Transport,Bank,42,44900.0,20,1,0.783,0.813,5,362211.0,0.403,13.8,0,0
B109561,Trade,Digital Lender,40,39827.0,25,2,0.711,0.649,2,338596.0,0.425,240.4,1,0
B109562,Trade,Bank,51,19669.0,31,2,0.617,0.42,2,164871.0,0.419,15.7,0,0
B109563,Transport,Bank,38,45675.0,18,3,0.522,0.794,1,115296.0,0.126,15.0,0,0
B109564,Transport,SACCO,18,21051.0,51,3,0.77,0.706,0,31602.0,0.075,19.4,0,0
B109565,Manufacturing,SACCO,55,43072.0,20,2,0.694,0.831,1,115729.0,0.134,16.3,0,0
B109566,Agriculture,SACCO,27,34808.0,41,2,0.506,0.596,1,292582.0,0.42,17.8,0,0
B109567,Personal/Household,SACCO,37,26270.0,24,1,0.889,0.729,2,223386.0,0.425,10.0,0,0
B109568,Trade,SACCO,36,22142.0,13,2,0.851,0.509,3,140700.0,0.318,12.5,0,0
B109569,Transport,Digital Lender,37,31992.0,3,3,0.807,0.734,3,243909.0,0.381,211.2,0,1
B109570,Trade,MFI,35,31122.0,0,2,0.802,0.546,1,210175.0,0.338,17.1,0,0
B109571,Transport,MFI,36,16720.0,8,2,0.851,0.743,1,72698.0,0.217,20.6,0,0
B109572,Real Estate,Digital Lender,22,41404.0,15,1,0.944,0.797,1,128874.0,0.156,72.9,0,0
B109573,Personal/Household,Bank,61,56172.0,15,2,0.743,0.945,4,85448.0,0.076,14.3,0,0
B109574,Trade,Digital Lender,42,47730.0,42,4,0.635,0.681,2,144357.0,0.151,212.1,0,0
B109575,Manufacturing,Bank,36,35358.0,106,2,0.9,0.515,3,193929.0,0.274,13.8,1,0
B109576,Trade,MFI,53,23215.0,12,4,0.895,0.461,4,201020.0,0.433,26.2,0,0
B109577,Personal/Household,SACCO,24,31918.0,16,1,0.766,0.866,3,198986.0,0.312,11.1,0,0
B109578,Trade,SACCO,44,27659.0,43,2,0.917,0.715,3,162150.0,0.293,11.0,0,0
B109579,Trade,Bank,29,31836.0,39,2,0.771,0.549,0,94498.0,0.148,14.9,0,1
B109580,Personal/Household,MFI,39,49764.0,44,4,0.788,0.468,1,359097.0,0.361,25.2,0,0
B109581,Trade,Digital Lender,39,28018.0,5,3,0.305,0.522,1,79754.0,0.142,70.6,0,1
B109582,Agriculture,Digital Lender,18,10823.0,19,1,0.426,0.531,3,61431.0,0.284,195.8,0,0
B109583,Personal/Household,MFI,21,46155.0,2,2,0.819,0.392,1,379121.0,0.411,22.4,0,0
B109584,Personal/Household,Bank,51,36992.0,24,1,0.777,0.916,3,330709.0,0.447,11.6,0,0
B109585,Personal/Household,Bank,32,32288.0,1,2,0.885,0.873,1,218017.0,0.338,15.2,1,1
B109586,Agriculture,MFI,55,15585.0,24,2,0.811,0.666,0,33418.0,0.107,17.6,0,0
B109587,Manufacturing,Bank,48,18812.0,21,1,0.715,0.831,2,84439.0,0.224,11.0,0,0
B109588,Personal/Household,Digital Lender,33,20061.0,8,6,0.491,0.641,4,96352.0,0.24,158.1,0,0
B109589,Trade,MFI,32,21568.0,0,2,0.643,0.308,0,180797.0,0.419,17.6,0,0
B109590,Personal/Household,MFI,51,22707.0,78,1,0.615,0.643,2,71662.0,0.158,18.3,1,0
B109591,Trade,Bank,56,15523.0,13,2,0.85,0.707,0,70072.0,0.226,12.6,0,0
B109592,Services,Bank,32,97091.0,35,3,0.857,0.737,1,663559.0,0.342,13.9,0,0
B109593,Transport,MFI,50,67924.0,26,3,0.915,0.541,3,157195.0,0.116,18.1,0,0
B109594,Manufacturing,MFI,45,34629.0,9,4,0.67,0.548,1,122004.0,0.176,11.5,0,1
B109595,Manufacturing,Bank,47,29187.0,38,2,0.953,0.306,0,78545.0,0.135,14.5,0,0
B109596,Trade,SACCO,36,81194.0,22,2,0.993,0.819,1,647174.0,0.399,13.6,0,0
B109597,Agriculture,MFI,28,72625.0,3,0,0.606,0.814,5,133972.0,0.092,17.3,0,0
B109598,Personal/Household,MFI,24,19792.0,14,0,0.822,0.746,2,165918.0,0.419,24.5,0,0
B109599,Manufacturing,Digital Lender,22,34072.0,11,3,0.586,0.716,1,268103.0,0.393,193.0,0,0
B109600,Manufacturing,Bank,54,26895.0,7,1,0.339,0.692,4,149651.0,0.278,14.6,0,1
B109601,Trade,Bank,35,25639.0,97,5,0.796,0.451,2,181860.0,0.355,14.4,0,0
B109602,Personal/Household,Digital Lender,24,27146.0,4,2,0.83,0.789,2,88566.0,0.163,86.7,0,0
B109603,Real Estate,Bank,45,28364.0,3,2,0.639,0.518,0,142023.0,0.25,13.7,0,0
B109604,Trade,MFI,30,33386.0,39,1,0.987,0.841,2,190323.0,0.285,16.6,0,0
B109605,Services,Digital Lender,28,33491.0,86,4,0.88,0.567,2,279837.0,0.418,284.7,0,0
B109606,Manufacturing,SACCO,56,65578.0,2,0,0.686,0.801,3,446780.0,0.341,16.4,0,0
B109607,Manufacturing,Digital Lender,22,19076.0,2,5,0.686,0.753,2,126326.0,0.331,119.9,0,1
B109608,Services,MFI,37,50605.0,44,3,0.628,0.585,3,361876.0,0.358,20.3,0,0
B109609,Agriculture,MFI,29,16461.0,54,1,0.812,0.586,1,48117.0,0.146,23.8,0,0
B109610,Services,Bank,27,33869.0,12,1,0.556,0.638,1,85626.0,0.126,15.9,0,0
B109611,Personal/Household,Bank,20,52778.0,12,0,0.694,0.641,3,268884.0,0.255,12.1,0,0
B109612,Transport,MFI,36,40659.0,13,2,0.635,0.479,2,271524.0,0.334,17.3,0,0
B109613,Agriculture,Bank,26,24984.0,29,1,0.916,0.739,2,140658.0,0.281,13.6,1,0
B109614,Trade,MFI,41,34774.0,36,1,0.802,0.671,3,310900.0,0.447,18.4,0,0
B109615,Real Estate,Bank,35,73774.0,11,3,0.56,0.973,0,172224.0,0.117,16.6,0,0
B109616,Trade,Bank,32,21473.0,3,0,0.899,0.415,4,97534.0,0.227,13.5,0,1
B109617,Trade,MFI,26,40603.0,48,0,0.65,0.53,2,173072.0,0.213,15.6,0,0
B109618,Transport,SACCO,49,50554.0,33,2,0.645,0.551,2,260809.0,0.258,14.4,0,0
B109619,Personal/Household,Bank,42,24019.0,41,1,0.446,0.415,3,98947.0,0.206,13.1,0,0
B109620,Trade,Digital Lender,28,77223.0,24,3,0.777,0.49,3,331491.0,0.215,202.9,0,0
B109621,Personal/Household,Bank,21,92993.0,23,0,0.77,0.844,0,589375.0,0.317,18.3,0,0
B109622,Services,Bank,18,54269.0,14,3,0.638,0.149,2,378882.0,0.349,15.9,0,0
B109623,Personal/Household,Digital Lender,46,54333.0,19,3,0.783,0.761,4,188984.0,0.174,8.0,0,0
B109624,Personal/Household,Digital Lender,44,11490.0,54,3,0.719,0.703,3,54161.0,0.236,285.9,0,0
B109625,Personal/Household,MFI,45,14379.0,19,2,0.95,0.639,1,27958.0,0.097,15.8,0,0
B109626,Agriculture,MFI,34,28383.0,3,3,0.918,0.749,2,197112.0,0.347,17.1,0,1
B109627,Agriculture,Digital Lender,43,20707.0,5,3,0.926,0.78,2,77075.0,0.186,8.0,0,1
B109628,Services,MFI,45,41950.0,12,0,0.556,0.448,1,319382.0,0.381,22.4,0,0
B109629,Transport,Bank,34,8000.0,29,1,0.909,0.795,1,46984.0,0.294,17.3,0,0
B109630,Personal/Household,Bank,31,41801.0,37,1,0.718,0.956,2,92630.0,0.111,12.2,0,0
B109631,Services,Bank,25,26993.0,9,1,0.566,0.89,0,57057.0,0.106,11.5,0,0
B109632,Agriculture,Digital Lender,39,22071.0,22,4,0.824,0.572,0,154253.0,0.349,68.7,0,1
B109633,Agriculture,SACCO,41,84849.0,7,2,0.606,0.22,1,462546.0,0.273,12.1,1,1
B109634,Transport,Bank,31,25098.0,17,2,0.687,0.727,0,46620.0,0.093,14.6,0,0
B109635,Trade,Bank,32,12219.0,20,3,0.9,0.73,2,75569.0,0.309,14.7,0,0
B109636,Manufacturing,Bank,33,38228.0,31,2,0.652,0.829,2,239765.0,0.314,15.1,0,0
B109637,Personal/Household,SACCO,43,36688.0,44,1,0.936,0.741,1,279179.0,0.38,10.9,0,0
B109638,Transport,Digital Lender,21,27020.0,3,2,0.586,0.715,2,235614.0,0.436,163.4,0,0
B109639,Agriculture,MFI,24,108360.0,6,1,0.763,0.683,2,220157.0,0.102,29.7,1,1
B109640,Personal/Household,Digital Lender,24,33375.0,12,2,0.732,0.388,0,104659.0,0.157,137.0,0,0
B109641,Trade,Bank,34,51955.0,24,0,0.599,0.522,0,260180.0,0.25,14.3,0,0
B109642,Services,SACCO,38,35514.0,5,2,0.935,0.675,1,249336.0,0.351,15.6,1,0
B109643,Trade,MFI,24,59803.0,65,4,0.77,0.339,4,482250.0,0.403,26.4,0,0
B109644,Personal/Household,Bank,44,24786.0,2,1,0.69,0.483,3,47021.0,0.095,10.5,0,0
B109645,Manufacturing,MFI,50,16566.0,12,3,0.734,0.886,3,66355.0,0.2,22.7,1,0
B109646,Real Estate,Digital Lender,39,45304.0,4,3,0.908,0.656,2,243698.0,0.269,128.5,0,0
B109647,Manufacturing,Bank,46,35052.0,18,1,0.59,0.941,1,60073.0,0.086,17.0,0,0
B109648,Trade,MFI,26,46045.0,32,1,0.721,0.811,1,150190.0,0.163,24.3,0,0
B109649,Real Estate,Digital Lender,26,21180.0,13,1,0.675,0.832,0,181953.0,0.43,138.3,0,1
B109650,Personal/Household,Digital Lender,40,38720.0,11,1,0.806,0.895,0,69503.0,0.09,8.0,0,0
B109651,Personal/Household,MFI,35,12371.0,27,0,0.855,0.822,3,57757.0,0.233,25.2,0,0
B109652,Trade,Bank,26,22837.0,11,4,0.567,0.784,3,110974.0,0.243,16.2,0,1
B109653,Transport,Digital Lender,49,20180.0,10,6,0.92,0.491,0,78205.0,0.194,225.6,0,1
B109654,Personal/Household,Bank,38,39057.0,16,3,0.539,0.584,2,68325.0,0.087,13.5,0,0
B109655,Personal/Household,Bank,42,22781.0,38,2,0.614,0.293,3,104920.0,0.23,15.5,0,0
B109656,Real Estate,Bank,28,13974.0,33,2,0.775,0.784,3,68033.0,0.243,14.8,0,0
B109657,Trade,MFI,52,21752.0,38,2,0.755,0.759,1,34038.0,0.078,23.2,0,0
B109658,Services,SACCO,33,41323.0,42,1,0.656,0.874,5,295831.0,0.358,15.9,0,0
B109659,Real Estate,Digital Lender,45,31955.0,18,2,0.7,0.418,1,137447.0,0.215,141.8,0,0
B109660,Agriculture,MFI,29,19736.0,82,0,0.901,0.78,0,33659.0,0.085,28.3,0,0
B109661,Personal/Household,Digital Lender,37,47173.0,29,3,0.727,0.395,2,179543.0,0.19,131.6,0,0
B109662,Agriculture,SACCO,41,70331.0,56,0,0.813,0.806,3,355745.0,0.253,16.9,0,0
B109663,Personal/Household,SACCO,55,49014.0,4,2,0.657,0.368,5,190019.0,0.194,10.0,0,0
B109664,Trade,Bank,31,8357.0,5,1,0.588,0.88,0,48298.0,0.289,12.9,1,1
B109665,Personal/Household,Bank,37,33875.0,64,0,0.76,0.777,0,149145.0,0.22,15.5,0,0
B109666,Services,MFI,41,27501.0,2,1,0.932,0.778,3,176630.0,0.321,17.2,0,0
B109667,Services,SACCO,21,9704.0,142,0,0.182,0.682,2,37853.0,0.195,12.5,0,0
B109668,Services,Bank,18,14622.0,0,1,0.921,0.519,1,125736.0,0.43,14.7,1,0
B109669,Personal/Household,MFI,25,46142.0,9,2,0.767,0.731,1,180329.0,0.195,21.3,0,0
B109670,Agriculture,Bank,45,32929.0,13,0,0.708,0.655,2,182072.0,0.276,17.4,0,0
B109671,Services,MFI,52,31081.0,30,1,0.732,0.751,2,52753.0,0.085,23.9,0,0
B109672,Services,Bank,26,20795.0,50,3,0.934,0.908,0,144008.0,0.346,10.3,0,0
B109673,Manufacturing,Bank,23,53920.0,106,1,0.792,0.685,1,345692.0,0.321,15.8,0,0
B109674,Real Estate,Bank,50,15118.0,1,1,0.705,0.501,4,71499.0,0.236,12.6,0,1
B109675,Trade,Digital Lender,29,18245.0,5,4,0.9,0.77,1,106709.0,0.292,168.4,0,0
B109676,Transport,Digital Lender,31,24965.0,35,2,0.766,0.794,1,137035.0,0.274,226.9,0,0
B109677,Personal/Household,Bank,50,12847.0,2,1,0.437,0.702,0,26091.0,0.102,14.3,0,1
B109678,Real Estate,Bank,48,18308.0,7,3,0.823,0.876,2,74546.0,0.204,12.2,0,1
B109679,Real Estate,MFI,44,53309.0,18,2,0.667,0.748,0,362484.0,0.34,30.5,0,0
B109680,Manufacturing,Bank,18,18688.0,15,0,0.613,0.731,6,113251.0,0.303,13.3,0,0
B109681,Trade,Digital Lender,22,45683.0,4,3,0.761,0.84,3,405801.0,0.444,125.8,0,1
B109682,Services,MFI,46,42160.0,7,4,0.568,0.591,2,311034.0,0.369,21.9,0,1
B109683,Agriculture,Digital Lender,38,27102.0,49,1,0.845,0.809,3,233885.0,0.431,110.0,1,1
B109684,Trade,Bank,27,13624.0,68,3,0.683,0.529,3,70247.0,0.258,12.7,0,0
B109685,Trade,Digital Lender,32,30788.0,3,3,0.353,0.378,1,192313.0,0.312,124.3,0,0
B109686,Personal/Household,Digital Lender,46,9312.0,11,3,0.817,0.694,0,62641.0,0.336,48.7,0,0
B109687,Personal/Household,SACCO,50,22228.0,1,2,0.869,0.587,0,111164.0,0.25,11.3,0,0
B109688,Trade,Digital Lender,35,33989.0,23,0,0.844,0.766,0,237007.0,0.349,62.0,0,0
B109689,Trade,MFI,28,47966.0,24,2,0.697,0.79,1,216313.0,0.225,19.0,0,0
B109690,Real Estate,Bank,32,27352.0,30,2,0.699,0.829,1,75293.0,0.138,15.0,0,0
B109691,Trade,MFI,48,21282.0,14,2,0.762,0.875,2,183428.0,0.431,19.0,0,0
B109692,Personal/Household,Digital Lender,48,20365.0,46,2,0.829,0.766,2,92326.0,0.227,16.8,0,0
B109693,Trade,Digital Lender,37,22981.0,22,1,0.835,0.692,2,64024.0,0.139,8.0,1,0
B109694,Manufacturing,MFI,30,41910.0,32,2,0.863,0.863,2,111527.0,0.133,20.2,0,0
B109695,Real Estate,SACCO,46,36046.0,19,0,0.825,0.436,1,119989.0,0.166,12.5,1,0
B109696,Real Estate,Bank,51,29375.0,22,1,0.739,0.714,3,250653.0,0.427,14.5,0,0
B109697,Real Estate,Bank,20,42046.0,22,3,0.684,0.467,0,329321.0,0.392,10.1,0,0
B109698,Trade,SACCO,33,29741.0,12,0,0.555,0.717,2,87177.0,0.147,20.6,0,0
B109699,Agriculture,MFI,47,14269.0,5,2,0.633,0.628,1,47496.0,0.166,21.4,0,1
B109700,Trade,Bank,36,16144.0,200,0,0.582,0.552,2,72837.0,0.226,15.8,0,0
B109701,Trade,Digital Lender,30,41395.0,4,2,0.661,0.484,0,116643.0,0.141,111.8,0,1
B109702,Services,MFI,37,13965.0,66,4,0.693,0.83,1,34469.0,0.123,22.3,0,0
B109703,Agriculture,MFI,39,24112.0,36,1,0.948,0.505,2,61701.0,0.128,24.6,0,0
B109704,Agriculture,Bank,24,27923.0,9,3,0.698,0.68,3,122962.0,0.22,15.2,0,0
B109705,Trade,Bank,36,16842.0,16,1,0.684,0.713,2,38990.0,0.116,14.6,0,0
B109706,Personal/Household,SACCO,39,11882.0,28,1,0.647,0.741,3,34906.0,0.147,12.3,0,0
B109707,Services,Digital Lender,30,15582.0,14,3,0.69,0.74,3,89120.0,0.286,242.4,1,0
B109708,Personal/Household,Bank,27,10989.0,23,3,0.86,0.78,0,61052.0,0.278,14.4,0,0
B109709,Transport,Digital Lender,30,41623.0,11,2,0.956,0.552,3,275456.0,0.331,334.8,0,0
B109710,Personal/Household,Digital Lender,25,36998.0,23,0,0.747,0.707,1,312914.0,0.423,104.8,0,0
B109711,Real Estate,Digital Lender,44,19579.0,13,1,0.428,0.825,3,111945.0,0.286,294.2,0,0
B109712,Personal/Household,SACCO,25,14016.0,13,3,0.368,0.672,2,34914.0,0.125,9.1,0,0
B109713,Personal/Household,Bank,37,56470.0,22,3,0.631,0.749,2,327419.0,0.29,15.6,0,0
B109714,Trade,Digital Lender,31,37880.0,65,4,0.746,0.57,2,339318.0,0.448,91.9,0,0
B109715,Manufacturing,MFI,28,21130.0,13,1,0.94,0.829,3,154543.0,0.366,17.2,0,0
B109716,Agriculture,Bank,49,57120.0,4,1,0.742,0.885,2,480720.0,0.421,16.1,0,0
B109717,Trade,MFI,34,32070.0,20,0,0.716,0.509,1,99700.0,0.155,17.1,0,1
B109718,Personal/Household,MFI,28,35416.0,1,3,0.823,0.606,1,150328.0,0.212,17.1,0,0
B109719,Trade,MFI,27,16763.0,18,1,0.713,0.641,2,35570.0,0.106,25.6,0,0
B109720,Personal/Household,Digital Lender,38,12914.0,7,3,0.884,0.909,1,104942.0,0.406,100.2,1,1
B109721,Services,MFI,43,12537.0,157,3,0.418,0.522,3,107284.0,0.428,19.0,1,0
B109722,Manufacturing,Bank,48,93495.0,159,0,0.644,0.718,3,551552.0,0.295,14.0,0,0
B109723,Agriculture,Digital Lender,33,18861.0,4,5,0.798,0.441,1,41754.0,0.111,124.1,0,1
B109724,Transport,Bank,33,30818.0,9,0,0.859,0.695,4,214652.0,0.348,14.6,0,0
B109725,Personal/Household,Bank,36,38284.0,39,0,0.934,0.894,2,290826.0,0.38,14.1,0,0
B109726,Agriculture,Digital Lender,37,29394.0,94,2,0.839,0.82,1,70107.0,0.119,174.3,0,0
B109727,Agriculture,Digital Lender,27,27314.0,29,4,0.865,0.625,3,218502.0,0.4,204.5,0,0
B109728,Transport,SACCO,50,26981.0,31,2,0.736,0.623,0,190769.0,0.354,9.6,0,0
B109729,Services,MFI,35,38715.0,13,2,0.792,0.559,0,107271.0,0.139,22.4,0,0
B109730,Agriculture,MFI,40,16783.0,14,2,0.923,0.492,1,80347.0,0.239,19.6,0,0
B109731,Agriculture,Digital Lender,39,23335.0,59,2,0.843,0.736,3,180949.0,0.388,13.9,0,0
B109732,Services,Digital Lender,39,8374.0,5,5,0.476,0.792,0,20526.0,0.123,182.6,0,1
B109733,Trade,Bank,25,10671.0,0,1,0.555,0.883,1,87046.0,0.408,14.8,0,0
B109734,Trade,Digital Lender,35,14561.0,57,2,0.757,0.719,2,114332.0,0.393,86.5,0,0
B109735,Transport,SACCO,58,47551.0,11,3,0.881,0.706,0,271566.0,0.286,13.9,0,0
B109736,Trade,Bank,51,25591.0,84,0,0.728,0.747,0,122039.0,0.238,18.7,0,0
B109737,Trade,Bank,37,43633.0,13,3,0.593,0.685,0,371450.0,0.426,13.7,0,0
B109738,Transport,Bank,31,36742.0,58,3,0.821,0.876,1,244511.0,0.333,14.9,0,0
B109739,Transport,Digital Lender,18,34305.0,58,3,0.856,0.438,1,193186.0,0.282,47.2,0,0
B109740,Manufacturing,MFI,30,17690.0,32,0,0.656,0.597,2,132952.0,0.376,23.2,0,0
B109741,Real Estate,SACCO,34,30984.0,18,1,0.572,0.749,1,126635.0,0.204,16.3,0,0
B109742,Manufacturing,Bank,32,34199.0,8,2,0.839,0.79,2,132704.0,0.194,12.2,0,0
B109743,Transport,Digital Lender,33,99745.0,30,1,0.909,0.712,0,789514.0,0.396,187.9,0,0
B109744,Personal/Household,MFI,41,24580.0,12,2,0.421,0.635,4,52502.0,0.107,14.5,0,0
B109745,Personal/Household,Digital Lender,25,44477.0,8,3,0.786,0.669,3,96671.0,0.109,8.9,0,0
B109746,Transport,MFI,38,27774.0,13,2,0.504,0.65,3,67830.0,0.122,19.9,1,0
B109747,Services,Digital Lender,34,20207.0,22,4,0.929,0.438,1,64687.0,0.16,8.0,0,1
B109748,Personal/Household,SACCO,26,47966.0,21,0,0.796,0.905,3,136972.0,0.143,14.5,0,0
B109749,Trade,MFI,52,84151.0,68,2,0.629,0.791,2,434651.0,0.258,16.2,0,0
B109750,Services,Digital Lender,42,34341.0,40,5,0.952,0.849,1,79699.0,0.116,235.8,0,0
B109751,Services,MFI,27,20421.0,5,2,0.971,0.631,2,52536.0,0.129,24.3,1,0
B109752,Agriculture,Digital Lender,40,38450.0,4,3,0.913,0.789,0,130795.0,0.17,157.3,0,0
B109753,Trade,Bank,21,34672.0,8,8,0.788,0.467,1,246938.0,0.356,14.2,0,1
B109754,Transport,SACCO,28,100617.0,15,2,0.805,0.702,2,476035.0,0.237,11.6,0,1
B109755,Real Estate,Digital Lender,48,44721.0,7,1,0.802,0.223,2,158335.0,0.177,152.4,0,1
B109756,Personal/Household,Digital Lender,39,17792.0,38,1,0.689,0.634,1,97665.0,0.274,183.6,0,0
B109757,Manufacturing,MFI,38,59939.0,41,1,0.799,0.515,2,315802.0,0.263,23.0,0,0
B109758,Trade,MFI,45,45545.0,1,1,0.945,0.745,1,183476.0,0.201,16.7,0,1
B109759,Agriculture,Digital Lender,41,49735.0,31,1,0.752,0.827,3,369582.0,0.372,146.1,0,0
B109760,Services,Bank,32,37975.0,6,1,0.897,0.903,1,174919.0,0.23,17.1,1,0
B109761,Trade,Digital Lender,44,51770.0,25,1,0.747,0.639,1,211710.0,0.204,190.7,0,0
B109762,Personal/Household,Bank,18,37886.0,9,0,0.581,0.572,2,274542.0,0.362,14.0,0,0
B109763,Agriculture,Bank,28,25851.0,15,3,0.605,0.7,1,118954.0,0.23,11.1,0,0
B109764,Real Estate,Digital Lender,34,32011.0,40,1,0.907,0.561,3,83708.0,0.131,239.9,0,0
B109765,Manufacturing,MFI,40,27896.0,1,0,0.591,0.808,3,118182.0,0.212,24.1,0,0
B109766,Agriculture,Bank,32,35874.0,15,2,0.822,0.857,4,235066.0,0.328,19.1,1,0
B109767,Transport,Bank,18,31061.0,20,2,0.563,0.438,2,91498.0,0.147,16.8,0,0
B109768,Personal/Household,Digital Lender,18,25009.0,110,3,0.686,0.732,1,52799.0,0.106,8.0,0,0
B109769,Trade,MFI,34,26906.0,247,2,0.934,0.289,2,180313.0,0.335,14.6,1,0
B109770,Agriculture,Digital Lender,30,29674.0,49,3,0.89,0.829,2,214154.0,0.361,62.9,1,0
B109771,Personal/Household,Bank,26,11164.0,21,1,0.764,0.638,2,56401.0,0.253,13.2,0,0
B109772,Personal/Household,MFI,24,52231.0,58,1,0.85,0.733,3,128250.0,0.123,23.6,0,0
B109773,Manufacturing,Bank,36,36003.0,94,1,0.798,0.761,1,316662.0,0.44,15.5,0,0
B109774,Personal/Household,MFI,48,21241.0,8,3,0.953,0.927,2,113314.0,0.267,26.4,0,0
B109775,Trade,Bank,36,41157.0,14,4,0.82,0.468,2,309817.0,0.376,13.7,0,0
B109776,Trade,Bank,48,22484.0,16,1,0.622,0.337,6,108358.0,0.241,16.3,0,1
B109777,Transport,MFI,31,22483.0,47,0,0.597,0.808,3,98300.0,0.219,23.8,0,0
B109778,Personal/Household,SACCO,39,36536.0,22,0,0.868,0.848,2,141615.0,0.194,11.0,0,0
B109779,Personal/Household,MFI,49,65306.0,26,1,0.942,0.471,0,334602.0,0.256,16.4,0,0
B109780,Trade,MFI,33,34680.0,17,1,0.896,0.788,2,53048.0,0.076,16.5,0,0
B109781,Manufacturing,MFI,35,19405.0,4,3,0.656,0.727,1,81096.0,0.209,17.9,0,0
B109782,Transport,MFI,31,24502.0,22,0,0.484,0.841,4,66571.0,0.136,23.8,1,0
B109783,Agriculture,Digital Lender,41,47428.0,42,3,0.822,0.517,3,114406.0,0.121,219.3,0,0
B109784,Manufacturing,Digital Lender,44,37136.0,54,4,0.804,0.779,0,168060.0,0.226,128.8,0,0
B109785,Transport,Digital Lender,39,50398.0,6,0,0.892,0.637,3,397549.0,0.394,196.2,0,0
B109786,Trade,Bank,33,36916.0,9,4,0.678,0.517,1,223794.0,0.303,13.2,0,0
B109787,Agriculture,MFI,20,45431.0,15,0,0.719,0.655,0,222697.0,0.245,17.7,0,0
B109788,Trade,Digital Lender,35,89962.0,0,4,0.758,0.69,4,353012.0,0.196,132.2,0,1
B109789,Services,Digital Lender,33,14132.0,6,5,0.868,0.544,1,58545.0,0.207,123.5,0,0
B109790,Agriculture,MFI,37,111740.0,59,4,0.828,0.803,5,699279.0,0.313,9.8,0,0
B109791,Trade,MFI,36,49765.0,27,1,0.694,0.807,0,205526.0,0.206,12.3,0,0
B109792,Trade,Digital Lender,51,125962.0,26,4,0.796,0.625,3,678985.0,0.27,214.0,0,0
B109793,Trade,Digital Lender,28,17313.0,13,5,0.885,0.847,1,93330.0,0.27,248.7,0,0
B109794,Trade,MFI,19,36693.0,2,1,0.884,0.768,0,158715.0,0.216,16.6,0,0
B109795,Transport,Bank,24,32457.0,33,2,0.551,0.187,3,56553.0,0.087,12.6,0,0
B109796,Trade,Digital Lender,29,48337.0,13,1,0.777,0.449,1,132167.0,0.137,157.5,0,0
B109797,Agriculture,SACCO,46,38498.0,2,2,0.467,0.652,6,300338.0,0.39,10.8,0,0
B109798,Trade,Bank,22,36198.0,24,0,0.795,0.848,0,182792.0,0.252,14.9,0,0
B109799,Real Estate,Bank,23,45634.0,27,1,0.882,0.944,1,158939.0,0.174,11.7,1,0
B109800,Trade,MFI,39,28036.0,62,3,0.705,0.701,2,97966.0,0.175,25.3,1,0
B109801,Transport,SACCO,43,22388.0,29,1,0.886,0.7,4,141849.0,0.317,11.4,0,0
B109802,Personal/Household,Digital Lender,20,38150.0,42,2,0.911,0.916,3,264841.0,0.347,221.1,0,0
B109803,Personal/Household,Bank,18,22364.0,34,1,0.909,0.37,3,178864.0,0.4,18.4,0,1
B109804,Agriculture,Bank,27,27749.0,26,1,0.756,0.473,2,182236.0,0.328,12.4,1,0
B109805,Personal/Household,SACCO,42,13459.0,9,2,0.377,0.381,1,26859.0,0.1,14.1,0,1
B109806,Personal/Household,Bank,36,30661.0,20,2,0.737,0.857,1,217246.0,0.354,9.2,0,0
B109807,Trade,MFI,28,17841.0,22,1,0.905,0.62,2,69718.0,0.195,9.2,0,0
B109808,Real Estate,MFI,42,29198.0,14,2,0.703,0.644,2,193126.0,0.331,17.4,0,0
B109809,Personal/Household,Bank,36,16361.0,16,3,0.772,0.907,3,45941.0,0.14,17.9,0,0
B109810,Agriculture,Digital Lender,34,29418.0,26,3,0.676,0.667,2,66960.0,0.114,8.0,0,1
B109811,Real Estate,Bank,19,48768.0,31,0,0.793,0.596,4,153971.0,0.158,14.4,0,0
B109812,Transport,Digital Lender,27,21424.0,5,1,0.71,0.478,4,187606.0,0.438,165.7,0,0
B109813,Trade,SACCO,55,17795.0,6,2,0.69,0.8,0,128169.0,0.36,16.9,1,0
B109814,Services,MFI,32,45702.0,15,3,0.822,0.506,2,177252.0,0.194,13.7,0,0
B109815,Trade,Digital Lender,25,49134.0,50,0,0.303,0.742,1,432797.0,0.44,115.7,0,0
B109816,Trade,Bank,31,37540.0,18,1,0.691,0.677,2,132333.0,0.176,16.9,0,0
B109817,Trade,Digital Lender,36,23017.0,29,3,0.729,0.749,1,96658.0,0.21,209.5,1,0
B109818,Real Estate,Bank,44,21029.0,7,1,0.559,0.95,2,106692.0,0.254,17.2,0,0
B109819,Services,Digital Lender,41,24777.0,9,2,0.956,0.699,0,207966.0,0.42,8.0,0,0
B109820,Personal/Household,Bank,28,28781.0,78,2,0.291,0.548,4,135001.0,0.235,11.3,0,0
B109821,Services,MFI,48,11511.0,63,2,0.578,0.87,2,82863.0,0.36,25.2,0,0
B109822,Manufacturing,Bank,43,17314.0,18,2,0.604,0.748,2,154923.0,0.447,15.4,0,0
B109823,Real Estate,MFI,31,59159.0,19,2,0.897,0.696,0,322372.0,0.272,20.5,0,0
B109824,Real Estate,Bank,34,33326.0,5,3,0.812,0.867,2,240133.0,0.36,13.3,0,1
B109825,Trade,Bank,41,58386.0,3,3,0.611,0.846,1,88114.0,0.075,15.1,0,0
B109826,Services,Bank,46,51980.0,90,3,0.783,0.33,1,247184.0,0.238,18.1,0,0
B109827,Manufacturing,Bank,20,25038.0,18,1,0.778,0.646,0,135591.0,0.271,15.2,0,0
B109828,Real Estate,SACCO,36,25247.0,50,1,0.813,0.545,4,192345.0,0.381,13.0,1,0
B109829,Manufacturing,MFI,35,50595.0,2,3,0.592,0.833,2,445932.0,0.441,26.9,0,1
B109830,Personal/Household,Bank,29,45128.0,14,1,0.743,0.703,1,320804.0,0.355,14.7,0,0
B109831,Agriculture,Digital Lender,29,51179.0,38,3,0.889,0.725,0,188211.0,0.184,229.1,0,0
B109832,Personal/Household,SACCO,46,29512.0,37,2,0.946,0.582,2,78157.0,0.132,8.0,0,0
B109833,Personal/Household,Bank,40,32158.0,0,1,0.804,0.746,2,199071.0,0.31,16.4,0,0
B109834,Personal/Household,MFI,56,25834.0,96,1,0.712,0.632,2,228072.0,0.441,17.4,0,0
B109835,Trade,MFI,29,28871.0,58,2,0.841,0.501,3,96953.0,0.168,27.0,0,0
B109836,Trade,MFI,36,20392.0,10,2,0.828,0.552,4,37507.0,0.092,22.8,0,0
B109837,Real Estate,Digital Lender,38,28534.0,3,1,0.864,0.786,1,98941.0,0.173,266.4,1,0
B109838,Personal/Household,SACCO,44,27228.0,4,3,0.896,0.97,2,154715.0,0.284,9.4,0,1
B109839,Services,Digital Lender,49,23102.0,34,4,0.94,0.358,0,75903.0,0.164,141.2,0,0
B109840,Transport,SACCO,36,45942.0,13,3,0.474,0.728,1,182440.0,0.199,11.6,0,0
B109841,Trade,Digital Lender,24,13689.0,8,4,0.852,0.653,1,106856.0,0.39,161.9,0,1
B109842,Trade,MFI,28,35796.0,14,2,0.608,0.657,2,267840.0,0.374,12.3,0,0
B109843,Transport,SACCO,36,17909.0,13,1,0.654,0.885,2,62315.0,0.174,10.0,0,0
B109844,Trade,SACCO,46,18651.0,77,1,0.984,0.655,1,131621.0,0.353,12.1,0,0
B109845,Manufacturing,Digital Lender,21,19552.0,27,4,0.839,0.99,1,115012.0,0.294,71.9,0,0
B109846,Personal/Household,Bank,23,38521.0,16,0,0.877,0.634,1,132292.0,0.172,12.5,0,0
B109847,Real Estate,Bank,43,8590.0,29,0,0.687,0.808,0,42853.0,0.249,14.5,0,0
B109848,Agriculture,Bank,22,32623.0,46,3,0.814,0.558,3,246633.0,0.378,12.9,0,0
B109849,Trade,Bank,24,30485.0,32,0,0.738,0.907,1,242615.0,0.398,18.1,0,0
B109850,Agriculture,Digital Lender,46,17438.0,4,1,0.865,0.679,0,115103.0,0.33,92.8,0,0
B109851,Personal/Household,SACCO,33,32867.0,21,0,0.471,0.523,1,121632.0,0.185,10.3,0,0
B109852,Agriculture,Bank,32,15256.0,28,6,0.922,0.551,2,39725.0,0.13,13.6,0,1
B109853,Trade,MFI,49,29025.0,8,1,0.942,0.77,5,196218.0,0.338,21.3,0,0
B109854,Trade,Bank,24,14942.0,27,3,0.72,0.838,0,53379.0,0.179,14.5,0,0
B109855,Trade,Digital Lender,22,91829.0,59,0,0.547,0.537,2,795064.0,0.433,152.4,0,0
B109856,Transport,Digital Lender,51,47752.0,1,4,0.846,0.73,0,291900.0,0.306,175.7,0,0
B109857,Transport,Bank,37,34049.0,9,3,0.857,0.514,2,187815.0,0.276,16.2,0,0
B109858,Manufacturing,MFI,42,17582.0,77,1,0.706,0.799,1,91823.0,0.261,14.0,0,0
B109859,Manufacturing,Digital Lender,32,25552.0,11,3,0.719,0.764,0,141196.0,0.276,212.7,0,0
B109860,Trade,SACCO,34,26139.0,19,2,0.52,0.825,0,133428.0,0.255,9.5,0,0
B109861,Manufacturing,Digital Lender,28,33964.0,6,3,0.541,0.87,2,241752.0,0.356,174.8,0,0
B109862,Trade,Bank,38,37020.0,126,0,0.905,0.33,4,98753.0,0.133,14.0,0,1
B109863,Services,Bank,43,33647.0,60,0,0.615,0.559,2,134201.0,0.199,11.7,0,0
B109864,Trade,SACCO,37,35892.0,7,0,0.613,0.467,3,71222.0,0.099,12.9,0,1
B109865,Real Estate,Bank,46,27081.0,20,1,0.766,0.916,1,219097.0,0.405,12.4,0,0
B109866,Trade,Digital Lender,42,35895.0,5,3,0.943,0.81,3,228769.0,0.319,217.6,0,1
B109867,Personal/Household,Digital Lender,25,20934.0,22,1,0.352,0.514,2,95126.0,0.227,213.8,0,0
B109868,Trade,Bank,34,16565.0,8,3,0.706,0.647,1,109556.0,0.331,14.4,0,0
B109869,Services,MFI,31,82153.0,16,1,0.55,0.844,1,438443.0,0.267,17.6,0,0
B109870,Trade,Digital Lender,43,37377.0,2,2,0.649,0.646,0,143960.0,0.193,8.0,0,0
B109871,Personal/Household,Digital Lender,40,80286.0,7,7,0.69,0.562,2,645830.0,0.402,172.1,1,1
B109872,Transport,Bank,36,25563.0,16,0,0.753,0.582,1,43373.0,0.085,17.1,0,1
B109873,Agriculture,Digital Lender,45,111960.0,3,1,0.897,0.277,0,345318.0,0.154,10.0,0,0
B109874,Trade,Bank,18,31063.0,1,0,0.649,0.696,2,168325.0,0.271,16.5,0,0
B109875,Agriculture,Digital Lender,29,55842.0,4,4,0.844,0.671,1,187034.0,0.167,199.4,0,1
B109876,Personal/Household,SACCO,30,30275.0,1,4,0.597,0.494,0,206189.0,0.341,16.7,0,1
B109877,Personal/Household,Bank,38,32556.0,1,1,0.623,0.779,0,266551.0,0.409,14.9,0,0
B109878,Trade,SACCO,41,27907.0,5,0,0.866,0.91,3,202589.0,0.363,17.6,0,0
B109879,Agriculture,SACCO,35,22674.0,9,1,0.49,0.96,0,49562.0,0.109,18.9,0,1
B109880,Agriculture,SACCO,22,50977.0,26,1,0.726,0.31,2,170469.0,0.167,10.6,0,0
B109881,Trade,Bank,39,29588.0,43,1,0.941,0.848,1,99043.0,0.167,16.2,0,0
B109882,Transport,SACCO,36,46945.0,33,1,0.609,0.49,1,82579.0,0.088,12.1,0,0
B109883,Agriculture,Digital Lender,20,48878.0,46,2,0.815,0.914,2,415777.0,0.425,72.5,0,0
B109884,Agriculture,Bank,32,64724.0,87,1,0.806,0.895,3,535742.0,0.414,8.6,0,0
B109885,Personal/Household,Bank,39,37483.0,2,2,0.658,0.648,1,157387.0,0.21,18.7,0,0
B109886,Personal/Household,Digital Lender,52,12951.0,137,3,0.659,0.458,3,108083.0,0.417,155.6,0,0
B109887,Personal/Household,SACCO,24,24931.0,25,1,0.864,0.599,1,59483.0,0.119,14.1,0,0
B109888,Trade,MFI,43,29323.0,74,2,0.967,0.427,3,120777.0,0.206,15.3,0,0
B109889,Services,Digital Lender,24,29936.0,53,3,0.921,0.52,2,151191.0,0.253,113.5,0,0
B109890,Manufacturing,Bank,22,61397.0,17,2,0.808,0.63,3,204142.0,0.166,12.9,0,0
B109891,Manufacturing,Digital Lender,23,55544.0,28,1,0.812,0.712,3,426013.0,0.383,179.0,0,0
B109892,Trade,MFI,41,27455.0,15,4,0.714,0.668,3,71131.0,0.13,26.7,0,0
B109893,Services,Bank,36,113159.0,13,1,0.955,0.295,3,208242.0,0.092,12.3,0,1
B109894,Manufacturing,Digital Lender,32,24542.0,19,3,0.767,0.535,3,94813.0,0.193,248.6,0,1
B109895,Personal/Household,Digital Lender,40,25662.0,10,1,0.472,0.667,3,126616.0,0.247,128.4,0,0
B109896,Transport,Bank,35,16304.0,2,1,0.627,0.832,2,75072.0,0.23,18.6,0,0
B109897,Personal/Household,Digital Lender,36,12613.0,12,2,0.634,0.644,4,108789.0,0.431,121.4,0,0
B109898,Personal/Household,Digital Lender,32,15537.0,5,2,0.791,0.718,1,80298.0,0.258,123.0,0,0
B109899,Services,Digital Lender,25,51920.0,26,2,0.824,0.982,1,387914.0,0.374,114.6,0,0
B109900,Agriculture,Bank,52,44704.0,7,4,0.971,0.658,3,293796.0,0.329,14.5,0,1
B109901,Trade,Bank,49,18289.0,3,2,0.715,0.583,3,134553.0,0.368,12.8,0,0
B109902,Personal/Household,Digital Lender,51,31412.0,13,1,0.776,0.858,2,190248.0,0.303,166.4,0,0
B109903,Manufacturing,Digital Lender,30,46331.0,18,3,0.914,0.387,4,101920.0,0.11,232.9,0,0
B109904,Transport,Bank,28,9717.0,7,1,0.92,0.967,1,53531.0,0.275,14.4,0,0
B109905,Personal/Household,MFI,31,78804.0,12,4,0.565,0.48,2,167118.0,0.106,15.0,0,0
B109906,Manufacturing,Bank,46,53045.0,7,2,0.78,0.586,0,197925.0,0.187,13.3,0,0
B109907,Personal/Household,MFI,35,46434.0,40,2,0.56,0.519,0,373712.0,0.402,18.7,0,0
B109908,Agriculture,SACCO,30,57592.0,13,2,0.705,0.402,3,292646.0,0.254,10.4,0,0
B109909,Personal/Household,Bank,39,9674.0,17,0,0.546,0.523,2,86101.0,0.445,16.9,0,0
B109910,Trade,SACCO,28,26365.0,18,0,0.748,0.536,2,126178.0,0.239,8.6,0,0
B109911,Transport,SACCO,21,59403.0,46,1,0.631,0.795,2,481970.0,0.406,12.6,0,0
B109912,Services,MFI,36,29618.0,26,4,0.649,0.561,2,170807.0,0.288,14.7,0,0
B109913,Agriculture,Digital Lender,30,44733.0,2,4,0.644,0.775,1,109865.0,0.123,295.2,0,0
B109914,Agriculture,Bank,35,65940.0,18,1,0.95,0.814,3,375145.0,0.284,16.6,0,0
B109915,Agriculture,Bank,18,43783.0,8,0,0.64,0.414,2,304175.0,0.347,12.9,0,0
B109916,Manufacturing,MFI,26,25803.0,19,1,0.843,0.645,1,57728.0,0.112,24.4,1,0
B109917,Real Estate,MFI,35,40808.0,34,3,0.914,0.499,2,178051.0,0.218,19.5,0,1
B109918,Trade,Bank,20,11860.0,7,3,0.652,0.5,3,22096.0,0.093,17.5,0,0
B109919,Services,Digital Lender,20,38937.0,36,1,0.768,0.588,4,341232.0,0.438,72.6,0,0
B109920,Trade,Bank,35,44905.0,26,1,0.694,0.77,1,295580.0,0.329,16.7,0,0
B109921,Manufacturing,Bank,42,32306.0,1,3,0.821,0.807,0,268416.0,0.415,12.8,0,0
B109922,Transport,Digital Lender,26,56322.0,43,2,0.795,0.563,3,458117.0,0.407,221.7,1,1
B109923,Trade,Digital Lender,32,34657.0,68,1,0.826,0.704,2,254689.0,0.367,199.2,0,0
B109924,Trade,MFI,33,32236.0,27,2,0.718,0.475,1,171275.0,0.266,25.2,1,0
B109925,Services,Bank,19,81453.0,10,1,0.455,0.389,1,494092.0,0.303,12.0,1,0
B109926,Transport,Bank,47,17557.0,1,1,0.666,0.98,1,150426.0,0.428,14.6,0,0
B109927,Trade,Bank,33,63938.0,26,3,0.707,0.685,1,309257.0,0.242,14.8,0,0
B109928,Personal/Household,MFI,33,61214.0,10,1,0.716,0.811,1,117614.0,0.096,20.2,0,0
B109929,Manufacturing,SACCO,39,47331.0,8,2,0.798,0.56,0,313301.0,0.331,12.0,0,0
B109930,Trade,Bank,19,23802.0,40,1,0.814,0.48,4,135447.0,0.285,13.7,0,0
B109931,Personal/Household,MFI,44,35900.0,35,1,0.849,0.563,2,234096.0,0.326,28.7,0,0
B109932,Manufacturing,Digital Lender,46,19104.0,77,2,0.743,0.824,1,140732.0,0.368,176.7,0,0
B109933,Trade,Bank,36,21826.0,9,2,0.894,0.557,1,140103.0,0.321,13.0,0,0
B109934,Personal/Household,Bank,40,31962.0,32,1,0.543,0.888,3,129729.0,0.203,17.2,0,0
B109935,Agriculture,Digital Lender,32,18288.0,17,3,0.81,0.716,1,38200.0,0.104,8.0,0,0
B109936,Agriculture,Bank,44,26152.0,38,4,0.841,0.682,2,78814.0,0.151,13.9,0,0
B109937,Agriculture,Bank,27,16218.0,10,1,0.898,0.621,3,117138.0,0.361,14.0,0,0
B109938,Personal/Household,Bank,35,42579.0,8,2,0.836,0.625,1,372841.0,0.438,14.6,0,0
B109939,Personal/Household,MFI,35,73070.0,22,0,0.677,0.874,1,377477.0,0.258,23.0,0,0
B109940,Services,SACCO,35,99539.0,16,1,0.849,0.707,2,867897.0,0.436,8.3,0,1
B109941,Agriculture,MFI,46,16841.0,39,2,0.767,0.427,0,104499.0,0.31,26.0,0,1
B109942,Personal/Household,MFI,57,18549.0,41,0,0.972,0.864,0,31341.0,0.084,17.1,1,0
B109943,Manufacturing,MFI,34,28927.0,16,5,0.754,0.677,0,82170.0,0.142,27.1,1,0
B109944,Agriculture,Bank,40,46737.0,16,2,0.859,0.791,2,295834.0,0.316,17.8,0,0
B109945,Trade,Digital Lender,27,28266.0,36,8,0.963,0.468,3,88640.0,0.157,179.7,0,0
B109946,Personal/Household,Digital Lender,45,53780.0,46,2,0.844,0.814,2,437264.0,0.407,103.4,0,0
B109947,Agriculture,MFI,30,42419.0,1,1,0.555,0.865,0,147171.0,0.173,21.6,0,1
B109948,Transport,Bank,66,11973.0,2,1,0.656,0.638,1,103894.0,0.434,13.0,0,0
B109949,Manufacturing,Digital Lender,18,32637.0,53,2,0.721,0.406,2,155264.0,0.238,101.0,0,0
B109950,Trade,Bank,56,16014.0,11,2,0.445,0.63,3,121743.0,0.38,15.7,0,0
B109951,Services,Bank,45,23196.0,8,0,0.813,0.586,1,123352.0,0.266,15.1,0,0
B109952,Personal/Household,Digital Lender,24,25234.0,14,4,0.751,0.654,1,161122.0,0.319,247.7,0,1
B109953,Manufacturing,Bank,58,47577.0,19,3,0.608,0.675,1,400490.0,0.421,13.6,0,0
B109954,Personal/Household,Bank,26,31136.0,19,1,0.589,0.718,4,231988.0,0.373,10.7,0,0
B109955,Real Estate,MFI,32,24488.0,4,0,0.816,0.35,2,137089.0,0.28,20.9,0,1
B109956,Personal/Household,SACCO,22,100201.0,10,2,0.868,0.851,6,630793.0,0.315,14.9,0,0
B109957,Trade,SACCO,34,19352.0,4,3,0.908,0.642,3,64253.0,0.166,11.7,0,0
B109958,Real Estate,Bank,34,37057.0,46,0,0.639,0.67,3,78894.0,0.106,15.0,0,0
B109959,Agriculture,SACCO,43,45650.0,6,5,0.804,0.464,1,334325.0,0.366,15.6,0,0
B109960,Real Estate,Bank,59,34681.0,35,0,0.87,0.693,4,218320.0,0.315,14.9,1,1
B109961,Real Estate,Digital Lender,30,19290.0,41,1,0.615,0.85,0,29380.0,0.076,54.8,0,0
B109962,Trade,Bank,18,18756.0,42,3,0.407,0.541,0,113009.0,0.301,12.5,0,0
B109963,Services,Bank,41,44468.0,3,1,0.866,0.702,0,246868.0,0.278,13.3,0,0
B109964,Trade,MFI,29,56163.0,20,1,0.934,0.859,0,458504.0,0.408,14.3,0,0
B109965,Trade,Bank,53,30708.0,19,1,0.691,0.385,2,187876.0,0.306,17.9,0,0
B109966,Agriculture,SACCO,35,15313.0,30,1,0.675,0.672,2,110811.0,0.362,8.0,0,0
B109967,Transport,Bank,27,31782.0,19,0,0.456,0.784,3,74794.0,0.118,12.2,0,0
B109968,Trade,MFI,25,72705.0,3,3,0.933,0.581,1,145073.0,0.1,20.3,0,1
B109969,Manufacturing,Bank,41,18172.0,66,0,0.772,0.761,1,72429.0,0.199,12.9,0,0
B109970,Personal/Household,MFI,32,26536.0,41,3,0.966,0.727,0,49585.0,0.093,20.8,0,0
B109971,Trade,Bank,50,32625.0,12,4,0.743,0.541,2,157293.0,0.241,16.4,0,0
B109972,Services,Bank,33,57495.0,24,2,0.654,0.521,1,261453.0,0.227,16.7,0,0
B109973,Agriculture,Bank,49,23615.0,30,3,0.69,0.454,1,141643.0,0.3,15.9,0,0
B109974,Transport,Digital Lender,21,41241.0,59,6,0.656,0.627,2,112564.0,0.136,64.6,0,0
B109975,Trade,SACCO,18,67912.0,34,2,0.888,0.615,1,272126.0,0.2,12.0,0,0
B109976,Personal/Household,Bank,43,13988.0,25,0,0.749,0.597,4,36034.0,0.129,9.8,0,0
B109977,Personal/Household,Bank,30,15364.0,138,1,0.877,0.717,3,36505.0,0.119,12.3,0,0
B109978,Trade,Bank,32,30011.0,34,3,0.908,0.795,1,254002.0,0.423,16.1,1,0
B109979,Trade,Bank,25,54179.0,76,5,0.841,0.771,2,413308.0,0.381,14.0,0,0
B109980,Agriculture,MFI,24,37946.0,17,1,0.639,0.588,0,299546.0,0.395,16.3,0,0
B109981,Trade,Bank,41,56908.0,36,1,0.689,0.382,1,473688.0,0.416,11.9,0,0
B109982,Services,Digital Lender,35,12390.0,17,3,0.967,0.796,3,71001.0,0.287,180.3,1,0
B109983,Transport,Digital Lender,24,38217.0,56,3,0.816,0.71,2,301165.0,0.394,190.7,0,1
B109984,Transport,Bank,43,8000.0,45,2,0.678,0.768,0,63497.0,0.397,17.3,0,0
B109985,Services,Bank,47,65555.0,53,7,0.638,0.729,2,177941.0,0.136,14.5,0,0
B109986,Personal/Household,Bank,34,60761.0,8,2,0.887,0.593,2,362813.0,0.299,12.2,0,0
B109987,Personal/Household,Bank,45,26375.0,58,3,0.392,0.857,1,155023.0,0.294,13.0,0,0
B109988,Agriculture,MFI,25,8871.0,4,3,0.665,0.666,1,20152.0,0.114,23.0,0,0
B109989,Agriculture,Bank,41,28167.0,24,3,0.547,0.444,1,152361.0,0.27,17.3,0,1
B109990,Agriculture,Bank,37,58386.0,6,2,0.958,0.835,1,467676.0,0.4,12.2,0,1
B109991,Agriculture,Bank,27,39672.0,55,0,0.786,0.508,4,260501.0,0.328,17.5,0,0
B109992,Agriculture,SACCO,56,87350.0,2,1,0.734,0.851,3,242524.0,0.139,14.8,0,0
B109993,Trade,Bank,37,26841.0,2,1,0.887,0.543,4,78908.0,0.147,15.2,1,0
B109994,Agriculture,Digital Lender,29,96497.0,31,1,0.755,0.52,1,256921.0,0.133,206.5,0,0
B109995,Real Estate,Bank,35,10387.0,5,1,0.822,0.347,3,78922.0,0.38,16.2,0,0
B109996,Agriculture,Bank,26,20803.0,49,1,0.822,0.528,2,51649.0,0.124,15.5,0,0
B109997,Trade,MFI,23,15489.0,43,3,0.717,0.493,3,81185.0,0.262,24.0,0,0
B109998,Agriculture,MFI,31,47343.0,47,5,0.834,0.809,2,168080.0,0.178,22.7,0,0
B109999,Manufacturing,MFI,31,16219.0,7,1,0.801,0.547,3,114413.0,0.353,18.7,0,0
B110000,Personal/Household,MFI,27,54934.0,51,2,0.893,0.879,4,383374.0,0.349,15.7,1,0
B110001,Personal/Household,Bank,48,46055.0,6,0,0.819,0.452,3,181543.0,0.197,16.0,0,0
B110002,Trade,Bank,27,34866.0,94,3,0.881,0.591,5,96658.0,0.139,14.3,0,0
B110003,Trade,Bank,26,29661.0,55,1,0.721,0.666,2,176906.0,0.298,16.2,0,0
B110004,Agriculture,SACCO,23,17684.0,7,0,0.907,0.66,0,67082.0,0.19,10.5,0,0
B110005,Trade,SACCO,22,43912.0,3,1,0.709,0.521,1,367405.0,0.418,10.6,0,0
B110006,Real Estate,SACCO,45,23829.0,14,0,0.688,0.834,1,179883.0,0.377,15.6,0,0
B110007,Services,Digital Lender,38,47991.0,25,2,0.923,0.438,2,317217.0,0.33,183.6,0,0
B110008,Trade,MFI,42,71691.0,21,0,0.879,0.487,1,438297.0,0.306,23.1,0,0
B110009,Agriculture,Digital Lender,45,26534.0,16,5,0.473,0.652,2,113198.0,0.213,28.5,0,0
B110010,Personal/Household,MFI,32,65014.0,67,2,0.862,0.742,2,495781.0,0.381,26.6,0,0
B110011,Manufacturing,MFI,50,34910.0,15,0,0.854,0.74,1,129243.0,0.185,17.5,0,0
B110012,Trade,SACCO,29,43663.0,0,0,0.536,0.809,5,108100.0,0.124,11.8,0,0
B110013,Trade,Bank,24,15197.0,24,1,0.89,0.579,1,76164.0,0.251,15.9,0,0
B110014,Services,Bank,39,21554.0,37,1,0.829,0.783,3,142108.0,0.33,15.7,0,0
B110015,Trade,MFI,36,21425.0,9,1,0.688,0.488,2,89447.0,0.209,20.9,0,0
B110016,Transport,Bank,36,65925.0,134,3,0.706,0.76,3,495922.0,0.376,17.0,0,0
B110017,Personal/Household,Bank,45,25925.0,86,1,0.951,0.865,0,133753.0,0.258,17.0,0,0
B110018,Agriculture,Digital Lender,36,44426.0,20,1,0.662,0.692,0,198287.0,0.223,63.9,1,0
B110019,Personal/Household,MFI,38,30156.0,74,3,0.643,0.265,1,156522.0,0.26,21.2,0,0
B110020,Trade,Bank,49,25839.0,48,1,0.79,0.373,3,116919.0,0.226,15.8,1,0
B110021,Agriculture,Bank,38,13993.0,42,1,0.945,0.75,1,101411.0,0.362,14.1,0,0
B110022,Agriculture,Digital Lender,40,11003.0,24,3,0.891,0.608,0,87165.0,0.396,195.3,0,1
B110023,Services,Digital Lender,21,26098.0,11,3,0.654,0.801,2,68142.0,0.131,133.5,0,0
B110024,Trade,SACCO,70,26947.0,40,0,0.508,0.741,3,105420.0,0.196,13.1,1,0
B110025,Trade,Bank,19,19391.0,7,4,0.917,0.712,1,131739.0,0.34,15.9,0,1
B110026,Services,Bank,30,34054.0,11,4,0.916,0.538,3,79444.0,0.117,14.5,0,1
B110027,Trade,Bank,29,92589.0,53,2,0.47,0.83,1,729301.0,0.394,15.8,0,0
B110028,Personal/Household,Digital Lender,56,71469.0,35,4,0.948,0.562,1,142881.0,0.1,74.7,0,0
B110029,Transport,MFI,29,31153.0,43,5,0.959,0.605,2,147643.0,0.237,14.5,0,0
B110030,Manufacturing,Digital Lender,39,31753.0,16,1,0.946,0.602,0,164569.0,0.259,130.9,0,0
B110031,Personal/Household,Bank,29,43739.0,29,2,0.563,0.781,1,209217.0,0.239,16.4,0,0
B110032,Personal/Household,Digital Lender,25,35209.0,35,5,0.939,0.679,1,100348.0,0.143,65.1,0,0
B110033,Trade,MFI,41,43781.0,27,2,0.762,0.544,2,241886.0,0.276,13.4,0,0
B110034,Services,MFI,28,35763.0,107,5,0.618,0.672,2,115728.0,0.162,16.7,0,0
B110035,Services,MFI,37,32362.0,8,3,0.721,0.603,1,280835.0,0.434,17.6,0,0
B110036,Services,SACCO,41,21469.0,17,2,0.702,0.789,1,61079.0,0.142,12.3,0,0
B110037,Transport,Digital Lender,54,37242.0,11,1,0.871,0.439,1,318891.0,0.428,45.2,0,0
B110038,Manufacturing,MFI,22,8793.0,28,3,0.949,0.387,3,25025.0,0.142,15.8,0,0
B110039,Manufacturing,Digital Lender,33,35296.0,42,3,0.609,0.558,0,94851.0,0.134,215.0,0,0
B110040,Trade,Bank,34,9789.0,41,3,0.59,0.42,2,46536.0,0.238,14.3,0,0
B110041,Manufacturing,Bank,35,35312.0,33,2,0.973,0.521,2,271422.0,0.384,13.9,0,0
B110042,Transport,Bank,61,17812.0,23,2,0.792,0.665,1,96083.0,0.27,17.2,1,0
B110043,Transport,Bank,33,61621.0,68,1,0.855,0.341,2,124971.0,0.101,15.0,0,1
B110044,Agriculture,Digital Lender,18,32050.0,15,3,0.799,0.778,0,132056.0,0.206,144.0,0,0
B110045,Real Estate,Bank,33,30542.0,13,0,0.725,0.535,4,233148.0,0.382,14.9,0,0
B110046,Transport,Bank,34,38145.0,77,2,0.704,0.827,4,135684.0,0.178,13.5,0,0
B110047,Real Estate,Bank,33,18972.0,29,3,0.783,0.761,1,156583.0,0.413,12.2,0,0
B110048,Services,SACCO,28,56559.0,25,1,0.776,0.852,3,300766.0,0.266,12.4,0,0
B110049,Personal/Household,Digital Lender,22,44688.0,52,1,0.543,0.68,1,70683.0,0.079,185.5,0,0
B110050,Trade,Digital Lender,57,22542.0,16,4,0.586,0.761,1,99924.0,0.222,106.0,0,0
B110051,Trade,Bank,38,17049.0,30,3,0.951,0.708,2,91708.0,0.269,12.1,0,0
B110052,Personal/Household,MFI,33,24211.0,22,1,0.623,0.791,1,55123.0,0.114,19.3,0,0
B110053,Real Estate,Bank,56,28023.0,0,3,0.765,0.679,0,105573.0,0.188,11.9,0,0
B110054,Personal/Household,Digital Lender,26,16373.0,17,1,0.843,0.796,3,39585.0,0.121,143.9,0,0
B110055,Trade,Bank,41,23126.0,2,0,0.601,0.736,0,155174.0,0.335,12.8,0,0
B110056,Trade,Digital Lender,23,21475.0,6,1,0.907,0.863,1,180866.0,0.421,262.0,0,0
B110057,Real Estate,Digital Lender,43,26603.0,37,2,0.807,0.612,2,74275.0,0.14,154.0,1,0
B110058,Personal/Household,SACCO,24,26720.0,12,2,0.851,0.764,1,185682.0,0.347,10.3,1,0
B110059,Services,Digital Lender,40,38889.0,15,0,0.694,0.853,5,331787.0,0.427,205.2,0,0
B110060,Services,Bank,55,30248.0,2,2,0.875,0.345,2,59611.0,0.099,14.0,0,0
B110061,Manufacturing,Bank,36,37091.0,55,1,0.866,0.657,5,191387.0,0.258,13.0,0,0
B110062,Personal/Household,Bank,18,34094.0,27,0,0.805,0.553,1,56784.0,0.083,14.1,0,0
B110063,Trade,Bank,35,26710.0,14,0,0.727,0.73,0,203444.0,0.381,16.4,0,1
B110064,Manufacturing,SACCO,40,43306.0,6,1,0.665,0.671,6,273135.0,0.315,14.2,0,0
B110065,Services,MFI,44,8000.0,16,2,0.696,0.664,2,40187.0,0.251,20.4,0,0
B110066,Real Estate,Digital Lender,50,24408.0,11,3,0.656,0.909,1,56153.0,0.115,160.4,0,0
B110067,Services,Digital Lender,50,21723.0,39,3,0.77,0.835,1,38802.0,0.089,125.1,0,0
B110068,Agriculture,Bank,34,31750.0,72,2,0.635,0.65,1,152857.0,0.241,11.9,0,1
B110069,Trade,Bank,28,20976.0,2,0,0.375,0.833,0,56780.0,0.135,13.7,0,0
B110070,Manufacturing,MFI,24,40211.0,21,2,0.953,0.845,2,297012.0,0.369,18.7,0,0
B110071,Services,Bank,30,44309.0,54,1,0.702,0.759,1,305907.0,0.345,13.9,0,0
B110072,Agriculture,SACCO,40,13888.0,9,1,0.715,0.612,3,91659.0,0.33,14.9,0,0
B110073,Personal/Household,SACCO,22,33622.0,31,1,0.849,0.595,1,194748.0,0.29,9.6,0,0
B110074,Trade,SACCO,26,14699.0,5,2,0.901,0.635,3,113891.0,0.387,11.2,0,0
B110075,Personal/Household,MFI,41,38708.0,8,1,0.857,0.912,4,311843.0,0.403,17.5,0,0
B110076,Manufacturing,Digital Lender,29,23004.0,42,3,0.801,0.741,1,42922.0,0.093,157.4,0,0
B110077,Trade,SACCO,39,19105.0,42,1,0.781,0.62,2,48924.0,0.128,15.1,0,0
B110078,Personal/Household,Digital Lender,27,11606.0,10,2,0.798,0.814,2,99486.0,0.429,160.4,0,0
B110079,Personal/Household,Digital Lender,38,28263.0,3,4,0.86,0.752,3,188608.0,0.334,264.8,0,1
B110080,Manufacturing,SACCO,27,15726.0,36,2,0.778,0.804,2,135842.0,0.432,13.1,0,0
B110081,Agriculture,Bank,18,13148.0,4,0,0.66,0.796,3,44281.0,0.168,15.0,0,0
B110082,Trade,Digital Lender,45,32935.0,30,2,0.423,0.563,2,146211.0,0.222,378.0,0,0
B110083,Services,Bank,28,50670.0,31,4,0.787,0.677,7,95141.0,0.094,13.7,0,0
B110084,Transport,MFI,33,36937.0,49,1,0.63,0.41,4,207954.0,0.281,26.1,1,1
B110085,Personal/Household,MFI,28,13534.0,34,0,0.881,0.839,2,62932.0,0.232,26.6,0,0
B110086,Personal/Household,Bank,40,27578.0,44,1,0.781,0.704,2,49469.0,0.09,17.0,0,0
B110087,Personal/Household,Bank,38,43231.0,85,1,0.778,0.695,1,90360.0,0.105,13.3,0,0
B110088,Trade,Bank,40,27584.0,21,2,0.519,0.205,0,221571.0,0.402,16.1,0,0
B110089,Manufacturing,Digital Lender,30,35562.0,18,4,0.909,0.84,0,90518.0,0.127,179.2,0,0
B110090,Transport,SACCO,35,23377.0,56,0,0.77,0.767,0,41620.0,0.089,19.3,0,0
B110091,Trade,Digital Lender,39,24063.0,40,2,0.713,0.686,1,199944.0,0.415,238.4,0,0
B110092,Trade,Digital Lender,50,20686.0,2,2,0.696,0.429,1,123918.0,0.3,137.4,0,0
B110093,Transport,MFI,38,41631.0,3,2,0.697,0.39,2,149461.0,0.18,18.7,0,0
B110094,Personal/Household,Digital Lender,25,43101.0,41,3,0.846,0.594,1,331289.0,0.384,17.5,0,0
B110095,Transport,MFI,38,21909.0,50,3,0.99,0.855,2,105585.0,0.241,26.1,1,0
B110096,Trade,Bank,33,45034.0,11,2,0.695,0.414,1,278289.0,0.309,15.1,0,0
B110097,Services,Digital Lender,18,13564.0,28,3,0.693,0.937,0,62918.0,0.232,187.4,0,0
B110098,Trade,Digital Lender,18,27062.0,35,4,0.882,0.869,2,96723.0,0.179,102.9,0,0
B110099,Agriculture,Bank,34,14122.0,77,2,0.827,0.602,1,114633.0,0.406,15.5,1,0
B110100,Services,Digital Lender,35,15954.0,51,3,0.602,0.561,1,112965.0,0.354,144.2,0,0
B110101,Personal/Household,Bank,32,14029.0,10,0,0.734,0.514,1,69114.0,0.246,15.5,0,0
B110102,Services,Digital Lender,44,20730.0,1,4,0.887,0.778,2,47816.0,0.115,8.0,0,0
B110103,Personal/Household,SACCO,26,41809.0,37,1,0.877,0.407,0,346605.0,0.415,11.6,0,0
B110104,Transport,Bank,21,28478.0,40,0,0.864,0.708,1,154142.0,0.271,13.7,0,1
B110105,Agriculture,Digital Lender,27,21566.0,44,3,0.864,0.596,2,94978.0,0.22,173.2,0,0
B110106,Agriculture,MFI,29,27026.0,3,1,0.646,0.889,2,156175.0,0.289,27.7,0,1
B110107,Services,Bank,34,9595.0,2,3,0.748,0.708,0,18461.0,0.096,17.9,0,1
B110108,Personal/Household,Digital Lender,27,40721.0,30,3,0.965,0.525,1,260901.0,0.32,211.2,0,0
B110109,Agriculture,Digital Lender,18,8637.0,9,3,0.87,0.799,1,15145.0,0.088,291.5,0,1
B110110,Agriculture,MFI,18,20151.0,67,1,0.779,0.84,1,144194.0,0.358,18.6,0,0
B110111,Agriculture,SACCO,36,28470.0,49,4,0.833,0.727,1,212001.0,0.372,10.2,0,0
B110112,Agriculture,Bank,24,37989.0,21,0,0.778,0.572,1,177308.0,0.233,16.0,0,0
B110113,Personal/Household,Bank,18,33909.0,15,1,0.886,0.504,1,184505.0,0.272,14.5,0,0
B110114,Trade,SACCO,41,28934.0,118,1,0.803,0.565,2,99341.0,0.172,16.5,0,0
B110115,Real Estate,Bank,50,66278.0,11,4,0.77,0.805,3,182398.0,0.138,16.4,0,0
B110116,Services,MFI,34,90055.0,25,1,0.853,0.773,0,345401.0,0.192,23.9,0,0
B110117,Manufacturing,Digital Lender,38,29848.0,19,2,0.847,0.537,3,195508.0,0.327,114.4,0,0
B110118,Real Estate,Digital Lender,38,28140.0,53,1,0.858,0.796,1,216351.0,0.384,56.4,0,1
B110119,Agriculture,MFI,18,27232.0,48,1,0.669,0.925,1,84596.0,0.155,18.0,0,0
B110120,Trade,MFI,44,21248.0,58,4,0.506,0.849,3,95578.0,0.225,18.9,0,0
B110121,Agriculture,Digital Lender,47,36560.0,5,2,0.68,0.576,2,89250.0,0.122,245.0,0,1
B110122,Trade,Digital Lender,53,59835.0,83,0,0.637,0.695,2,284773.0,0.238,320.4,0,0
B110123,Trade,Bank,31,8000.0,35,2,0.852,0.52,1,28409.0,0.178,17.8,0,0
B110124,Trade,MFI,24,27084.0,46,2,0.693,0.789,2,125769.0,0.232,17.9,0,1
B110125,Agriculture,Bank,49,67422.0,1,3,0.592,0.756,2,231989.0,0.172,14.8,0,0
B110126,Trade,Bank,40,36910.0,30,3,0.737,0.679,1,328419.0,0.445,14.5,0,0
B110127,Services,Bank,44,37331.0,87,0,0.836,0.737,3,210347.0,0.282,16.4,0,0
B110128,Trade,SACCO,29,12326.0,28,1,0.842,0.842,1,19087.0,0.077,11.5,0,0
B110129,Real Estate,Digital Lender,38,43747.0,26,2,0.568,0.807,3,74489.0,0.085,8.0,0,0
B110130,Personal/Household,Digital Lender,24,51794.0,52,6,0.724,0.473,1,314055.0,0.303,90.3,0,0
B110131,Trade,MFI,35,33189.0,1,1,0.723,0.582,3,128748.0,0.194,17.8,1,0
B110132,Manufacturing,MFI,32,20732.0,99,2,0.786,0.563,5,70068.0,0.169,27.2,0,0
B110133,Personal/Household,Bank,58,37932.0,62,1,0.49,0.736,1,117011.0,0.154,18.4,1,0
B110134,Manufacturing,Bank,40,16801.0,48,3,0.826,0.789,2,27820.0,0.083,16.3,0,0
B110135,Trade,Bank,18,15621.0,17,2,0.859,0.486,2,44043.0,0.141,16.5,1,0
B110136,Personal/Household,Digital Lender,35,46220.0,25,3,0.715,0.49,1,406664.0,0.44,8.0,0,1
B110137,Personal/Household,Bank,39,54323.0,10,0,0.921,0.805,5,102669.0,0.094,12.3,0,0
B110138,Agriculture,Digital Lender,30,19763.0,18,4,0.463,0.76,0,52461.0,0.133,8.0,1,1
B110139,Trade,Bank,24,15663.0,7,4,0.567,0.761,2,127900.0,0.408,16.9,0,1
B110140,Trade,MFI,42,18346.0,10,1,0.613,0.773,1,93697.0,0.255,14.1,1,0
B110141,Personal/Household,Digital Lender,25,33147.0,14,4,0.766,0.332,3,134359.0,0.203,8.0,0,0
B110142,Agriculture,Digital Lender,41,15673.0,14,3,0.931,0.475,2,54138.0,0.173,93.7,0,0
B110143,Trade,Bank,25,60241.0,16,1,0.836,0.882,2,479210.0,0.398,19.3,0,0
B110144,Manufacturing,Digital Lender,30,23024.0,2,6,0.897,0.778,2,41887.0,0.091,121.5,0,1
B110145,Services,Bank,45,36369.0,3,3,0.953,0.704,2,176396.0,0.243,16.0,0,0
B110146,Trade,Digital Lender,40,19757.0,27,4,0.807,0.67,0,70759.0,0.179,195.7,0,0
B110147,Trade,Bank,35,40995.0,31,1,0.706,0.475,1,264552.0,0.323,15.7,0,0
B110148,Real Estate,MFI,35,42883.0,9,3,0.52,0.852,5,229271.0,0.267,21.5,0,0
B110149,Transport,SACCO,36,11816.0,3,0,0.781,0.841,2,76597.0,0.324,13.0,0,0
B110150,Real Estate,Digital Lender,27,20459.0,28,2,0.904,0.85,1,43368.0,0.106,290.3,0,0
B110151,Services,Digital Lender,20,27279.0,13,2,0.693,0.896,4,222864.0,0.408,202.3,0,0
B110152,Trade,Bank,41,22274.0,49,0,0.811,0.762,0,85438.0,0.192,16.6,0,0
B110153,Agriculture,Digital Lender,50,48020.0,40,5,0.688,0.412,2,421415.0,0.439,143.7,1,1
B110154,Agriculture,Bank,41,21409.0,18,7,0.724,0.328,2,43862.0,0.102,16.8,0,0
B110155,Agriculture,Bank,38,44054.0,101,1,0.843,0.911,1,355860.0,0.404,13.8,1,0
B110156,Manufacturing,Bank,23,38815.0,3,0,0.937,0.801,1,329664.0,0.425,13.0,0,0
B110157,Personal/Household,Bank,44,28019.0,13,2,0.861,0.687,0,83916.0,0.15,14.2,0,0
B110158,Agriculture,Bank,40,45071.0,38,0,0.802,0.622,1,357543.0,0.397,16.3,0,0
B110159,Personal/Household,SACCO,43,12761.0,3,2,0.579,0.44,3,72061.0,0.282,13.4,0,0
B110160,Trade,Bank,45,28741.0,4,2,0.761,0.529,0,161218.0,0.28,14.6,0,0
B110161,Manufacturing,SACCO,51,19422.0,33,3,0.76,0.783,2,137079.0,0.353,12.3,0,0
B110162,Agriculture,Bank,24,28035.0,40,3,0.661,0.657,3,162461.0,0.29,15.0,0,0
B110163,Manufacturing,SACCO,22,22967.0,14,2,0.727,0.835,1,101006.0,0.22,12.4,0,0
B110164,Trade,Bank,36,30730.0,7,3,0.931,0.752,1,161449.0,0.263,13.4,0,1
B110165,Services,Bank,26,29888.0,6,2,0.56,0.395,1,252923.0,0.423,15.3,1,0
B110166,Services,SACCO,24,32090.0,38,5,0.831,0.681,3,151065.0,0.235,18.6,0,0
B110167,Personal/Household,Digital Lender,47,32798.0,92,2,0.432,0.232,1,165419.0,0.252,194.1,0,0
B110168,Services,Digital Lender,25,40756.0,13,2,0.96,0.494,0,324582.0,0.398,143.4,0,0
B110169,Trade,Bank,35,14879.0,15,2,0.934,0.586,3,109362.0,0.367,14.8,0,0
B110170,Manufacturing,Digital Lender,19,39346.0,14,1,0.851,0.902,1,144337.0,0.183,8.0,0,0
B110171,Agriculture,SACCO,36,12940.0,36,5,0.905,0.675,3,48799.0,0.189,10.6,0,0
B110172,Services,Digital Lender,47,8000.0,21,0,0.604,0.333,0,59133.0,0.37,152.9,0,1
B110173,Trade,Bank,47,87979.0,15,1,0.821,0.775,1,509905.0,0.29,15.8,0,0
B110174,Trade,Bank,45,17741.0,35,4,0.617,0.661,1,152063.0,0.429,11.7,0,0
B110175,Personal/Household,Bank,34,23239.0,137,1,0.88,0.701,0,70531.0,0.152,14.4,0,0
B110176,Trade,Digital Lender,46,10667.0,70,2,0.726,0.948,4,34794.0,0.163,280.2,0,0
B110177,Personal/Household,Bank,39,23157.0,24,2,0.553,0.773,5,99659.0,0.215,12.8,0,1
B110178,Agriculture,Bank,31,33314.0,44,1,0.96,0.844,3,160644.0,0.241,12.4,0,0
B110179,Transport,SACCO,39,33980.0,64,2,0.857,0.674,1,167046.0,0.246,15.4,0,0
B110180,Personal/Household,Digital Lender,44,15310.0,12,1,0.687,0.78,2,59120.0,0.193,281.7,1,0
B110181,Transport,MFI,22,23295.0,37,2,0.777,0.879,0,109163.0,0.234,23.3,0,0
B110182,Trade,SACCO,24,36418.0,26,1,0.865,0.513,1,311823.0,0.428,16.3,0,0
B110183,Trade,Bank,34,33901.0,44,3,0.853,0.717,1,67490.0,0.1,15.7,0,0
B110184,Trade,Digital Lender,23,31906.0,7,3,0.58,0.809,1,210660.0,0.33,160.5,0,1
B110185,Trade,Bank,23,45172.0,11,1,0.435,0.315,5,269138.0,0.298,17.8,0,0
B110186,Manufacturing,Bank,31,28003.0,4,0,0.784,0.708,5,156295.0,0.279,15.9,0,0
B110187,Agriculture,MFI,45,63942.0,34,2,0.981,0.77,1,429625.0,0.336,25.2,1,0
B110188,Agriculture,Bank,45,25305.0,42,0,0.701,0.632,0,109406.0,0.216,13.2,0,0
B110189,Trade,SACCO,38,43564.0,21,0,0.225,0.617,1,223856.0,0.257,15.8,0,0
B110190,Services,SACCO,37,44425.0,9,1,0.493,0.758,3,183653.0,0.207,9.3,0,0
B110191,Trade,Bank,56,12070.0,5,1,0.6,0.444,2,65315.0,0.271,14.6,0,1
B110192,Agriculture,Bank,30,37892.0,80,2,0.817,0.479,3,214246.0,0.283,17.4,0,0
B110193,Real Estate,Bank,37,20909.0,30,2,0.791,0.692,3,158153.0,0.378,13.9,0,0
B110194,Trade,Bank,29,17071.0,1,1,0.671,0.561,1,61370.0,0.18,14.2,0,0
B110195,Services,Digital Lender,22,23543.0,146,3,0.509,0.657,1,46599.0,0.099,90.3,0,0
B110196,Trade,SACCO,47,32498.0,51,0,0.606,0.764,2,237397.0,0.365,9.5,0,0
B110197,Personal/Household,Bank,32,12573.0,33,0,0.582,0.668,1,72304.0,0.288,20.1,0,0
B110198,Transport,Bank,42,30176.0,73,2,0.88,0.598,4,77948.0,0.129,12.8,0,0
B110199,Personal/Household,Digital Lender,33,26379.0,6,4,0.917,0.765,4,153934.0,0.292,211.3,0,0
B110200,Transport,Digital Lender,47,52628.0,37,5,0.922,0.774,2,334285.0,0.318,179.2,0,0
B110201,Personal/Household,Digital Lender,25,20985.0,9,1,0.93,0.898,1,105198.0,0.251,99.0,0,0
B110202,Real Estate,Bank,47,57205.0,10,0,0.798,0.77,2,207577.0,0.181,15.0,0,1
B110203,Manufacturing,MFI,44,36781.0,50,2,0.741,0.799,1,251196.0,0.341,20.2,1,0
B110204,Personal/Household,Bank,18,29190.0,25,3,0.676,0.944,4,253437.0,0.434,14.6,0,0
B110205,Manufacturing,Digital Lender,30,59905.0,26,3,0.961,0.842,2,498108.0,0.416,346.4,0,0
B110206,Manufacturing,MFI,45,85596.0,17,1,0.872,0.662,2,383302.0,0.224,15.8,1,0
B110207,Trade,SACCO,51,26481.0,39,0,0.848,0.791,1,134919.0,0.255,16.6,0,0
B110208,Agriculture,Bank,42,19790.0,19,0,0.905,0.775,1,84250.0,0.213,15.4,0,0
B110209,Agriculture,Digital Lender,31,37644.0,94,2,0.712,0.83,2,80415.0,0.107,55.6,0,0
B110210,Trade,Bank,25,13593.0,8,3,0.912,0.752,3,57318.0,0.211,14.4,0,0
B110211,Real Estate,Digital Lender,41,14537.0,25,1,0.565,0.646,1,103156.0,0.355,8.0,0,0
B110212,Trade,Bank,31,61009.0,1,1,0.785,0.646,3,313467.0,0.257,15.8,0,0
B110213,Manufacturing,Digital Lender,31,40722.0,41,1,0.75,0.541,3,265890.0,0.326,116.7,0,0
B110214,Personal/Household,Bank,33,18546.0,80,1,0.682,0.336,3,78725.0,0.212,13.0,0,0
B110215,Manufacturing,SACCO,44,166754.0,6,0,0.695,0.834,4,967494.0,0.29,14.5,0,0
B110216,Personal/Household,Digital Lender,53,13903.0,6,4,0.579,0.655,2,103324.0,0.372,217.7,0,0
B110217,Trade,Bank,45,41808.0,57,2,0.953,0.716,0,192762.0,0.231,17.1,0,0
B110218,Trade,Bank,35,19186.0,17,4,0.836,0.265,3,117784.0,0.307,14.0,1,1
B110219,Personal/Household,Bank,26,79189.0,27,0,0.875,0.793,2,278056.0,0.176,15.5,0,0
B110220,Personal/Household,Bank,42,22203.0,2,0,0.91,0.714,3,123104.0,0.277,11.8,0,0
B110221,Personal/Household,SACCO,52,25424.0,17,0,0.572,0.777,0,73770.0,0.145,8.5,0,0
B110222,Transport,Bank,45,10995.0,43,1,0.644,0.56,1,96124.0,0.437,15.6,0,0
B110223,Personal/Household,Bank,37,93476.0,79,0,0.314,0.807,1,660102.0,0.353,18.3,0,0
B110224,Personal/Household,Bank,30,21165.0,33,2,0.86,0.624,2,122671.0,0.29,10.8,0,0
B110225,Personal/Household,Bank,38,38720.0,31,2,0.63,0.775,3,320378.0,0.414,13.7,0,0
B110226,Personal/Household,Bank,47,29810.0,35,1,0.843,0.955,4,138066.0,0.232,16.5,0,0
B110227,Trade,SACCO,37,21954.0,14,3,0.745,0.697,5,136563.0,0.311,12.3,0,0
B110228,Trade,Bank,34,8732.0,22,1,0.84,0.652,0,43576.0,0.249,13.0,0,0
B110229,Agriculture,Digital Lender,28,26224.0,3,4,0.814,0.298,2,167658.0,0.32,8.0,0,1
B110230,Manufacturing,Digital Lender,61,25606.0,38,0,0.761,0.538,2,213808.0,0.417,150.5,0,0
B110231,Personal/Household,MFI,26,35430.0,79,2,0.677,0.58,2,304569.0,0.43,22.6,0,0
B110232,Agriculture,Digital Lender,25,96762.0,9,6,0.77,0.663,1,335719.0,0.173,121.5,0,1
B110233,Agriculture,SACCO,37,42382.0,68,2,0.798,0.613,4,111005.0,0.131,16.8,1,1
B110234,Personal/Household,MFI,33,47711.0,14,3,0.878,0.704,3,221602.0,0.232,23.2,0,0
B110235,Agriculture,Bank,45,25138.0,28,2,0.334,0.562,2,185744.0,0.369,17.1,0,0
B110236,Personal/Household,SACCO,46,14439.0,1,1,0.815,0.81,2,108044.0,0.374,15.6,0,0
B110237,Trade,Bank,23,25499.0,35,2,0.905,0.564,4,155579.0,0.305,17.0,0,0
B110238,Agriculture,MFI,27,19851.0,34,2,0.87,0.52,1,45675.0,0.115,21.8,0,1
B110239,Real Estate,Bank,26,28925.0,13,2,0.775,0.408,0,111800.0,0.193,17.2,0,0
B110240,Agriculture,MFI,43,22657.0,76,0,0.687,0.583,5,111506.0,0.246,18.3,0,0
B110241,Trade,SACCO,39,11817.0,40,5,0.818,0.847,4,79560.0,0.337,16.4,0,0
B110242,Agriculture,Bank,31,59685.0,25,0,0.717,0.633,1,454780.0,0.381,18.9,0,0
B110243,Agriculture,Bank,37,27517.0,5,0,0.911,0.86,2,201907.0,0.367,14.1,0,0
B110244,Agriculture,Digital Lender,24,24797.0,9,3,0.747,0.637,0,127592.0,0.257,159.5,0,1
B110245,Personal/Household,Bank,28,16194.0,6,1,0.372,0.855,2,34442.0,0.106,14.8,0,0
B110246,Trade,Bank,22,22892.0,53,2,0.391,0.739,2,50051.0,0.109,14.9,0,1
B110247,Real Estate,Bank,36,18494.0,52,2,0.727,0.682,3,161594.0,0.437,17.9,0,0
B110248,Trade,Digital Lender,36,15418.0,14,3,0.715,0.737,2,91104.0,0.295,205.9,0,0
B110249,Services,SACCO,25,32516.0,125,1,0.928,0.939,1,172839.0,0.266,11.3,0,0
B110250,Personal/Household,MFI,39,22975.0,24,2,0.919,0.87,2,104376.0,0.227,20.1,0,0
B110251,Services,Digital Lender,46,44879.0,28,2,0.619,0.818,0,192053.0,0.214,224.4,0,0
B110252,Services,SACCO,25,24387.0,38,4,0.822,0.868,2,170336.0,0.349,14.3,0,0
B110253,Agriculture,Digital Lender,32,31670.0,31,3,0.871,0.803,3,104739.0,0.165,89.3,0,0
B110254,Personal/Household,SACCO,40,31178.0,48,3,0.941,0.723,2,136815.0,0.219,16.3,0,0
B110255,Agriculture,Digital Lender,35,36741.0,1,0,0.48,0.633,5,244906.0,0.333,198.6,0,1
B110256,Services,SACCO,21,18720.0,39,2,0.535,0.629,4,124262.0,0.332,15.2,0,0
B110257,Real Estate,Bank,31,48753.0,14,0,0.777,0.873,1,433224.0,0.444,18.7,0,1
B110258,Agriculture,Bank,30,15537.0,55,1,0.713,0.681,2,138722.0,0.446,16.7,0,0
B110259,Services,Bank,33,30435.0,30,1,0.879,0.795,4,92340.0,0.152,16.0,1,0
B110260,Personal/Household,MFI,34,15326.0,54,2,0.837,0.866,1,125817.0,0.41,27.0,0,0
B110261,Services,Digital Lender,51,27822.0,58,3,0.877,0.758,2,228970.0,0.411,12.7,0,0
B110262,Trade,Digital Lender,33,48531.0,32,3,0.797,0.643,0,229008.0,0.236,240.9,1,0
B110263,Agriculture,Digital Lender,18,40357.0,63,4,0.795,0.699,0,81076.0,0.1,208.3,0,0
B110264,Agriculture,SACCO,36,53221.0,31,1,0.895,0.557,1,191403.0,0.18,8.0,0,0
B110265,Real Estate,Digital Lender,52,25165.0,22,2,0.772,0.679,5,104594.0,0.208,8.0,0,0
B110266,Real Estate,SACCO,33,49016.0,34,3,0.78,0.917,2,159028.0,0.162,16.0,0,0
B110267,Agriculture,Bank,31,20318.0,42,0,0.558,0.499,3,165886.0,0.408,14.3,0,0
B110268,Personal/Household,MFI,32,23106.0,38,1,0.484,0.62,1,140500.0,0.304,23.5,0,0
B110269,Agriculture,MFI,41,31937.0,5,1,0.426,0.503,1,267705.0,0.419,16.5,0,1
B110270,Personal/Household,Bank,32,47453.0,22,3,0.374,0.871,3,334386.0,0.352,16.4,0,0
B110271,Personal/Household,Bank,20,22004.0,62,0,0.548,0.568,4,173671.0,0.395,13.9,0,0
B110272,Transport,Bank,28,43579.0,48,2,0.759,0.654,0,116426.0,0.134,14.4,0,0
B110273,Agriculture,Bank,34,33764.0,79,1,0.898,0.66,0,294926.0,0.437,14.1,0,0
B110274,Trade,Bank,40,35785.0,13,0,0.867,0.522,2,69333.0,0.097,12.8,1,0
B110275,Trade,Digital Lender,29,18582.0,5,1,0.877,0.885,2,73843.0,0.199,30.4,0,0
B110276,Personal/Household,Bank,32,24063.0,46,0,0.664,0.683,1,36880.0,0.077,11.3,1,0
B110277,Real Estate,Digital Lender,35,28240.0,65,2,0.89,0.871,4,63309.0,0.112,210.5,0,0
B110278,Trade,Bank,27,35797.0,37,3,0.899,0.508,3,207012.0,0.289,13.4,0,0
B110279,Services,Digital Lender,34,19071.0,40,2,0.368,0.65,1,45895.0,0.12,212.5,0,0
B110280,Transport,Digital Lender,40,14609.0,78,2,0.608,0.839,1,56460.0,0.193,104.3,0,0
B110281,Personal/Household,Digital Lender,23,9200.0,33,2,0.719,0.482,4,39518.0,0.215,102.0,0,0
B110282,Real Estate,MFI,38,44810.0,15,2,0.945,0.612,1,296433.0,0.331,15.6,0,0
B110283,Services,SACCO,24,49974.0,79,1,0.291,0.541,1,423862.0,0.424,15.7,0,0
B110284,Trade,Bank,24,9845.0,39,1,0.701,0.59,2,45118.0,0.229,17.4,0,0
B110285,Trade,MFI,28,30996.0,5,0,0.64,0.651,2,163994.0,0.265,20.8,0,0
B110286,Services,Digital Lender,49,24163.0,63,1,0.643,0.331,1,117858.0,0.244,206.6,0,0
B110287,Services,Bank,18,58068.0,32,2,0.786,0.686,2,485179.0,0.418,16.5,0,0
B110288,Manufacturing,Bank,30,26486.0,72,3,0.78,0.672,3,163362.0,0.308,14.9,0,0
B110289,Trade,Digital Lender,35,40136.0,54,3,0.555,0.955,1,233529.0,0.291,294.5,1,0
B110290,Agriculture,Bank,47,23532.0,39,2,0.883,0.34,3,161575.0,0.343,17.6,0,1
B110291,Personal/Household,SACCO,54,20376.0,7,1,0.629,0.751,0,47981.0,0.118,8.0,1,0
B110292,Personal/Household,Bank,31,45342.0,32,1,0.803,0.652,4,245963.0,0.271,12.9,0,0
B110293,Agriculture,Bank,40,53804.0,5,1,0.862,0.639,0,120124.0,0.112,12.7,0,0
B110294,Trade,Bank,34,14796.0,43,2,0.855,0.898,1,72924.0,0.246,16.2,0,0
B110295,Transport,MFI,34,55734.0,10,1,0.624,0.61,1,220996.0,0.198,14.3,1,0
B110296,Personal/Household,Digital Lender,38,17394.0,17,1,0.83,0.869,4,136775.0,0.393,184.8,0,0
B110297,Real Estate,Digital Lender,19,8245.0,6,2,0.831,0.85,4,26787.0,0.162,233.4,0,0
B110298,Transport,Bank,35,29910.0,7,3,0.945,0.762,2,150916.0,0.252,16.2,0,0
B110299,Services,Bank,40,39299.0,64,1,0.425,0.852,2,116043.0,0.148,15.5,0,0
B110300,Agriculture,Digital Lender,26,12918.0,24,2,0.607,0.606,1,90821.0,0.352,8.0,0,0
B110301,Manufacturing,Bank,40,9991.0,2,4,0.418,0.928,1,88527.0,0.443,12.5,0,1
B110302,Transport,Bank,18,22649.0,27,0,0.635,0.834,0,36416.0,0.08,10.7,0,0
B110303,Manufacturing,MFI,36,21042.0,5,3,0.877,0.826,5,41446.0,0.098,23.9,0,1
B110304,Personal/Household,Digital Lender,48,63151.0,16,2,0.619,0.921,2,118140.0,0.094,8.0,0,0
B110305,Transport,Bank,33,29931.0,8,0,0.815,0.67,5,88633.0,0.148,15.5,0,0
B110306,Manufacturing,Bank,25,44534.0,61,0,0.546,0.691,3,214608.0,0.241,13.6,0,0
B110307,Trade,Digital Lender,21,33367.0,20,0,0.775,0.528,1,150963.0,0.226,24.7,0,0
B110308,Personal/Household,Digital Lender,39,70459.0,55,3,0.675,0.467,1,186839.0,0.133,8.0,0,0
B110309,Trade,SACCO,44,18207.0,29,1,0.825,0.769,2,121416.0,0.333,10.3,0,1
B110310,Trade,SACCO,34,28329.0,16,1,0.677,0.872,1,181682.0,0.321,11.5,0,0
B110311,Manufacturing,Digital Lender,30,12544.0,8,2,0.941,0.454,2,105484.0,0.42,263.5,0,0
B110312,Manufacturing,SACCO,18,46456.0,78,0,0.664,0.701,2,133589.0,0.144,8.0,0,0
B110313,Services,Digital Lender,36,54869.0,39,2,0.495,0.714,1,315235.0,0.287,324.5,0,1
B110314,Personal/Household,MFI,28,48051.0,6,0,0.778,0.507,3,289315.0,0.301,10.0,0,0
B110315,Personal/Household,Bank,29,27762.0,33,1,0.598,0.596,4,58838.0,0.106,12.4,0,0
B110316,Agriculture,Digital Lender,51,13106.0,14,1,0.693,0.545,6,93028.0,0.355,142.0,0,0
B110317,Manufacturing,SACCO,18,28353.0,39,4,0.586,0.608,1,182769.0,0.322,15.8,0,0
B110318,Services,Bank,18,20481.0,78,1,0.638,0.379,3,133562.0,0.326,15.5,0,1
B110319,Real Estate,SACCO,37,49388.0,4,4,0.81,0.931,0,376009.0,0.381,12.7,0,0
B110320,Personal/Household,Digital Lender,31,23513.0,14,4,0.873,0.569,2,129479.0,0.275,9.0,0,0
B110321,Manufacturing,Bank,30,23239.0,5,3,0.818,0.522,1,168657.0,0.363,13.9,0,0
B110322,Agriculture,Digital Lender,38,98291.0,30,2,0.898,0.66,1,881198.0,0.448,257.6,0,0
B110323,Transport,Bank,38,46149.0,19,2,0.798,0.496,1,86006.0,0.093,12.8,0,0
B110324,Trade,SACCO,25,53732.0,10,2,0.737,0.751,4,252028.0,0.235,13.7,0,0
B110325,Trade,Digital Lender,29,22434.0,30,4,0.701,0.686,1,133736.0,0.298,67.8,0,0
B110326,Agriculture,Digital Lender,35,16233.0,8,0,0.701,0.889,1,64550.0,0.199,8.0,0,0
B110327,Trade,Digital Lender,37,53463.0,36,2,0.731,0.794,3,164703.0,0.154,19.2,0,0
B110328,Agriculture,SACCO,40,67552.0,6,2,0.511,0.537,2,400606.0,0.297,12.1,0,0
B110329,Services,MFI,29,14653.0,14,3,0.789,0.509,0,46659.0,0.159,28.2,0,0
B110330,Real Estate,SACCO,38,22368.0,39,2,0.847,0.798,4,58035.0,0.13,16.3,1,0
B110331,Personal/Household,Bank,45,17983.0,62,0,0.653,0.6,0,123236.0,0.343,17.5,0,0
B110332,Manufacturing,MFI,35,38746.0,58,3,0.856,0.442,1,93245.0,0.12,20.9,0,0
B110333,Trade,MFI,34,54041.0,23,2,0.794,0.673,1,204294.0,0.189,17.8,0,0
B110334,Trade,MFI,33,24281.0,1,3,0.682,0.874,2,53662.0,0.11,25.0,0,0
B110335,Services,MFI,29,24242.0,47,0,0.875,0.725,1,116407.0,0.24,15.5,0,0
B110336,Transport,Bank,26,10135.0,37,3,0.559,0.251,6,51185.0,0.252,9.4,0,0
B110337,Services,Bank,32,17591.0,56,3,0.846,0.793,4,51415.0,0.146,15.2,0,0
B110338,Agriculture,Bank,40,68120.0,36,2,0.849,0.341,3,200211.0,0.147,17.3,0,0
B110339,Personal/Household,MFI,26,38986.0,32,1,0.99,0.76,3,70644.0,0.091,32.5,0,0
B110340,Personal/Household,Bank,34,49487.0,14,0,0.638,0.299,3,287729.0,0.291,16.5,0,0
B110341,Services,Digital Lender,33,24323.0,30,0,0.936,0.58,3,62835.0,0.129,36.1,0,0
B110342,Trade,Bank,53,25586.0,38,3,0.854,0.823,2,171211.0,0.335,19.7,0,0
B110343,Services,Digital Lender,42,30039.0,17,4,0.532,0.875,2,231191.0,0.385,116.6,0,0
B110344,Real Estate,Bank,42,35537.0,64,1,0.937,0.378,2,207178.0,0.291,18.1,0,0
B110345,Personal/Household,Digital Lender,44,63375.0,9,1,0.767,0.448,0,544028.0,0.429,181.5,1,1
B110346,Manufacturing,SACCO,30,20537.0,20,3,0.427,0.836,1,86878.0,0.212,11.6,0,1
B110347,Manufacturing,Digital Lender,49,27558.0,82,2,0.915,0.751,1,76007.0,0.138,212.5,0,1
B110348,Agriculture,Digital Lender,37,19220.0,3,5,0.925,0.505,0,48929.0,0.127,259.8,0,1
B110349,Personal/Household,SACCO,35,10072.0,13,0,0.828,0.791,1,60040.0,0.298,12.2,0,0
B110350,Agriculture,Bank,23,49320.0,40,0,0.979,0.725,1,149649.0,0.152,15.2,0,0
B110351,Manufacturing,MFI,31,77738.0,32,4,0.798,0.62,2,166129.0,0.107,18.7,0,0
B110352,Manufacturing,Bank,18,45297.0,2,1,0.952,0.758,0,327846.0,0.362,15.5,0,0
B110353,Personal/Household,Digital Lender,33,33747.0,75,2,0.698,0.709,1,102599.0,0.152,250.2,0,0
B110354,Real Estate,Digital Lender,29,82404.0,14,1,0.608,0.619,2,182241.0,0.111,61.9,1,0
B110355,Personal/Household,Bank,31,38269.0,67,2,0.744,0.895,1,327031.0,0.427,14.6,0,0
B110356,Manufacturing,SACCO,21,46236.0,25,0,0.705,0.716,4,264104.0,0.286,13.8,0,0
B110357,Transport,Bank,42,32130.0,18,3,0.952,0.337,1,288697.0,0.449,14.2,1,0
B110358,Transport,SACCO,41,34945.0,94,1,0.836,0.587,1,276602.0,0.396,10.6,0,0
B110359,Personal/Household,SACCO,52,27636.0,26,0,0.911,0.387,4,162257.0,0.294,8.0,0,1
B110360,Personal/Household,MFI,52,47001.0,12,2,0.838,0.56,2,273715.0,0.291,12.4,0,1
B110361,Manufacturing,Digital Lender,37,16314.0,51,1,0.62,0.371,3,32018.0,0.098,122.5,0,1
B110362,Trade,Bank,45,37444.0,76,2,0.688,0.878,0,288440.0,0.385,16.4,0,0
B110363,Transport,Digital Lender,38,18598.0,7,4,0.797,0.422,3,158514.0,0.426,15.1,0,1
B110364,Trade,SACCO,31,39357.0,5,1,0.887,0.768,2,128632.0,0.163,19.3,0,0
B110365,Trade,Bank,32,110943.0,13,0,0.897,0.796,4,360274.0,0.162,16.4,0,0
B110366,Personal/Household,MFI,41,43692.0,62,0,0.743,0.707,3,215911.0,0.247,20.5,0,0
B110367,Real Estate,Bank,70,56707.0,4,1,0.806,0.347,2,145806.0,0.129,14.3,0,1
B110368,Manufacturing,SACCO,47,48843.0,13,1,0.658,0.914,2,210066.0,0.215,13.4,1,0
B110369,Services,Digital Lender,37,8274.0,39,6,0.765,0.634,2,21165.0,0.128,8.0,0,0
B110370,Agriculture,Bank,40,27655.0,11,2,0.868,0.666,1,136428.0,0.247,16.1,0,0
B110371,Trade,Bank,40,38038.0,0,1,0.888,0.728,1,196337.0,0.258,15.1,0,0
B110372,Trade,MFI,34,9425.0,0,0,0.937,0.318,1,81494.0,0.432,21.7,0,1
B110373,Agriculture,Bank,43,25435.0,42,1,0.991,0.706,1,95056.0,0.187,16.9,0,0
B110374,Personal/Household,Bank,33,28465.0,21,3,0.65,0.869,2,191469.0,0.336,16.8,0,0
B110375,Personal/Household,SACCO,25,15103.0,48,1,0.766,0.543,2,48055.0,0.159,9.6,0,0
B110376,Manufacturing,MFI,40,17443.0,2,0,0.663,0.487,0,154949.0,0.444,10.8,1,0
B110377,Agriculture,Digital Lender,41,62041.0,119,1,0.742,0.716,1,220570.0,0.178,220.3,0,0
B110378,Manufacturing,MFI,34,8000.0,145,3,0.866,0.481,1,15671.0,0.098,19.6,0,0
B110379,Trade,SACCO,38,34520.0,14,0,0.589,0.75,2,100914.0,0.146,16.8,0,0
B110380,Personal/Household,Bank,45,56385.0,8,1,0.759,0.58,5,456766.0,0.405,13.7,0,0
B110381,Transport,Bank,34,29292.0,13,2,0.516,0.716,1,168511.0,0.288,17.0,0,0
B110382,Trade,MFI,31,64521.0,16,1,0.836,0.499,0,129711.0,0.101,12.1,0,0
B110383,Personal/Household,SACCO,28,23504.0,96,1,0.517,0.415,4,191951.0,0.408,12.8,0,0
B110384,Personal/Household,Digital Lender,32,18074.0,14,3,0.895,0.791,1,143174.0,0.396,182.4,0,0
B110385,Agriculture,Bank,50,29579.0,4,2,0.631,0.947,3,245108.0,0.414,14.4,0,0
B110386,Transport,MFI,33,24104.0,22,0,0.705,0.641,5,86717.0,0.18,23.2,0,0
B110387,Transport,SACCO,39,21709.0,40,1,0.962,0.685,1,121509.0,0.28,14.2,0,0
B110388,Trade,Bank,32,26923.0,45,2,0.718,0.613,4,102172.0,0.19,13.9,0,0
B110389,Trade,Digital Lender,31,19233.0,68,5,0.821,0.48,0,32886.0,0.085,200.2,0,0
B110390,Personal/Household,Bank,26,18754.0,37,3,0.484,0.774,2,75337.0,0.201,11.1,0,0
B110391,Services,Digital Lender,36,16041.0,16,2,0.722,0.849,6,44776.0,0.14,245.8,0,1
B110392,Manufacturing,MFI,30,37388.0,74,2,0.639,0.364,0,319099.0,0.427,16.7,0,0
B110393,Manufacturing,Bank,48,17164.0,45,1,0.841,0.848,3,89918.0,0.262,14.7,0,0
B110394,Transport,SACCO,34,15016.0,13,0,0.649,0.515,3,38022.0,0.127,13.4,0,0
B110395,Real Estate,Bank,35,16473.0,37,0,0.927,0.605,4,52045.0,0.158,13.2,0,1
B110396,Trade,SACCO,33,33293.0,18,2,0.705,0.768,2,296537.0,0.445,11.6,0,0
B110397,Real Estate,Digital Lender,39,42966.0,21,0,0.715,0.483,1,145261.0,0.169,315.4,0,0
B110398,Services,MFI,50,44939.0,2,3,0.859,0.615,3,401650.0,0.447,24.7,0,0
B110399,Personal/Household,Bank,25,33452.0,1,2,0.77,0.63,0,294003.0,0.439,12.6,0,0
B110400,Services,MFI,38,39917.0,13,1,0.71,0.767,1,258627.0,0.324,14.1,0,0
B110401,Trade,MFI,19,28850.0,30,0,0.604,0.568,2,77934.0,0.135,16.6,0,0
B110402,Manufacturing,SACCO,47,38199.0,71,0,0.894,0.611,2,276736.0,0.362,17.2,1,1
B110403,Transport,SACCO,34,37878.0,4,3,0.907,0.84,1,237096.0,0.313,10.7,0,1
B110404,Trade,MFI,20,19904.0,19,0,0.605,0.493,0,149749.0,0.376,20.3,0,0
B110405,Trade,Digital Lender,22,16455.0,1,2,0.879,0.621,2,105512.0,0.321,181.4,0,0
B110406,Personal/Household,Digital Lender,43,62548.0,9,4,0.902,0.639,3,260334.0,0.208,148.9,0,0
B110407,Transport,SACCO,18,31855.0,18,0,0.86,0.806,2,108685.0,0.171,11.2,0,0
B110408,Transport,Bank,38,53023.0,100,0,0.784,0.876,3,368293.0,0.347,13.2,0,0
B110409,Agriculture,MFI,31,16236.0,1,0,0.447,0.304,1,118759.0,0.366,20.3,0,0
B110410,Manufacturing,MFI,33,23788.0,8,1,0.748,0.777,1,98824.0,0.208,18.6,0,0
B110411,Trade,Digital Lender,28,13945.0,17,1,0.852,0.558,0,79057.0,0.283,105.4,0,0
B110412,Trade,Digital Lender,25,42424.0,62,1,0.54,0.567,2,275714.0,0.325,37.0,0,0
B110413,Manufacturing,Digital Lender,30,21206.0,3,3,0.624,0.453,2,53041.0,0.125,284.8,0,0
B110414,Agriculture,Bank,41,21920.0,3,1,0.825,0.667,4,177059.0,0.404,11.9,0,0
B110415,Services,SACCO,32,87177.0,10,2,0.961,0.612,2,377611.0,0.217,13.9,0,0
B110416,Real Estate,Digital Lender,39,42893.0,14,1,0.608,0.369,1,260526.0,0.304,86.9,0,0
B110417,Trade,Bank,33,42606.0,45,1,0.901,0.573,3,205897.0,0.242,13.4,0,0
B110418,Trade,Bank,41,15350.0,22,1,0.909,0.685,0,47524.0,0.155,13.3,0,1
B110419,Personal/Household,Bank,39,10704.0,9,1,0.902,0.537,3,85583.0,0.4,11.5,0,0
B110420,Trade,SACCO,30,50709.0,10,1,0.706,0.663,1,403290.0,0.398,9.4,1,0
B110421,Trade,MFI,25,8671.0,23,3,0.877,0.888,2,61680.0,0.356,23.0,0,0
B110422,Real Estate,Bank,45,22564.0,27,5,0.819,0.824,1,147807.0,0.328,11.8,0,0
B110423,Agriculture,MFI,27,19027.0,57,1,0.898,0.974,1,49660.0,0.13,22.6,0,1
B110424,Transport,Digital Lender,40,17875.0,14,2,0.817,0.949,0,118627.0,0.332,257.0,0,0
B110425,Manufacturing,Digital Lender,35,23330.0,17,3,0.89,0.923,3,71494.0,0.153,8.0,0,0
B110426,Trade,Digital Lender,30,16636.0,23,1,0.767,0.558,0,93149.0,0.28,187.9,0,0
B110427,Personal/Household,Digital Lender,39,15233.0,27,3,0.607,0.796,0,85866.0,0.282,135.2,0,0
B110428,Real Estate,SACCO,49,34211.0,39,1,0.867,0.705,2,122563.0,0.179,14.5,0,0
B110429,Transport,Digital Lender,41,53449.0,12,1,0.81,0.767,7,271274.0,0.254,118.1,0,0
B110430,Trade,MFI,36,11442.0,29,0,0.791,0.83,1,36365.0,0.159,24.8,0,0
B110431,Transport,Digital Lender,51,33109.0,24,4,0.766,0.288,4,88204.0,0.133,214.6,0,0
B110432,Agriculture,Digital Lender,18,40046.0,10,0,0.71,0.941,2,61661.0,0.077,320.5,0,0
B110433,Manufacturing,SACCO,24,38009.0,128,4,0.668,0.662,3,248601.0,0.327,15.1,0,0
B110434,Agriculture,MFI,30,26326.0,23,3,0.883,0.758,2,102993.0,0.196,16.5,0,0
B110435,Services,Bank,49,21410.0,0,1,0.915,0.794,1,183501.0,0.429,14.7,0,0
B110436,Agriculture,Bank,44,45126.0,5,2,0.851,0.667,1,229237.0,0.254,13.2,0,0
B110437,Services,Bank,18,35754.0,84,2,0.543,0.671,2,229968.0,0.322,14.3,0,0
B110438,Services,Bank,31,10490.0,36,1,0.405,0.407,1,92423.0,0.441,17.2,0,0
B110439,Real Estate,MFI,22,26329.0,4,1,0.783,0.692,1,98735.0,0.187,22.0,0,0
B110440,Agriculture,Bank,35,30654.0,56,2,0.928,0.81,4,140930.0,0.23,13.8,0,0
B110441,Real Estate,Digital Lender,44,16292.0,39,6,0.739,0.676,3,57288.0,0.176,22.9,0,0
B110442,Services,SACCO,45,26007.0,24,0,0.848,0.858,1,118875.0,0.229,16.2,0,0
B110443,Transport,Digital Lender,38,38962.0,6,1,0.755,0.839,1,328915.0,0.422,52.7,0,0
B110444,Manufacturing,MFI,31,18863.0,138,0,0.892,0.549,0,135498.0,0.359,20.9,0,0
B110445,Trade,Bank,34,33798.0,40,1,0.774,0.604,0,195015.0,0.288,12.5,0,0
B110446,Personal/Household,Bank,42,17253.0,34,3,0.739,0.707,3,47347.0,0.137,14.5,0,0
B110447,Trade,Digital Lender,58,15060.0,1,2,0.824,0.836,3,44950.0,0.149,210.8,0,0
B110448,Trade,Bank,23,41713.0,14,1,0.777,0.753,2,224423.0,0.269,16.7,0,0
B110449,Agriculture,SACCO,51,56710.0,8,1,0.527,0.682,1,130457.0,0.115,12.3,0,0
B110450,Real Estate,Bank,37,15506.0,20,0,0.553,0.696,2,119358.0,0.385,14.7,0,0
B110451,Services,Bank,43,50220.0,5,5,0.742,0.761,2,118586.0,0.118,17.0,0,0
B110452,Personal/Household,Bank,37,29520.0,31,1,0.909,0.687,4,233766.0,0.396,18.7,0,0
B110453,Trade,MFI,49,8801.0,43,1,0.72,0.723,1,73429.0,0.417,20.0,0,1
B110454,Agriculture,Bank,38,13505.0,19,2,0.774,0.548,2,23499.0,0.087,16.9,1,0
B110455,Personal/Household,Digital Lender,29,41546.0,70,0,0.761,0.647,2,358226.0,0.431,173.7,0,0
B110456,Manufacturing,Bank,40,12171.0,73,2,0.827,0.754,2,105386.0,0.433,17.1,0,0
B110457,Trade,Bank,46,21158.0,15,1,0.693,0.277,2,178718.0,0.422,15.6,1,0
B110458,Real Estate,Bank,35,28432.0,13,4,0.832,0.901,1,157266.0,0.277,14.6,1,0
B110459,Transport,Digital Lender,18,38041.0,9,4,0.614,0.434,0,111492.0,0.147,277.8,0,0
B110460,Services,SACCO,34,32911.0,4,4,0.696,0.591,0,106216.0,0.161,17.8,0,1
B110461,Transport,SACCO,36,70453.0,51,1,0.625,0.624,0,286762.0,0.204,15.5,0,0
B110462,Trade,MFI,35,18983.0,19,1,0.759,0.445,5,51600.0,0.136,15.9,0,0
B110463,Personal/Household,Digital Lender,30,31390.0,27,2,0.918,0.677,2,237533.0,0.378,104.7,0,0
B110464,Agriculture,Bank,48,38137.0,39,1,0.791,0.759,2,59729.0,0.078,14.0,0,0
B110465,Personal/Household,Digital Lender,18,43995.0,4,4,0.545,0.879,5,75284.0,0.086,50.3,0,0
B110466,Real Estate,Digital Lender,36,53008.0,1,1,0.574,0.746,3,243922.0,0.23,144.4,0,0
B110467,Trade,Bank,36,23418.0,0,5,0.836,0.68,1,145959.0,0.312,15.4,0,1
B110468,Real Estate,Bank,56,42545.0,10,0,0.761,0.885,3,123896.0,0.146,15.9,0,1
B110469,Agriculture,MFI,35,17868.0,16,1,0.68,0.482,2,56180.0,0.157,23.0,0,0
B110470,Agriculture,Bank,39,28489.0,1,0,0.603,0.808,0,47605.0,0.084,15.6,1,0
B110471,Manufacturing,Bank,36,39171.0,3,2,0.806,0.64,1,97511.0,0.124,12.1,1,1
B110472,Personal/Household,MFI,36,50841.0,11,0,0.692,0.823,2,254630.0,0.25,22.1,0,0
B110473,Personal/Household,Bank,53,40685.0,31,1,0.829,0.801,1,196380.0,0.241,10.7,0,0
B110474,Real Estate,SACCO,24,31251.0,6,0,0.595,0.881,1,167385.0,0.268,13.2,0,0
B110475,Trade,MFI,28,28461.0,11,2,0.86,0.656,2,169086.0,0.297,16.3,0,0
B110476,Manufacturing,SACCO,43,40209.0,10,1,0.853,0.727,2,248166.0,0.309,12.3,0,0
B110477,Real Estate,MFI,38,99118.0,28,1,0.991,0.546,0,584799.0,0.295,19.8,0,0
B110478,Trade,MFI,32,47573.0,10,0,0.841,0.814,2,134198.0,0.141,21.2,0,0
B110479,Services,MFI,34,36675.0,9,2,0.603,0.849,1,186612.0,0.254,21.0,0,0
B110480,Services,Digital Lender,44,14004.0,4,3,0.718,0.441,2,121127.0,0.432,214.2,0,1
B110481,Trade,Bank,40,18686.0,41,3,0.819,0.83,0,103736.0,0.278,15.4,0,0
B110482,Personal/Household,SACCO,28,24878.0,5,1,0.996,0.681,5,93221.0,0.187,13.5,0,0
B110483,Transport,Digital Lender,37,49046.0,23,4,0.788,0.443,1,388361.0,0.396,249.8,0,0
B110484,Agriculture,SACCO,35,17761.0,95,2,0.754,0.655,2,34059.0,0.096,9.4,0,1
B110485,Transport,Bank,40,42334.0,49,2,0.797,0.505,2,180825.0,0.214,17.2,0,0
B110486,Trade,Bank,32,31756.0,21,1,0.683,0.884,0,256032.0,0.403,14.7,0,0
B110487,Trade,SACCO,23,36142.0,86,0,0.678,0.439,3,115703.0,0.16,13.5,0,0
B110488,Services,SACCO,42,26403.0,19,0,0.902,0.832,3,206936.0,0.392,8.3,0,1
B110489,Transport,Digital Lender,40,21415.0,26,6,0.694,0.455,0,73224.0,0.171,88.9,0,0
B110490,Agriculture,SACCO,49,17404.0,11,1,0.873,0.716,3,117250.0,0.337,12.6,0,0
B110491,Real Estate,Bank,22,41622.0,8,1,0.801,0.958,2,316673.0,0.38,15.9,0,0
B110492,Services,Digital Lender,34,28504.0,106,2,0.412,0.626,1,170405.0,0.299,80.0,0,0
B110493,Real Estate,SACCO,33,16441.0,98,4,0.797,0.636,2,134096.0,0.408,10.7,0,0
B110494,Services,Digital Lender,31,33618.0,52,4,0.975,0.63,1,296124.0,0.44,217.4,0,0
B110495,Personal/Household,Digital Lender,20,195402.0,4,5,0.685,0.921,1,1176220.0,0.301,222.8,0,0
B110496,Agriculture,MFI,24,26614.0,10,1,0.791,0.838,1,96342.0,0.181,21.8,0,0
B110497,Personal/Household,SACCO,38,73847.0,16,1,0.891,0.785,0,620605.0,0.42,11.6,0,0
B110498,Transport,SACCO,30,8000.0,1,1,0.592,0.663,3,59247.0,0.37,12.1,0,0
B110499,Personal/Household,Bank,27,25623.0,48,1,0.738,0.741,0,114528.0,0.223,14.0,0,0
B110500,Agriculture,MFI,49,50268.0,43,0,0.82,0.488,0,139814.0,0.139,21.3,0,1
B110501,Trade,Bank,59,29988.0,6,0,0.467,0.744,3,121689.0,0.203,14.8,0,0
B110502,Trade,Bank,34,20880.0,19,1,0.931,0.71,1,55591.0,0.133,14.1,0,0
B110503,Transport,SACCO,20,29304.0,9,1,0.778,0.492,2,207135.0,0.353,14.6,0,0
B110504,Personal/Household,Bank,39,51114.0,3,3,0.75,0.782,1,316288.0,0.309,12.5,0,0
B110505,Personal/Household,Digital Lender,18,96654.0,10,4,0.895,0.885,1,839669.0,0.434,68.2,0,0
B110506,Transport,MFI,21,53425.0,10,0,0.824,0.528,3,402499.0,0.377,22.8,0,0
B110507,Trade,Digital Lender,39,22525.0,15,1,0.839,0.842,5,150420.0,0.334,99.1,1,0
B110508,Trade,SACCO,21,26158.0,40,1,0.693,0.815,4,58496.0,0.112,11.5,0,0
B110509,Personal/Household,Digital Lender,32,26265.0,5,4,0.686,0.395,4,153895.0,0.293,411.0,0,1
B110510,Manufacturing,MFI,20,18454.0,25,3,0.205,0.73,4,72572.0,0.197,19.5,0,1
B110511,Personal/Household,Digital Lender,36,27302.0,2,4,0.635,0.916,2,71379.0,0.131,123.1,0,0
B110512,Trade,MFI,46,25576.0,4,1,0.955,0.882,2,154575.0,0.302,17.6,0,0
B110513,Real Estate,Digital Lender,29,15363.0,25,1,0.902,0.803,2,86574.0,0.282,177.3,1,0
B110514,Services,MFI,35,47144.0,16,2,0.681,0.741,2,409084.0,0.434,15.9,1,0
B110515,Trade,Bank,27,37478.0,34,1,0.708,0.556,0,118909.0,0.159,14.5,0,0
B110516,Trade,SACCO,28,20899.0,100,2,0.889,0.912,5,153814.0,0.368,17.8,0,0
B110517,Transport,MFI,27,32251.0,50,2,0.615,0.717,4,93019.0,0.144,21.7,0,0
B110518,Transport,Bank,43,17492.0,21,1,0.928,0.795,2,59986.0,0.171,16.4,0,1
B110519,Services,Bank,21,21944.0,21,1,0.782,0.688,0,159285.0,0.363,13.1,0,0
B110520,Services,Bank,32,43400.0,4,1,0.865,0.766,0,375080.0,0.432,15.6,0,0
B110521,Personal/Household,Digital Lender,39,38525.0,10,3,0.805,0.594,0,304059.0,0.395,80.3,0,0
B110522,Trade,SACCO,44,22421.0,3,1,0.842,0.476,0,110529.0,0.246,8.0,0,0
B110523,Manufacturing,Bank,39,35288.0,19,2,0.436,0.38,2,84527.0,0.12,16.1,1,0
B110524,Services,Digital Lender,34,28541.0,43,3,0.695,0.916,3,210075.0,0.368,279.2,0,0
B110525,Real Estate,SACCO,29,17180.0,106,1,0.878,0.811,2,138928.0,0.404,11.1,1,0
B110526,Services,SACCO,44,27120.0,2,1,0.838,0.627,2,192909.0,0.356,17.1,0,0
B110527,Transport,SACCO,26,37708.0,5,0,0.833,0.877,2,159128.0,0.211,15.2,0,0
B110528,Trade,Bank,26,35185.0,47,0,0.645,0.606,2,156880.0,0.223,18.2,1,0
B110529,Manufacturing,Bank,49,11720.0,56,0,0.536,0.846,1,70130.0,0.299,17.3,0,0
B110530,Personal/Household,Digital Lender,39,32577.0,27,1,0.673,0.802,0,205020.0,0.315,207.5,0,1
B110531,Trade,Digital Lender,39,30151.0,21,0,0.824,0.268,3,109245.0,0.181,123.5,0,1
B110532,Agriculture,Digital Lender,41,10467.0,5,1,0.787,0.492,1,70730.0,0.338,203.7,0,0
B110533,Personal/Household,Bank,34,19064.0,5,1,0.741,0.493,1,131783.0,0.346,14.8,0,0
B110534,Trade,Digital Lender,21,38964.0,6,2,0.83,0.853,1,229158.0,0.294,8.0,0,0
B110535,Agriculture,MFI,38,63681.0,50,1,0.584,0.821,1,417854.0,0.328,19.0,0,0
B110536,Personal/Household,SACCO,35,12061.0,13,3,0.918,0.354,3,82472.0,0.342,14.3,0,1
B110537,Personal/Household,Bank,26,50951.0,6,1,0.883,0.764,2,128806.0,0.126,16.7,0,0
B110538,Manufacturing,Digital Lender,24,10570.0,11,2,0.517,0.852,0,86666.0,0.41,172.3,0,0
B110539,Services,Digital Lender,35,64128.0,5,4,0.838,0.773,0,275669.0,0.215,303.6,0,0
B110540,Services,Bank,21,26075.0,29,0,0.768,0.697,2,218837.0,0.42,17.0,0,0
B110541,Real Estate,Digital Lender,34,20068.0,16,6,0.399,0.706,0,141548.0,0.353,73.5,0,1
B110542,Trade,SACCO,32,36134.0,60,1,0.737,0.471,1,108153.0,0.15,19.7,0,0
B110543,Personal/Household,Bank,34,17512.0,15,1,0.777,0.619,4,40160.0,0.115,15.0,0,0
B110544,Agriculture,Bank,39,39488.0,15,2,0.851,0.813,2,333177.0,0.422,13.3,0,0
B110545,Personal/Household,SACCO,41,27773.0,17,3,0.873,0.797,1,95124.0,0.171,11.6,0,0
B110546,Transport,Bank,28,8000.0,17,1,0.801,0.943,1,58412.0,0.365,19.6,0,0
B110547,Real Estate,Bank,44,19036.0,1,2,0.655,0.436,2,72603.0,0.191,17.1,0,0
B110548,Manufacturing,Digital Lender,33,33028.0,96,3,0.955,0.732,2,222951.0,0.338,103.6,0,0
B110549,Manufacturing,SACCO,53,53453.0,52,3,0.922,0.81,2,452567.0,0.423,10.2,0,0
B110550,Services,Digital Lender,29,35679.0,11,2,0.797,0.787,1,105002.0,0.147,197.8,0,0
B110551,Trade,SACCO,19,52986.0,2,0,0.74,0.858,2,133718.0,0.126,19.3,0,0
B110552,Services,MFI,43,18184.0,107,0,0.611,0.481,1,123651.0,0.34,26.7,0,0
B110553,Trade,Digital Lender,39,44365.0,32,3,0.78,0.665,1,325887.0,0.367,169.7,0,0
B110554,Personal/Household,Bank,47,44776.0,5,3,0.651,0.63,4,179745.0,0.201,11.0,0,0
B110555,Services,Bank,38,12124.0,18,1,0.587,0.726,1,31671.0,0.131,14.1,0,1
B110556,Real Estate,SACCO,58,54433.0,17,1,0.734,0.67,0,340440.0,0.313,13.3,0,0
B110557,Trade,Digital Lender,33,35598.0,12,2,0.729,0.362,1,66977.0,0.094,286.4,0,0
B110558,Personal/Household,Bank,45,25468.0,8,2,0.967,0.583,3,91890.0,0.18,14.5,0,0
B110559,Personal/Household,Digital Lender,30,25228.0,54,5,0.781,0.858,1,219127.0,0.434,156.1,0,0
B110560,Agriculture,Digital Lender,40,16799.0,63,3,0.937,0.612,1,138576.0,0.412,68.2,1,0
B110561,Manufacturing,MFI,42,42064.0,14,3,0.545,0.704,1,199940.0,0.238,26.1,0,0
B110562,Personal/Household,MFI,43,35106.0,25,1,0.722,0.32,0,222666.0,0.317,16.9,0,1
B110563,Trade,Bank,43,40971.0,44,0,0.835,0.834,1,128730.0,0.157,17.6,0,0
B110564,Transport,SACCO,18,31053.0,69,1,0.972,0.504,3,266522.0,0.429,12.4,0,0
B110565,Real Estate,Bank,34,33296.0,29,2,0.631,0.469,0,149307.0,0.224,14.8,1,0
B110566,Trade,MFI,29,25267.0,11,1,0.799,0.82,2,200678.0,0.397,21.8,0,0
B110567,Personal/Household,Bank,31,53757.0,33,0,0.808,0.716,1,400297.0,0.372,16.9,0,0
B110568,Agriculture,Digital Lender,32,41502.0,38,3,0.588,0.644,4,88808.0,0.107,151.5,0,0
B110569,Services,Bank,45,32698.0,28,3,0.807,0.66,2,80330.0,0.123,14.6,0,0
B110570,Manufacturing,MFI,37,27611.0,59,1,0.654,0.626,1,141834.0,0.257,19.8,0,0
B110571,Manufacturing,Bank,30,11244.0,38,0,0.863,0.595,5,86857.0,0.386,13.7,0,0
B110572,Real Estate,Bank,20,9981.0,18,4,0.708,0.564,3,72412.0,0.363,10.6,0,0
B110573,Real Estate,Bank,50,24281.0,4,0,0.699,0.53,0,85768.0,0.177,15.8,0,0
B110574,Personal/Household,Digital Lender,29,59741.0,30,0,0.86,0.752,1,521697.0,0.437,207.4,0,0
B110575,Transport,SACCO,34,20178.0,26,2,0.98,0.385,2,87871.0,0.218,12.2,0,0
B110576,Personal/Household,MFI,56,20619.0,43,1,0.521,0.843,0,165582.0,0.402,22.3,0,0
B110577,Real Estate,Digital Lender,29,17417.0,9,10,0.778,0.677,2,29185.0,0.084,166.8,0,1
B110578,Agriculture,Bank,32,14622.0,77,1,0.798,0.7,2,31159.0,0.107,16.6,0,0
B110579,Trade,Digital Lender,37,17985.0,7,1,0.686,0.47,0,48813.0,0.136,134.6,0,0
B110580,Personal/Household,Bank,19,34657.0,96,3,0.593,0.807,0,290409.0,0.419,14.2,1,0
B110581,Real Estate,Digital Lender,18,22686.0,30,1,0.647,0.898,3,111606.0,0.246,303.4,0,0
B110582,Manufacturing,Digital Lender,30,22127.0,57,2,0.513,0.519,3,58529.0,0.132,30.1,0,1
B110583,Real Estate,Digital Lender,31,21069.0,27,6,0.766,0.731,3,34638.0,0.082,185.4,1,1
B110584,Real Estate,Bank,36,33872.0,8,2,0.873,0.835,1,215422.0,0.318,14.0,0,0
B110585,Personal/Household,MFI,25,36852.0,41,0,0.842,0.644,2,182137.0,0.247,25.8,0,0
B110586,Transport,Digital Lender,39,10637.0,3,1,0.475,0.853,1,86252.0,0.405,239.5,0,0
B110587,Services,MFI,18,19572.0,11,3,0.729,0.504,5,48595.0,0.124,15.8,0,0
B110588,Trade,Bank,34,28306.0,66,1,0.724,0.888,2,175375.0,0.31,19.8,0,0
B110589,Manufacturing,MFI,39,37851.0,26,0,0.583,0.806,6,70291.0,0.093,22.3,0,0
B110590,Trade,Bank,38,31896.0,12,1,0.932,0.294,4,151057.0,0.237,17.4,0,0
B110591,Personal/Household,MFI,33,46750.0,33,1,0.798,0.787,2,395585.0,0.423,22.3,0,0
B110592,Transport,Bank,28,13677.0,14,2,0.754,0.894,2,69707.0,0.255,16.8,0,0
B110593,Real Estate,SACCO,33,37360.0,48,1,0.865,0.697,2,201506.0,0.27,16.0,1,1
B110594,Personal/Household,Bank,47,91878.0,22,3,0.715,0.678,2,655629.0,0.357,15.8,0,1
B110595,Real Estate,Bank,29,30523.0,3,0,0.83,0.648,3,230837.0,0.378,16.2,0,0
B110596,Agriculture,Bank,45,31215.0,16,2,0.931,0.898,2,243141.0,0.389,14.9,0,0
B110597,Real Estate,Digital Lender,46,39561.0,11,1,0.894,0.375,3,233653.0,0.295,210.1,0,0
B110598,Trade,MFI,18,22028.0,22,1,0.805,0.444,0,194503.0,0.441,24.5,0,0
B110599,Services,SACCO,34,17663.0,18,1,0.687,0.696,3,154079.0,0.436,15.5,0,0
B110600,Personal/Household,Digital Lender,25,30697.0,27,2,0.768,0.515,1,181722.0,0.296,309.8,0,0
B110601,Personal/Household,SACCO,20,11972.0,72,2,0.842,0.92,1,27005.0,0.113,17.7,0,0
B110602,Personal/Household,MFI,43,36967.0,10,1,0.749,0.547,1,70933.0,0.096,23.2,0,0
B110603,Personal/Household,SACCO,40,40558.0,3,2,0.864,0.842,2,144922.0,0.179,16.6,0,0
B110604,Real Estate,Bank,38,12307.0,40,3,0.722,0.793,0,105285.0,0.428,14.0,0,0
B110605,Trade,MFI,24,32521.0,13,0,0.738,0.641,1,274629.0,0.422,20.2,0,0
B110606,Agriculture,Bank,37,26395.0,31,1,0.729,0.63,1,107635.0,0.204,12.4,0,0
B110607,Services,Digital Lender,22,67026.0,26,4,0.838,0.301,3,419575.0,0.313,20.1,0,0
B110608,Services,MFI,36,61109.0,3,2,0.904,0.469,0,226574.0,0.185,16.3,1,0
B110609,Personal/Household,Bank,28,47235.0,29,2,0.77,0.547,1,288898.0,0.306,15.9,0,0
B110610,Trade,SACCO,46,57865.0,83,4,0.513,0.96,0,367646.0,0.318,9.7,0,1
B110611,Trade,Bank,31,24322.0,9,0,0.942,0.664,1,118355.0,0.243,15.1,0,0
B110612,Personal/Household,MFI,37,34302.0,11,1,0.701,0.643,1,247563.0,0.361,16.2,0,0
B110613,Trade,Digital Lender,37,25878.0,18,2,0.862,0.706,5,133862.0,0.259,162.5,0,0
B110614,Transport,Digital Lender,34,17181.0,16,1,0.811,0.551,2,70473.0,0.205,178.5,0,0
B110615,Agriculture,SACCO,36,31116.0,7,2,0.788,0.656,2,267483.0,0.43,10.9,0,0
B110616,Agriculture,MFI,38,28402.0,8,2,0.647,0.59,0,163868.0,0.288,18.9,0,0
B110617,Transport,MFI,26,26602.0,39,1,0.825,0.781,1,95299.0,0.179,15.7,0,0
B110618,Services,Bank,39,28779.0,21,2,0.902,0.786,1,257508.0,0.447,14.0,0,0
B110619,Personal/Household,SACCO,44,30744.0,8,1,0.847,0.742,2,178047.0,0.29,12.2,0,0
B110620,Manufacturing,MFI,39,48452.0,24,1,0.661,0.638,2,319597.0,0.33,19.2,0,0
B110621,Real Estate,Bank,31,21559.0,48,1,0.824,0.869,0,123946.0,0.287,12.6,1,0
B110622,Services,Bank,37,14709.0,70,3,0.799,0.589,0,120117.0,0.408,13.5,1,0
B110623,Manufacturing,Bank,31,43170.0,2,2,0.817,0.573,1,82317.0,0.095,14.1,0,0
B110624,Manufacturing,Bank,34,47625.0,6,1,0.939,0.541,0,399181.0,0.419,14.7,0,0
B110625,Personal/Household,Bank,23,36202.0,30,2,0.608,0.651,4,198771.0,0.275,13.4,0,0
B110626,Agriculture,MFI,49,15893.0,56,2,0.79,0.727,3,133953.0,0.421,22.5,0,0
B110627,Trade,MFI,54,27658.0,59,2,0.938,0.699,2,97445.0,0.176,25.1,0,0
B110628,Personal/Household,MFI,28,34779.0,23,1,0.642,0.748,1,312670.0,0.449,13.6,0,0
B110629,Transport,Bank,43,16521.0,10,2,0.757,0.655,3,84033.0,0.254,15.7,0,0
B110630,Trade,MFI,50,19527.0,76,2,0.779,0.581,1,88427.0,0.226,23.6,0,0
B110631,Agriculture,Digital Lender,25,27430.0,106,3,0.66,0.547,2,217523.0,0.396,86.1,0,0
B110632,Services,Bank,18,56989.0,52,2,0.595,0.408,0,230449.0,0.202,12.2,0,0
B110633,Transport,Bank,50,33652.0,7,3,0.781,0.574,0,220989.0,0.328,17.1,1,1
B110634,Transport,MFI,35,21701.0,22,2,0.818,0.544,3,134166.0,0.309,14.3,0,0
B110635,Trade,Bank,30,26611.0,48,2,0.901,0.788,1,177849.0,0.334,14.1,0,0
B110636,Services,Bank,35,20610.0,13,3,0.852,0.811,1,129335.0,0.314,13.7,1,0
B110637,Services,MFI,31,23704.0,41,0,0.739,0.655,0,125307.0,0.264,16.4,0,0
B110638,Manufacturing,Bank,65,44234.0,29,0,0.898,0.566,3,96727.0,0.109,16.9,0,0
B110639,Agriculture,Digital Lender,30,10342.0,28,2,0.786,0.788,1,69661.0,0.337,203.0,0,0
B110640,Personal/Household,Digital Lender,38,61281.0,25,2,0.874,0.682,2,460679.0,0.376,194.7,0,0
B110641,Personal/Household,MFI,48,99116.0,51,2,0.95,0.813,2,443394.0,0.224,17.2,0,0
B110642,Personal/Household,MFI,48,32513.0,18,3,0.86,0.75,1,222158.0,0.342,19.1,0,0
B110643,Services,Digital Lender,46,18824.0,17,7,0.98,0.719,1,143622.0,0.381,174.2,0,0
B110644,Transport,MFI,31,56375.0,29,2,0.865,0.811,0,140043.0,0.124,27.0,0,0
B110645,Agriculture,Digital Lender,33,34644.0,155,1,0.959,0.494,3,79248.0,0.114,207.2,0,0
B110646,Manufacturing,Digital Lender,18,22264.0,38,4,0.74,0.818,4,53405.0,0.12,200.3,0,0
B110647,Personal/Household,Bank,34,17421.0,3,2,0.842,0.729,1,121498.0,0.349,16.6,0,0
B110648,Agriculture,Bank,35,23785.0,18,2,0.806,0.344,3,166940.0,0.351,14.6,0,0
B110649,Agriculture,Bank,42,33055.0,18,0,0.908,0.346,3,163861.0,0.248,15.3,0,0
B110650,Personal/Household,Digital Lender,53,48656.0,24,3,0.85,0.654,3,411509.0,0.423,353.3,0,0
B110651,Real Estate,Bank,42,34763.0,54,0,0.841,0.688,1,123550.0,0.178,16.2,0,0
B110652,Personal/Household,SACCO,46,38168.0,24,2,0.961,0.671,3,309702.0,0.406,8.5,0,0
B110653,Trade,MFI,35,24747.0,98,1,0.749,0.848,1,217003.0,0.438,16.8,0,0
B110654,Agriculture,Digital Lender,48,47582.0,3,6,0.927,0.361,2,158205.0,0.166,91.2,0,0
B110655,Agriculture,Digital Lender,35,26537.0,2,3,0.762,0.768,1,109588.0,0.206,8.0,0,0
B110656,Personal/Household,Bank,46,81707.0,4,2,0.717,0.896,0,330001.0,0.202,11.9,0,0
B110657,Personal/Household,Bank,43,20764.0,2,1,0.563,0.91,1,145819.0,0.351,11.9,0,0
B110658,Real Estate,MFI,39,36947.0,95,5,0.463,0.713,1,107147.0,0.145,15.7,1,1
B110659,Real Estate,Digital Lender,20,99128.0,28,2,0.846,0.895,1,625224.0,0.315,162.5,0,0
B110660,Trade,SACCO,46,52737.0,32,2,0.812,0.622,4,399462.0,0.379,12.1,0,1
B110661,Personal/Household,MFI,39,44801.0,16,0,0.895,0.602,3,322159.0,0.36,20.0,1,0
B110662,Services,Digital Lender,42,35005.0,38,3,0.679,0.615,3,110254.0,0.157,84.6,0,0
B110663,Personal/Household,MFI,38,30609.0,53,2,0.655,0.671,2,90838.0,0.148,29.5,0,1
B110664,Agriculture,Bank,40,27021.0,57,5,0.817,0.376,0,77412.0,0.143,15.3,0,1
B110665,Transport,Digital Lender,48,21829.0,16,4,0.93,0.647,2,70341.0,0.161,176.0,0,0
B110666,Agriculture,MFI,30,12776.0,57,1,0.875,0.817,3,36467.0,0.143,22.0,0,0
B110667,Trade,Digital Lender,40,42291.0,13,0,0.711,0.599,2,354961.0,0.42,253.0,0,0
B110668,Trade,Bank,27,12760.0,4,0,0.431,0.775,4,60075.0,0.235,15.1,0,0
B110669,Trade,SACCO,41,42543.0,75,1,0.648,0.703,1,303640.0,0.357,12.7,0,1
B110670,Trade,Bank,38,25082.0,132,2,0.652,0.367,3,186794.0,0.372,17.4,0,1
B110671,Personal/Household,MFI,29,17580.0,3,1,0.914,0.807,2,82585.0,0.235,19.7,0,0
B110672,Agriculture,Bank,36,64417.0,4,1,0.446,0.769,5,296185.0,0.23,11.1,0,0
B110673,Personal/Household,SACCO,29,13400.0,25,1,0.766,0.754,1,54702.0,0.204,13.2,0,0
B110674,Services,Bank,31,20612.0,88,1,0.912,0.418,2,153724.0,0.373,17.7,0,0
B110675,Manufacturing,Bank,39,21699.0,34,1,0.834,0.811,4,92914.0,0.214,18.1,0,0
B110676,Manufacturing,Bank,38,32282.0,86,1,0.977,0.906,2,107260.0,0.166,15.6,0,0
B110677,Personal/Household,MFI,18,21227.0,10,1,0.895,0.809,1,184079.0,0.434,20.8,0,0
B110678,Trade,MFI,39,66433.0,6,0,0.657,0.683,3,425744.0,0.32,15.6,0,0
B110679,Real Estate,SACCO,32,13986.0,0,2,0.817,0.638,4,79627.0,0.285,14.1,0,0
B110680,Manufacturing,SACCO,31,281245.0,59,3,0.875,0.753,2,2330098.0,0.414,15.7,0,0
B110681,Personal/Household,MFI,24,16609.0,5,2,0.743,0.786,1,99596.0,0.3,22.5,0,0
B110682,Personal/Household,MFI,35,151105.0,16,3,0.591,0.601,0,915573.0,0.303,17.2,0,0
B110683,Personal/Household,Bank,30,54240.0,18,3,0.584,0.853,1,339200.0,0.313,19.6,0,0
B110684,Personal/Household,MFI,48,27983.0,8,1,0.493,0.351,1,142910.0,0.255,16.7,0,1
B110685,Manufacturing,Digital Lender,18,33680.0,11,3,0.493,0.757,2,289598.0,0.43,179.7,0,0
B110686,Personal/Household,MFI,25,24141.0,12,1,0.895,0.681,1,97731.0,0.202,20.4,0,0
B110687,Personal/Household,Digital Lender,25,35986.0,16,0,0.807,0.551,2,165313.0,0.23,8.0,0,0
B110688,Manufacturing,Bank,38,19824.0,19,0,0.747,0.852,1,92128.0,0.232,14.6,0,0
B110689,Services,SACCO,47,43912.0,22,1,0.715,0.769,1,231492.0,0.264,14.5,0,0
B110690,Personal/Household,SACCO,40,32863.0,14,2,0.788,0.839,0,126088.0,0.192,17.8,0,0
B110691,Manufacturing,SACCO,24,17253.0,15,2,0.751,0.722,1,58280.0,0.169,11.0,1,1
B110692,Trade,SACCO,31,37606.0,136,3,0.935,0.731,1,296615.0,0.394,13.0,0,0
B110693,Agriculture,Bank,27,36351.0,39,0,0.914,0.805,1,197671.0,0.272,17.8,0,0
B110694,Personal/Household,SACCO,40,20042.0,7,3,0.793,0.592,2,130120.0,0.325,17.1,0,0
B110695,Trade,MFI,31,23500.0,1,2,0.976,0.584,2,68751.0,0.146,22.9,0,0
B110696,Real Estate,MFI,21,39414.0,46,0,0.697,0.515,2,147993.0,0.188,23.4,0,0
B110697,Transport,Bank,41,54171.0,21,1,0.859,0.932,5,481750.0,0.445,13.9,0,0
B110698,Personal/Household,Bank,48,27495.0,43,3,0.806,0.433,2,43756.0,0.08,16.0,0,0
B110699,Personal/Household,Digital Lender,33,49606.0,7,1,0.928,0.897,3,189139.0,0.191,228.3,0,0
B110700,Personal/Household,Bank,36,56494.0,44,5,0.76,0.541,3,313280.0,0.277,14.0,0,0
B110701,Real Estate,Bank,20,60888.0,3,2,0.679,0.536,4,232603.0,0.191,12.0,0,0
B110702,Trade,Bank,18,37397.0,28,1,0.774,0.74,1,114898.0,0.154,13.4,0,0
B110703,Transport,SACCO,18,18107.0,71,0,0.823,0.794,1,132227.0,0.365,11.1,0,0
B110704,Trade,SACCO,35,48543.0,52,1,0.71,0.869,0,382431.0,0.394,14.7,0,0
B110705,Manufacturing,Digital Lender,32,26762.0,5,3,0.723,0.673,4,210227.0,0.393,53.7,0,0
B110706,Services,MFI,40,39284.0,3,5,0.819,0.608,2,60657.0,0.077,19.2,0,0
B110707,Manufacturing,Bank,33,21037.0,13,2,0.57,0.553,5,93979.0,0.223,15.0,0,0
B110708,Transport,Bank,45,21373.0,49,0,0.768,0.764,2,85355.0,0.2,18.3,0,0
B110709,Transport,Bank,44,20216.0,25,1,0.925,0.783,2,84314.0,0.209,12.3,0,0
B110710,Personal/Household,SACCO,32,14347.0,53,2,0.758,0.582,3,112850.0,0.393,12.1,0,0
B110711,Real Estate,Digital Lender,25,21532.0,1,2,0.407,0.713,3,55959.0,0.13,211.3,0,1
B110712,Manufacturing,Bank,18,16846.0,101,1,0.604,0.796,3,40322.0,0.12,12.9,0,0
B110713,Trade,Bank,49,40597.0,35,0,0.724,0.921,2,347347.0,0.428,15.2,0,0
B110714,Transport,SACCO,26,16553.0,18,1,0.944,0.584,3,131254.0,0.396,13.1,0,0
B110715,Agriculture,MFI,20,20575.0,60,2,0.503,0.571,4,62395.0,0.152,20.9,0,0
B110716,Manufacturing,SACCO,36,29785.0,78,0,0.735,0.887,0,62216.0,0.104,10.0,0,0
B110717,Personal/Household,MFI,20,80566.0,57,0,0.792,0.66,2,270048.0,0.168,14.3,0,0
B110718,Trade,Bank,36,20320.0,3,1,0.711,0.722,0,77565.0,0.191,11.1,0,0
B110719,Manufacturing,MFI,32,13902.0,30,2,0.584,0.729,4,23682.0,0.085,21.9,1,0
B110720,Trade,Bank,44,14450.0,35,2,0.887,0.658,0,30598.0,0.106,17.4,0,0
B110721,Agriculture,SACCO,43,18521.0,20,1,0.881,0.803,1,74867.0,0.202,16.2,0,0
B110722,Trade,Bank,46,20718.0,28,2,0.615,0.449,2,73617.0,0.178,14.1,0,0
B110723,Trade,MFI,37,105613.0,11,1,0.942,0.898,2,467307.0,0.221,17.3,0,0
B110724,Services,Digital Lender,26,50600.0,82,4,0.856,0.812,1,409794.0,0.405,32.6,0,0
B110725,Services,MFI,25,25003.0,4,1,0.48,0.756,2,39124.0,0.078,15.4,0,0
B110726,Personal/Household,Bank,30,82378.0,4,2,0.853,0.797,2,544406.0,0.33,14.3,0,0
B110727,Transport,Digital Lender,55,21228.0,21,3,0.995,0.664,3,184582.0,0.435,112.9,0,0
B110728,Personal/Household,Bank,33,23714.0,87,3,0.747,0.918,0,143570.0,0.303,16.8,0,0
B110729,Services,Digital Lender,37,22944.0,5,2,0.597,0.581,1,162620.0,0.354,219.3,0,0
B110730,Manufacturing,Bank,50,52301.0,71,2,0.871,0.651,1,247288.0,0.236,12.0,0,0
B110731,Trade,Digital Lender,38,28610.0,51,3,0.851,0.519,1,106998.0,0.187,11.6,0,0
B110732,Personal/Household,Bank,28,68120.0,5,1,0.88,0.506,4,181073.0,0.133,17.1,0,0
B110733,Services,Bank,42,37749.0,30,0,0.858,0.829,0,262836.0,0.348,13.4,0,0
B110734,Agriculture,Digital Lender,31,49018.0,24,3,0.708,0.871,2,126297.0,0.129,244.7,1,0
B110735,Real Estate,MFI,38,10950.0,57,1,0.523,0.853,0,49550.0,0.226,17.7,0,0
B110736,Agriculture,Bank,40,11678.0,230,3,0.944,0.543,1,65396.0,0.28,14.1,0,0
B110737,Real Estate,Bank,30,11891.0,21,2,0.462,0.772,2,47508.0,0.2,16.6,0,0
B110738,Personal/Household,Bank,37,23495.0,14,1,0.57,0.717,2,70680.0,0.15,11.1,0,0
B110739,Agriculture,Bank,51,12754.0,6,1,0.879,0.64,2,89891.0,0.352,15.5,0,0
B110740,Services,MFI,29,58816.0,34,3,0.702,0.454,2,89617.0,0.076,23.1,1,0
B110741,Personal/Household,MFI,48,26647.0,7,1,0.774,0.451,4,89256.0,0.167,28.7,0,0
B110742,Trade,Digital Lender,29,41708.0,82,1,0.559,0.783,2,355792.0,0.427,118.0,0,0
B110743,Personal/Household,Digital Lender,53,22680.0,57,3,0.889,0.949,3,118981.0,0.262,188.0,0,0
B110744,Personal/Household,Digital Lender,26,46800.0,77,3,0.956,0.766,0,221121.0,0.236,41.2,0,0
B110745,Manufacturing,MFI,31,10089.0,42,2,0.884,0.773,1,16666.0,0.083,22.2,0,0
B110746,Manufacturing,MFI,50,28944.0,8,4,0.97,0.846,3,219873.0,0.38,22.1,0,0
B110747,Personal/Household,MFI,51,39159.0,9,1,0.789,0.667,0,336505.0,0.43,14.3,0,0
B110748,Real Estate,Bank,43,41017.0,33,0,0.937,0.447,1,335292.0,0.409,17.9,0,0
B110749,Trade,Bank,24,24966.0,101,2,0.716,0.766,1,112853.0,0.226,13.8,0,0
B110750,Agriculture,Digital Lender,36,11602.0,13,3,0.874,0.712,4,48036.0,0.207,305.7,0,0
B110751,Agriculture,SACCO,35,51855.0,52,0,0.643,0.508,0,263995.0,0.255,14.6,1,0
B110752,Personal/Household,Bank,26,23963.0,7,2,0.58,0.794,3,166602.0,0.348,16.2,0,0
B110753,Trade,MFI,42,25136.0,195,3,0.499,0.653,1,135255.0,0.269,17.2,0,1
B110754,Transport,Bank,27,100767.0,25,1,0.901,0.781,2,750967.0,0.373,13.9,0,0
B110755,Real Estate,MFI,22,31355.0,1,1,0.484,0.919,1,127698.0,0.204,20.5,0,0
B110756,Personal/Household,Bank,19,22350.0,15,0,0.504,0.504,2,107896.0,0.241,17.6,0,0
B110757,Manufacturing,Digital Lender,52,21626.0,33,3,0.675,0.81,2,168239.0,0.389,85.8,0,0
B110758,Services,MFI,30,42397.0,39,2,0.743,0.504,3,238749.0,0.282,24.6,0,0
B110759,Services,MFI,30,18930.0,20,1,0.57,0.826,4,85166.0,0.225,17.4,0,0
B110760,Trade,SACCO,25,39397.0,0,1,0.795,0.793,3,161610.0,0.205,16.2,0,0
B110761,Personal/Household,Digital Lender,49,54488.0,1,5,0.897,0.665,0,115063.0,0.106,176.6,1,0
B110762,Trade,Digital Lender,21,28323.0,1,7,0.862,0.76,2,121822.0,0.215,186.6,1,1
B110763,Personal/Household,MFI,23,51190.0,36,2,0.77,0.308,0,198544.0,0.194,22.9,0,0
B110764,Transport,Bank,32,28628.0,14,2,0.753,0.76,2,72225.0,0.126,14.9,0,0
B110765,Agriculture,SACCO,35,20372.0,18,2,0.793,0.683,3,122234.0,0.3,15.5,0,1
B110766,Agriculture,Digital Lender,42,11902.0,7,1,0.849,0.64,2,89101.0,0.374,201.2,0,0
B110767,Real Estate,Digital Lender,28,34590.0,69,4,0.651,0.667,0,308165.0,0.445,184.7,1,0
B110768,Personal/Household,MFI,50,34991.0,19,0,0.878,0.33,3,82051.0,0.117,18.9,0,0
B110769,Personal/Household,SACCO,28,51007.0,12,3,0.889,0.886,1,341661.0,0.335,10.0,0,0
B110770,Trade,Bank,25,48374.0,25,3,0.452,0.892,2,173663.0,0.179,11.2,0,0
B110771,Agriculture,Bank,24,92693.0,12,2,0.909,0.45,1,771148.0,0.416,13.9,0,1
B110772,Real Estate,Bank,27,21600.0,5,1,0.716,0.591,2,88050.0,0.204,13.9,0,0
B110773,Transport,Bank,23,36161.0,11,2,0.652,0.418,3,147556.0,0.204,16.5,0,0
B110774,Trade,MFI,43,20370.0,16,2,0.637,0.61,0,175622.0,0.431,20.1,0,0
B110775,Agriculture,Bank,25,49590.0,8,0,0.75,0.642,3,405048.0,0.408,15.9,0,0
B110776,Services,SACCO,34,17858.0,7,1,0.847,0.362,2,104933.0,0.294,15.2,0,0
B110777,Real Estate,SACCO,25,49145.0,28,3,0.663,0.701,1,384455.0,0.391,12.3,0,0
B110778,Personal/Household,Bank,23,19829.0,9,1,0.609,0.728,1,114320.0,0.288,15.0,0,0
B110779,Manufacturing,SACCO,46,45324.0,17,4,0.934,0.558,2,358971.0,0.396,10.7,0,0
B110780,Real Estate,Bank,51,57731.0,1,1,0.815,0.499,3,292668.0,0.253,11.2,0,0
B110781,Transport,Bank,48,12648.0,60,1,0.873,0.553,2,103119.0,0.408,18.7,0,0
B110782,Agriculture,Digital Lender,20,14172.0,29,3,0.868,0.769,3,98428.0,0.347,208.2,0,1
B110783,Agriculture,Bank,22,33833.0,1,1,0.835,0.386,1,99989.0,0.148,13.7,1,0
B110784,Services,Bank,55,31909.0,9,2,0.904,0.656,3,199832.0,0.313,18.8,0,0
B110785,Personal/Household,SACCO,32,25319.0,16,1,0.774,0.431,2,58864.0,0.116,13.1,0,0
B110786,Personal/Household,Bank,21,22881.0,21,1,0.507,0.595,2,45960.0,0.1,14.1,0,0
B110787,Trade,Bank,46,18576.0,7,0,0.66,0.312,3,95354.0,0.257,15.4,0,0
B110788,Trade,SACCO,36,35671.0,2,2,0.712,0.59,1,241945.0,0.339,11.8,0,0
B110789,Trade,SACCO,41,17493.0,5,1,0.713,0.662,2,48234.0,0.138,8.5,0,0
B110790,Services,MFI,18,36365.0,70,2,0.866,0.817,2,126577.0,0.174,21.6,0,0
B110791,Personal/Household,Digital Lender,32,21679.0,11,7,0.841,0.609,3,140371.0,0.324,68.0,0,1
B110792,Manufacturing,Bank,44,23565.0,158,3,0.499,0.497,2,157451.0,0.334,13.8,0,0
B110793,Services,MFI,29,58028.0,30,1,0.851,0.569,3,301390.0,0.26,19.0,0,0
B110794,Trade,Bank,47,50260.0,10,2,0.8,0.917,1,450019.0,0.448,15.1,0,0
B110795,Manufacturing,Bank,22,17184.0,48,3,0.735,0.687,1,100969.0,0.294,14.7,0,0
B110796,Trade,Digital Lender,34,18396.0,54,0,0.86,0.754,2,62779.0,0.171,236.5,0,0
B110797,Agriculture,SACCO,51,45607.0,0,2,0.711,0.595,2,280118.0,0.307,13.1,0,0
B110798,Services,Bank,23,13513.0,25,2,0.671,0.662,1,115043.0,0.426,18.6,0,0
B110799,Personal/Household,MFI,38,66151.0,9,2,0.63,0.68,4,117772.0,0.089,26.6,0,1
B110800,Trade,Bank,41,32027.0,21,1,0.813,0.65,1,124835.0,0.195,11.0,0,0
B110801,Agriculture,SACCO,36,21633.0,72,3,0.753,0.673,0,62665.0,0.145,12.7,0,0
B110802,Transport,Bank,32,29905.0,3,3,0.63,0.622,2,49200.0,0.082,16.1,0,0
B110803,Trade,Digital Lender,26,62856.0,9,2,0.84,0.917,3,391770.0,0.312,234.2,0,0
B110804,Manufacturing,Bank,37,9208.0,30,2,0.765,0.552,0,80541.0,0.437,14.3,1,0
B110805,Transport,Bank,34,52285.0,2,1,0.839,0.768,0,189393.0,0.181,12.9,1,0
B110806,Agriculture,Digital Lender,21,57354.0,13,3,0.667,0.647,0,390039.0,0.34,102.2,0,0
B110807,Agriculture,Digital Lender,46,24922.0,6,1,0.885,0.843,3,186699.0,0.375,202.5,0,0
B110808,Agriculture,Bank,26,28585.0,62,1,0.72,0.852,1,72974.0,0.128,11.9,1,1
B110809,Services,MFI,21,32050.0,30,1,0.605,0.538,2,76616.0,0.12,16.6,0,0
B110810,Real Estate,Digital Lender,29,44509.0,24,4,0.552,0.732,1,384518.0,0.432,91.1,0,1
B110811,Transport,SACCO,26,19903.0,22,0,0.877,0.645,1,90659.0,0.228,18.2,0,0
B110812,Agriculture,SACCO,32,29496.0,20,1,0.629,0.549,0,51170.0,0.087,10.1,0,0
B110813,Personal/Household,SACCO,23,28143.0,20,1,0.706,0.724,1,153920.0,0.273,14.6,1,0
B110814,Trade,Digital Lender,39,43190.0,0,0,0.743,0.429,6,231778.0,0.268,8.0,0,0
B110815,Trade,MFI,49,129506.0,4,3,0.668,0.811,0,219245.0,0.085,20.0,0,1
B110816,Personal/Household,Bank,36,19858.0,19,3,0.858,0.317,3,71046.0,0.179,15.8,0,0
B110817,Personal/Household,MFI,21,31050.0,57,0,0.824,0.613,1,135383.0,0.218,22.4,0,0
B110818,Agriculture,SACCO,26,19566.0,18,5,0.301,0.408,3,148440.0,0.379,17.1,0,1
B110819,Agriculture,MFI,37,22723.0,32,1,0.662,0.904,1,149792.0,0.33,19.2,0,1
B110820,Services,Bank,18,16452.0,52,2,0.687,0.819,2,101839.0,0.309,14.0,0,0
B110821,Trade,SACCO,23,12813.0,0,0,0.553,0.571,2,76472.0,0.298,8.0,0,0
B110822,Trade,MFI,19,56986.0,61,4,0.483,0.829,3,379174.0,0.333,23.2,1,1
B110823,Real Estate,Digital Lender,36,36165.0,88,1,0.728,0.7,1,219298.0,0.303,66.1,0,0
B110824,Agriculture,Bank,57,31291.0,14,3,0.87,0.273,0,76683.0,0.123,13.8,0,0
B110825,Transport,SACCO,22,18386.0,220,1,0.858,0.415,1,132689.0,0.361,12.5,0,0
B110826,Personal/Household,MFI,43,28532.0,1,2,0.721,0.607,2,101976.0,0.179,20.6,0,0
B110827,Manufacturing,Bank,29,15741.0,7,1,0.67,0.725,4,84214.0,0.267,13.5,0,0
B110828,Transport,MFI,22,29290.0,5,2,0.844,0.737,3,259929.0,0.444,21.3,0,0
B110829,Real Estate,Bank,51,35723.0,29,2,0.868,0.906,0,223724.0,0.313,14.8,0,0
B110830,Personal/Household,Digital Lender,57,22062.0,55,1,0.838,0.542,1,101739.0,0.231,132.7,0,1
B110831,Trade,SACCO,39,19609.0,62,1,0.592,0.815,1,46840.0,0.119,14.7,0,0
B110832,Agriculture,Bank,39,22680.0,16,2,0.884,0.552,0,67961.0,0.15,16.7,0,0
B110833,Personal/Household,MFI,36,46544.0,48,1,0.747,0.826,1,111621.0,0.12,13.8,0,0
B110834,Agriculture,Digital Lender,34,33220.0,30,3,0.867,0.684,1,60800.0,0.092,206.7,0,0
B110835,Trade,Bank,38,12286.0,14,2,0.6,0.587,1,48273.0,0.196,12.8,0,0
B110836,Agriculture,Digital Lender,42,44263.0,65,2,0.773,0.819,2,168551.0,0.19,95.6,0,0
B110837,Personal/Household,Bank,52,40086.0,48,3,0.435,0.353,2,78712.0,0.098,19.7,0,0
B110838,Trade,Bank,30,32955.0,25,0,0.907,0.858,1,109471.0,0.166,16.9,0,0
B110839,Personal/Household,MFI,36,73504.0,85,0,0.688,0.634,2,653822.0,0.445,17.5,0,0
B110840,Personal/Household,Bank,34,30125.0,3,2,0.974,0.638,3,201414.0,0.334,13.4,0,0
B110841,Transport,Digital Lender,45,37681.0,45,4,0.533,0.556,0,147182.0,0.195,146.5,0,0
B110842,Agriculture,SACCO,59,38491.0,20,2,0.901,0.758,2,333894.0,0.434,10.2,0,0
B110843,Personal/Household,SACCO,46,48174.0,14,1,0.76,0.518,0,405645.0,0.421,14.1,0,0
B110844,Trade,SACCO,43,26303.0,79,0,0.836,0.703,2,195628.0,0.372,10.9,0,0
B110845,Services,SACCO,44,20855.0,17,1,0.599,0.577,2,145226.0,0.348,8.0,0,1
B110846,Personal/Household,SACCO,48,50777.0,3,1,0.905,0.525,1,392272.0,0.386,16.0,1,1
B110847,Trade,SACCO,59,49352.0,20,0,0.853,0.755,2,327665.0,0.332,8.0,0,1
B110848,Personal/Household,Digital Lender,18,59944.0,40,2,0.831,0.63,2,335700.0,0.28,30.2,0,0
B110849,Manufacturing,MFI,41,37368.0,7,1,0.799,0.466,1,283205.0,0.379,29.8,0,0
B110850,Real Estate,Bank,18,12006.0,0,1,0.755,0.56,4,69497.0,0.289,16.2,0,0
B110851,Real Estate,MFI,45,32541.0,41,0,0.566,0.932,1,149921.0,0.23,15.2,1,1
B110852,Transport,MFI,41,30289.0,13,2,0.514,0.569,2,230986.0,0.381,23.8,0,0
B110853,Personal/Household,Bank,30,58466.0,64,0,0.9,0.746,0,204437.0,0.175,14.8,0,0
B110854,Services,MFI,18,53217.0,40,2,0.702,0.373,2,160469.0,0.151,27.4,0,0
B110855,Agriculture,Bank,35,41650.0,23,0,0.894,0.886,2,95314.0,0.114,14.6,0,0
B110856,Transport,Bank,37,9508.0,7,1,0.82,0.762,0,61833.0,0.325,11.8,0,0
B110857,Personal/Household,Digital Lender,34,18889.0,28,3,0.751,0.565,2,169137.0,0.448,179.8,0,0
B110858,Transport,Digital Lender,29,24334.0,0,4,0.86,0.33,2,170155.0,0.35,137.0,0,0
B110859,Manufacturing,Bank,26,24643.0,4,3,0.724,0.495,5,80295.0,0.163,15.6,0,1
B110860,Real Estate,Digital Lender,34,32591.0,21,3,0.827,0.698,2,155745.0,0.239,89.2,0,0
B110861,Personal/Household,Digital Lender,27,67112.0,12,3,0.814,0.579,0,574555.0,0.428,124.7,0,1
B110862,Agriculture,Digital Lender,43,45642.0,27,2,0.719,0.686,2,288208.0,0.316,71.4,1,0
B110863,Trade,Bank,34,17936.0,5,1,0.874,0.824,1,99886.0,0.278,14.2,0,0
B110864,Manufacturing,Bank,18,18849.0,4,4,0.741,0.433,3,55299.0,0.147,14.1,0,0
B110865,Agriculture,MFI,37,17936.0,41,1,0.816,0.306,0,28004.0,0.078,16.0,0,0
B110866,Trade,SACCO,39,27882.0,62,0,0.845,0.353,4,231475.0,0.415,11.7,1,0
B110867,Trade,SACCO,51,46307.0,17,1,0.704,0.69,0,213159.0,0.23,11.2,0,0
B110868,Personal/Household,SACCO,44,50524.0,49,3,0.693,0.649,1,85868.0,0.085,16.9,0,0
B110869,Services,Digital Lender,26,24175.0,45,3,0.875,0.79,2,133232.0,0.276,142.8,0,0
B110870,Real Estate,Digital Lender,49,29244.0,1,7,0.677,0.853,1,109739.0,0.188,128.8,0,1
B110871,Trade,MFI,21,74667.0,81,1,0.705,0.552,2,613909.0,0.411,25.1,0,1
B110872,Personal/Household,Digital Lender,35,13139.0,3,6,0.903,0.641,2,93889.0,0.357,160.4,0,0
B110873,Agriculture,Digital Lender,43,42230.0,94,0,0.962,0.542,2,114551.0,0.136,93.3,0,0
B110874,Services,Bank,50,39794.0,30,2,0.801,0.388,2,243565.0,0.306,12.4,0,0
B110875,Manufacturing,Digital Lender,54,25257.0,26,3,0.766,0.905,0,86391.0,0.171,145.6,0,0
B110876,Agriculture,Bank,48,29432.0,2,3,0.876,0.851,0,221337.0,0.376,15.5,1,0
B110877,Manufacturing,Bank,34,37463.0,43,1,0.69,0.742,2,143059.0,0.191,12.6,1,0
B110878,Agriculture,Digital Lender,41,25286.0,2,3,0.801,0.568,2,198151.0,0.392,71.7,0,1
B110879,Personal/Household,MFI,37,20938.0,28,3,0.667,0.39,2,90919.0,0.217,16.0,0,0
B110880,Trade,MFI,28,20088.0,5,3,0.61,0.816,1,119084.0,0.296,24.0,1,1
B110881,Personal/Household,Digital Lender,34,82801.0,50,1,0.826,0.416,2,359146.0,0.217,283.0,0,0
B110882,Personal/Household,Bank,53,23338.0,16,3,0.846,0.524,2,76593.0,0.164,16.4,0,0
B110883,Personal/Household,Bank,41,33215.0,10,0,0.829,0.698,0,161927.0,0.244,18.3,1,0
B110884,Services,Bank,56,45793.0,59,2,0.586,0.867,2,281454.0,0.307,16.1,0,0
B110885,Agriculture,MFI,24,26468.0,1,2,0.691,0.669,5,52124.0,0.098,17.6,0,1
B110886,Manufacturing,Bank,31,30324.0,87,2,0.877,0.661,2,189217.0,0.312,12.1,0,0
B110887,Personal/Household,Bank,39,39203.0,53,1,0.911,0.792,1,168780.0,0.215,16.3,0,0
B110888,Agriculture,Digital Lender,42,18651.0,22,2,0.673,0.341,3,65192.0,0.175,103.2,0,0
B110889,Trade,Bank,34,12771.0,50,1,0.736,0.311,1,87197.0,0.341,12.7,0,0
B110890,Agriculture,MFI,43,19894.0,15,2,0.787,0.694,2,55061.0,0.138,19.2,0,1
B110891,Agriculture,Bank,43,76930.0,66,0,0.825,0.676,1,284154.0,0.185,10.7,0,0
B110892,Personal/Household,MFI,21,21670.0,39,1,0.527,0.553,0,185834.0,0.429,17.9,0,0
B110893,Real Estate,SACCO,43,31948.0,60,1,0.688,0.507,2,277453.0,0.434,13.7,0,1
B110894,Personal/Household,MFI,46,14340.0,38,0,0.812,0.787,1,96624.0,0.337,19.4,0,0
B110895,Services,Bank,38,62204.0,31,2,0.889,0.849,2,144829.0,0.116,14.9,0,0
B110896,Agriculture,Bank,18,25195.0,15,2,0.93,0.518,2,107333.0,0.213,16.0,0,0
B110897,Personal/Household,Bank,32,23151.0,24,2,0.614,0.64,2,191528.0,0.414,14.1,0,0
B110898,Trade,Bank,39,27629.0,59,1,0.74,0.708,2,89837.0,0.163,16.4,0,0
B110899,Trade,MFI,26,118441.0,57,3,0.752,0.729,1,521950.0,0.22,21.9,0,1
B110900,Trade,Bank,44,37905.0,34,0,0.842,0.622,3,249508.0,0.329,14.1,0,0
B110901,Agriculture,Bank,42,27276.0,3,1,0.704,0.858,1,59439.0,0.109,13.1,0,0
B110902,Real Estate,Bank,36,8000.0,90,2,0.882,0.786,2,13307.0,0.083,12.2,0,0
B110903,Real Estate,Digital Lender,35,62577.0,69,3,0.92,0.675,3,158052.0,0.126,41.9,0,0
B110904,Agriculture,MFI,37,20289.0,30,2,0.753,0.896,1,31853.0,0.078,14.8,0,0
B110905,Trade,MFI,35,18602.0,15,0,0.53,0.337,1,91168.0,0.245,20.3,0,0
B110906,Transport,SACCO,22,19540.0,7,1,0.876,0.724,0,35171.0,0.09,9.8,0,0
B110907,Trade,Bank,31,66554.0,12,2,0.771,0.687,2,526098.0,0.395,15.3,0,0
B110908,Personal/Household,Bank,36,29051.0,10,0,0.904,0.947,1,126240.0,0.217,14.4,0,0
B110909,Services,Bank,49,12873.0,34,1,0.707,0.781,3,70678.0,0.275,17.9,0,0
B110910,Personal/Household,MFI,42,26575.0,7,3,0.902,0.866,0,110668.0,0.208,18.8,0,0
B110911,Transport,Bank,50,18820.0,4,1,0.689,0.791,2,89013.0,0.236,18.6,1,0
B110912,Transport,Bank,21,36234.0,157,2,0.917,0.682,2,159639.0,0.22,14.1,0,0
B110913,Transport,Digital Lender,31,24040.0,37,6,0.914,0.706,1,144202.0,0.3,181.6,0,0
B110914,Services,SACCO,56,12543.0,31,1,0.956,0.564,2,25442.0,0.101,15.6,0,0
B110915,Services,Bank,28,28414.0,48,3,0.7,0.428,2,57237.0,0.101,13.9,0,0
B110916,Real Estate,Digital Lender,27,28818.0,26,1,0.643,0.416,2,219200.0,0.38,174.5,1,1
B110917,Transport,Bank,32,14922.0,6,0,0.755,0.701,1,69116.0,0.232,14.1,0,0
B110918,Personal/Household,Bank,55,10117.0,22,0,0.757,0.507,1,81776.0,0.404,16.2,0,0
B110919,Trade,Bank,28,34733.0,24,0,0.697,0.443,3,285050.0,0.41,15.1,0,0
B110920,Manufacturing,Digital Lender,41,25480.0,6,2,0.766,0.666,0,117627.0,0.231,20.2,0,0
B110921,Transport,Bank,39,26414.0,3,1,0.801,0.789,1,178801.0,0.338,13.4,1,1
B110922,Personal/Household,Digital Lender,18,44811.0,0,2,0.846,0.768,0,198411.0,0.221,246.2,0,0
B110923,Agriculture,SACCO,35,10237.0,25,2,0.591,0.592,2,47329.0,0.231,22.3,0,0
B110924,Agriculture,MFI,29,30735.0,28,1,0.863,0.702,1,209477.0,0.341,18.4,0,0
B110925,Trade,Bank,42,42805.0,15,1,0.619,0.785,2,212549.0,0.248,11.3,0,0
B110926,Manufacturing,Bank,52,26891.0,54,0,0.81,0.638,1,231989.0,0.431,13.6,0,0
B110927,Services,SACCO,32,13645.0,34,3,0.919,0.479,2,88548.0,0.324,10.9,0,0
B110928,Services,Bank,32,20672.0,20,3,0.736,0.835,2,151643.0,0.367,14.7,0,0
B110929,Agriculture,MFI,60,23195.0,1,5,0.644,0.696,0,146297.0,0.315,22.2,0,0
B110930,Agriculture,Bank,28,12476.0,13,2,0.69,0.593,1,73538.0,0.295,11.0,0,0
B110931,Personal/Household,Digital Lender,22,36470.0,18,2,0.874,0.835,0,322635.0,0.442,205.2,0,0
B110932,Personal/Household,SACCO,49,29785.0,106,3,0.747,0.608,1,214634.0,0.36,15.1,0,0
B110933,Manufacturing,MFI,34,20877.0,21,2,0.856,0.246,0,38176.0,0.091,20.4,0,0
B110934,Real Estate,MFI,38,51125.0,2,0,0.755,0.511,4,179047.0,0.175,21.5,0,0
B110935,Trade,Bank,57,22313.0,1,0,0.745,0.575,2,175730.0,0.394,12.8,0,0
B110936,Personal/Household,Bank,21,67101.0,83,0,0.514,0.852,2,518022.0,0.386,12.1,0,0
B110937,Transport,Bank,33,25645.0,5,1,0.945,0.559,2,55455.0,0.108,16.4,0,0
B110938,Agriculture,SACCO,23,17589.0,73,1,0.865,0.548,1,47746.0,0.136,9.0,0,0
B110939,Services,Bank,38,17883.0,11,2,0.629,0.619,2,112783.0,0.315,13.5,0,0
B110940,Transport,Bank,29,31260.0,10,2,0.837,0.776,2,138850.0,0.222,18.7,0,0
B110941,Services,Bank,23,16502.0,40,3,0.793,0.602,2,146361.0,0.443,15.2,0,0
B110942,Real Estate,Bank,42,32190.0,37,2,0.824,0.758,2,263622.0,0.409,15.8,0,0
B110943,Real Estate,MFI,35,23854.0,14,4,0.876,0.492,3,162482.0,0.341,12.1,0,0
B110944,Services,SACCO,22,23555.0,87,0,0.953,0.393,2,143425.0,0.304,13.1,0,0
B110945,Services,MFI,23,29060.0,49,3,0.485,0.947,1,44078.0,0.076,21.6,0,0
B110946,Services,MFI,37,51667.0,7,0,0.811,0.493,3,212624.0,0.206,21.7,0,0
B110947,Personal/Household,MFI,18,22056.0,42,2,0.436,0.523,2,144649.0,0.328,21.0,0,0
B110948,Real Estate,SACCO,37,32901.0,29,1,0.708,0.629,1,163831.0,0.249,11.9,0,1
B110949,Trade,Digital Lender,48,37963.0,3,4,0.901,0.77,2,326637.0,0.43,8.0,0,1
B110950,Real Estate,Digital Lender,42,15284.0,16,3,0.966,0.827,1,82876.0,0.271,228.0,0,0
B110951,Services,Digital Lender,29,39637.0,85,5,0.935,0.775,4,245310.0,0.309,175.9,0,0
B110952,Agriculture,Digital Lender,38,46558.0,28,2,0.821,0.789,3,117797.0,0.127,43.5,0,0
B110953,Personal/Household,Digital Lender,22,50583.0,46,2,0.707,0.823,2,248973.0,0.246,259.0,0,1
B110954,Services,MFI,36,16158.0,4,4,0.615,0.868,3,52502.0,0.162,15.9,1,0
B110955,Services,SACCO,32,16791.0,37,1,0.525,0.537,2,120723.0,0.359,11.5,0,0
B110956,Services,SACCO,25,28857.0,88,3,0.719,0.324,1,233393.0,0.404,12.4,0,0
B110957,Manufacturing,Bank,41,27968.0,65,1,0.583,0.695,0,134992.0,0.241,13.1,0,0
B110958,Manufacturing,Bank,18,30050.0,3,1,0.757,0.603,0,75161.0,0.125,13.6,0,0
B110959,Services,Digital Lender,23,24437.0,51,3,0.901,0.872,0,45533.0,0.093,130.2,0,0
B110960,Trade,MFI,24,32932.0,36,3,0.991,0.789,4,127112.0,0.193,23.9,0,0
B110961,Trade,Bank,30,8000.0,18,0,0.679,0.582,0,67974.0,0.425,12.6,0,0
B110962,Services,MFI,48,42700.0,107,1,0.851,0.813,3,167682.0,0.196,20.6,0,0
B110963,Personal/Household,Bank,43,66805.0,23,2,0.803,0.574,1,401808.0,0.301,15.0,0,0
B110964,Manufacturing,Bank,36,21935.0,1,0,0.96,0.915,2,116182.0,0.265,15.5,0,0
B110965,Trade,MFI,36,33233.0,33,0,0.797,0.528,0,100584.0,0.151,22.0,0,0
B110966,Manufacturing,MFI,35,74934.0,38,0,0.632,0.746,1,642726.0,0.429,15.1,0,0
B110967,Services,MFI,49,30285.0,37,1,0.922,0.959,2,86153.0,0.142,21.2,0,0
B110968,Transport,Bank,18,35171.0,22,5,0.567,0.526,5,77235.0,0.11,13.2,0,0
B110969,Real Estate,MFI,43,81874.0,101,3,0.991,0.299,0,696829.0,0.426,13.1,0,0
B110970,Manufacturing,Bank,30,91129.0,86,1,0.649,0.851,3,370783.0,0.203,14.7,0,0
B110971,Services,MFI,40,16590.0,10,6,0.629,0.654,1,116714.0,0.352,27.4,0,1
B110972,Services,SACCO,40,23711.0,23,1,0.924,0.627,0,203399.0,0.429,15.1,0,0
B110973,Real Estate,Bank,42,48605.0,40,2,0.857,0.611,3,104925.0,0.108,19.4,0,0
B110974,Transport,Digital Lender,51,39082.0,30,1,0.488,0.929,3,205103.0,0.262,165.4,0,0
B110975,Agriculture,SACCO,21,43841.0,33,2,0.89,0.749,2,135482.0,0.155,8.9,1,0
B110976,Real Estate,Bank,45,8000.0,45,2,0.74,0.759,3,41378.0,0.259,15.0,0,0
B110977,Trade,Bank,34,10151.0,33,1,0.69,0.842,5,56820.0,0.28,14.2,0,0
B110978,Manufacturing,Bank,30,79326.0,8,0,0.795,0.783,1,660132.0,0.416,14.6,0,0
B110979,Manufacturing,Bank,55,45507.0,11,3,0.905,0.686,4,283177.0,0.311,14.7,0,0
B110980,Agriculture,Digital Lender,42,36116.0,23,2,0.806,0.621,2,68120.0,0.094,122.9,0,0
B110981,Agriculture,SACCO,31,15014.0,138,2,0.75,0.749,2,108282.0,0.361,17.2,0,0
B110982,Trade,Digital Lender,45,23665.0,46,3,0.616,0.856,0,76783.0,0.162,89.0,0,0
B110983,Trade,SACCO,35,40673.0,16,3,0.697,0.4,1,194865.0,0.24,10.7,0,0
B110984,Personal/Household,Digital Lender,31,13895.0,42,3,0.79,0.658,3,98018.0,0.353,269.5,0,0
B110985,Agriculture,Digital Lender,29,20173.0,80,4,0.774,0.633,3,46849.0,0.116,161.9,0,0
B110986,Trade,Bank,38,36551.0,12,2,0.576,0.937,3,315729.0,0.432,15.6,0,1
B110987,Services,Bank,29,41124.0,74,3,0.728,0.514,4,73997.0,0.09,13.4,0,0
B110988,Agriculture,Bank,37,22300.0,20,0,0.799,0.722,1,80020.0,0.179,14.4,0,0
B110989,Services,Bank,44,51034.0,2,1,0.491,0.908,2,254986.0,0.25,13.2,0,0
B110990,Transport,MFI,36,50130.0,24,0,0.864,0.571,4,280938.0,0.28,19.4,0,0
B110991,Personal/Household,Bank,55,11092.0,36,1,0.917,0.713,1,75454.0,0.34,20.1,0,0
B110992,Manufacturing,Digital Lender,35,73195.0,1,5,0.391,0.807,0,148858.0,0.102,205.2,0,1
B110993,Trade,Bank,48,56474.0,69,1,0.862,0.822,2,313650.0,0.278,15.3,0,0
B110994,Personal/Household,Digital Lender,45,33310.0,40,3,0.549,0.768,3,284599.0,0.427,90.2,0,0
B110995,Personal/Household,Bank,50,27570.0,27,3,0.424,0.831,2,135530.0,0.246,13.8,0,0
B110996,Agriculture,Bank,55,45896.0,14,0,0.796,0.641,2,145384.0,0.158,15.0,0,0
B110997,Personal/Household,Digital Lender,18,39877.0,40,2,0.884,0.448,1,267869.0,0.336,372.5,0,0
B110998,Manufacturing,MFI,38,25608.0,20,3,0.93,0.912,1,200754.0,0.392,23.3,0,0
B110999,Services,SACCO,34,71930.0,40,3,0.757,0.588,3,335192.0,0.233,15.1,0,1
B111000,Personal/Household,Digital Lender,36,9343.0,7,1,0.885,0.934,1,15996.0,0.086,284.1,0,0
B111001,Trade,Bank,31,20626.0,74,4,0.634,0.66,2,46698.0,0.113,14.5,0,0
B111002,Personal/Household,Bank,30,38036.0,41,2,0.824,0.658,6,216721.0,0.285,9.8,0,1
B111003,Services,Bank,24,28893.0,9,3,0.631,0.69,2,105637.0,0.183,12.9,1,0
B111004,Personal/Household,Bank,36,43686.0,15,1,0.66,0.546,1,200924.0,0.23,16.8,0,0
B111005,Trade,Digital Lender,44,13807.0,21,1,0.941,0.849,1,90066.0,0.326,223.0,0,0
B111006,Personal/Household,Digital Lender,30,25850.0,36,2,0.823,0.458,1,163883.0,0.317,231.1,0,0
B111007,Transport,Bank,32,55977.0,33,3,0.746,0.818,2,484004.0,0.432,13.3,0,0
B111008,Agriculture,SACCO,28,13075.0,12,0,0.635,0.492,1,24980.0,0.096,13.3,0,0
B111009,Services,Digital Lender,25,26049.0,3,4,0.618,0.57,3,80861.0,0.155,85.1,0,0
B111010,Manufacturing,Bank,33,22204.0,6,1,0.42,0.895,1,141495.0,0.319,13.5,0,0
B111011,Personal/Household,Bank,38,36310.0,53,2,0.827,0.736,0,251405.0,0.346,15.8,0,0
B111012,Transport,Digital Lender,48,36909.0,21,2,0.965,0.619,1,287728.0,0.39,156.6,0,1
B111013,Agriculture,SACCO,23,31364.0,4,1,0.911,0.574,3,247375.0,0.394,14.8,0,0
B111014,Services,Bank,35,25351.0,49,2,0.945,0.532,2,158769.0,0.313,16.6,0,0
B111015,Manufacturing,MFI,47,30785.0,6,4,0.794,0.453,2,155644.0,0.253,23.4,0,0
B111016,Manufacturing,Bank,23,27158.0,62,2,0.86,0.743,0,119762.0,0.22,13.7,0,0
B111017,Real Estate,SACCO,48,29206.0,20,1,0.87,0.891,1,173952.0,0.298,11.7,0,0
B111018,Trade,SACCO,31,66259.0,68,2,0.701,0.461,1,240096.0,0.181,12.7,1,1
B111019,Personal/Household,Bank,42,15348.0,36,1,0.75,0.671,1,108977.0,0.355,14.3,0,0
B111020,Real Estate,Digital Lender,33,35879.0,64,2,0.912,0.5,4,84494.0,0.118,155.5,0,0
B111021,Services,MFI,40,17709.0,74,5,0.583,0.744,3,70572.0,0.199,19.9,0,0
B111022,Services,SACCO,51,87138.0,18,2,0.467,0.823,2,237206.0,0.136,14.6,0,0
B111023,Personal/Household,SACCO,34,31226.0,8,0,0.742,0.898,1,73226.0,0.117,9.8,0,0
B111024,Agriculture,MFI,45,14804.0,63,2,0.911,0.539,1,87764.0,0.296,22.4,0,0
B111025,Personal/Household,Bank,38,26172.0,15,0,0.715,0.791,4,105720.0,0.202,13.4,0,0
B111026,Trade,Bank,27,13328.0,13,2,0.478,0.667,1,54506.0,0.204,15.1,0,1
B111027,Personal/Household,SACCO,34,20988.0,13,0,0.724,0.896,3,86585.0,0.206,11.6,0,0
B111028,Manufacturing,SACCO,33,41717.0,13,3,0.867,0.447,4,197738.0,0.237,14.6,0,0
B111029,Services,Bank,21,62861.0,2,2,0.503,0.502,1,533720.0,0.425,12.2,0,0
B111030,Agriculture,Digital Lender,40,53873.0,28,1,0.721,0.641,3,285646.0,0.265,237.5,0,0
B111031,Agriculture,Digital Lender,42,28066.0,19,2,0.641,0.638,1,241930.0,0.431,12.4,0,0
B111032,Services,Bank,43,40682.0,17,0,0.644,0.719,3,215356.0,0.265,13.9,0,0
B111033,Manufacturing,Bank,49,46383.0,75,0,0.716,0.562,2,408766.0,0.441,13.4,0,0
B111034,Personal/Household,MFI,45,102473.0,102,1,0.583,0.598,1,360972.0,0.176,28.4,0,0
B111035,Services,Bank,29,21329.0,79,3,0.703,0.824,2,113890.0,0.267,15.1,0,0
B111036,Manufacturing,Digital Lender,31,68198.0,21,3,0.846,0.915,0,520116.0,0.381,75.8,0,0
B111037,Real Estate,SACCO,43,16307.0,2,2,0.831,0.804,2,95840.0,0.294,13.5,0,0
B111038,Manufacturing,Bank,39,56895.0,29,1,0.94,0.757,1,294557.0,0.259,15.4,0,0
B111039,Personal/Household,MFI,35,21134.0,34,2,0.779,0.875,1,44549.0,0.105,17.0,1,0
B111040,Services,Bank,26,20413.0,4,1,0.785,0.572,2,32577.0,0.08,15.9,0,0
B111041,Agriculture,MFI,30,25424.0,8,0,0.842,0.812,3,39160.0,0.077,22.3,0,0
B111042,Personal/Household,Bank,41,19403.0,52,0,0.824,0.485,1,67164.0,0.173,14.4,0,0
B111043,Agriculture,Digital Lender,18,37584.0,10,1,0.662,0.562,3,238885.0,0.318,165.8,0,0
B111044,Transport,SACCO,18,58372.0,14,2,0.853,0.855,1,295421.0,0.253,21.7,0,0
B111045,Personal/Household,Digital Lender,42,9308.0,4,4,0.6,0.797,3,25888.0,0.139,8.0,0,0
B111046,Services,Bank,30,27010.0,7,1,0.889,0.672,1,135616.0,0.251,17.7,0,0
B111047,Real Estate,Bank,40,16357.0,85,0,0.949,0.563,1,32242.0,0.099,12.5,0,0
B111048,Agriculture,Digital Lender,51,48913.0,19,0,0.803,0.585,0,125453.0,0.128,193.3,0,0
B111049,Agriculture,Bank,25,64940.0,23,2,0.797,0.681,1,303075.0,0.233,12.1,0,0
B111050,Trade,Bank,18,27010.0,87,0,0.46,0.69,3,127343.0,0.236,14.6,1,0
B111051,Agriculture,Digital Lender,32,20195.0,10,3,0.868,0.88,5,141124.0,0.349,300.7,0,1
B111052,Personal/Household,Digital Lender,28,12230.0,26,3,0.802,0.718,1,66355.0,0.271,185.5,0,0
B111053,Real Estate,Digital Lender,35,86841.0,29,1,0.82,0.826,1,520113.0,0.299,152.3,0,0
B111054,Agriculture,MFI,40,61415.0,64,0,0.742,0.793,6,320110.0,0.261,21.2,0,0
B111055,Personal/Household,SACCO,38,10015.0,29,4,0.659,0.479,1,68230.0,0.341,13.4,0,0
B111056,Trade,MFI,35,42638.0,27,4,0.632,0.329,0,211605.0,0.248,12.5,0,0
B111057,Agriculture,MFI,46,16128.0,78,2,0.695,0.894,2,63767.0,0.198,18.1,0,0
B111058,Services,Bank,42,22478.0,4,0,0.459,0.779,1,174483.0,0.388,10.4,0,0
B111059,Trade,Digital Lender,33,14963.0,37,5,0.772,0.71,6,102946.0,0.344,102.2,0,0
B111060,Real Estate,Bank,41,9893.0,4,2,0.826,0.472,2,32038.0,0.162,14.6,0,0
B111061,Manufacturing,SACCO,20,28996.0,22,2,0.675,0.641,1,150692.0,0.26,11.6,0,0
B111062,Agriculture,Digital Lender,46,84329.0,6,2,0.931,0.574,4,256977.0,0.152,280.4,0,1
B111063,Agriculture,Digital Lender,35,17866.0,3,1,0.752,0.817,2,156716.0,0.439,180.1,0,0
B111064,Agriculture,Bank,23,48544.0,4,2,0.718,0.342,1,223655.0,0.23,13.4,0,0
B111065,Agriculture,SACCO,31,52921.0,34,2,0.906,0.715,4,403933.0,0.382,14.8,0,0
B111066,Services,MFI,45,44221.0,22,2,0.627,0.828,3,327193.0,0.37,14.6,0,0
B111067,Real Estate,Bank,27,89148.0,22,1,0.679,0.393,2,532146.0,0.298,15.8,0,0
B111068,Real Estate,Bank,39,50280.0,27,2,0.779,0.635,3,267082.0,0.266,18.1,0,0
B111069,Real Estate,SACCO,44,80223.0,2,3,0.856,0.813,2,570112.0,0.355,12.0,0,0
B111070,Services,Digital Lender,35,15821.0,148,1,0.75,0.689,2,99094.0,0.313,77.6,0,0
B111071,Trade,Digital Lender,26,44799.0,0,1,0.766,0.705,3,165581.0,0.185,8.0,0,0
B111072,Personal/Household,Bank,34,68254.0,35,1,0.915,0.777,1,222680.0,0.163,18.3,0,0
B111073,Agriculture,Bank,21,19446.0,1,2,0.626,0.607,1,156788.0,0.403,15.2,1,1
B111074,Services,Bank,30,8000.0,5,2,0.924,0.437,0,18702.0,0.117,13.6,0,0
B111075,Agriculture,Digital Lender,24,14809.0,47,5,0.818,0.632,1,93592.0,0.316,179.8,0,0
B111076,Trade,Digital Lender,35,19958.0,2,3,0.85,0.549,3,34237.0,0.086,40.3,0,0
B111077,Manufacturing,Digital Lender,22,40484.0,20,3,0.738,0.507,1,107107.0,0.132,179.0,0,0
B111078,Agriculture,MFI,36,21774.0,47,2,0.801,0.747,3,34284.0,0.079,22.3,0,0
B111079,Personal/Household,Bank,46,29784.0,24,0,0.813,0.861,0,247110.0,0.415,16.0,0,0
B111080,Transport,MFI,47,21325.0,3,2,0.767,0.794,0,96899.0,0.227,24.9,0,0
B111081,Personal/Household,Bank,23,27703.0,27,2,0.775,0.765,4,181686.0,0.328,13.7,0,0
B111082,Trade,Bank,28,28669.0,82,1,0.817,0.905,2,117475.0,0.205,13.4,0,0
B111083,Personal/Household,Bank,44,20998.0,0,2,0.938,0.615,2,76285.0,0.182,15.2,0,0
B111084,Agriculture,Bank,42,46709.0,4,2,0.663,0.728,1,319584.0,0.342,16.6,0,0
B111085,Services,Bank,29,63524.0,23,1,0.84,0.383,1,339201.0,0.267,12.5,0,0
B111086,Personal/Household,Digital Lender,30,15806.0,26,3,0.768,0.646,1,77802.0,0.246,186.5,0,0
B111087,Transport,SACCO,36,33507.0,21,1,0.637,0.661,2,105026.0,0.157,9.4,0,0
B111088,Personal/Household,Digital Lender,18,13545.0,2,2,0.768,0.852,2,98621.0,0.364,198.4,0,0
B111089,Transport,Bank,40,11339.0,5,1,0.645,0.67,2,33868.0,0.149,11.5,0,0
B111090,Manufacturing,SACCO,46,52580.0,15,0,0.943,0.788,1,458370.0,0.436,10.0,0,0
B111091,Agriculture,MFI,31,89686.0,20,2,0.947,0.642,1,688858.0,0.384,20.6,0,0
B111092,Transport,Bank,21,24820.0,98,4,0.666,0.526,2,172565.0,0.348,14.5,0,0
B111093,Agriculture,Bank,49,81496.0,37,0,0.911,0.48,0,187998.0,0.115,12.6,0,0
B111094,Trade,Bank,37,20816.0,31,3,0.84,0.77,3,88161.0,0.212,16.4,0,0
B111095,Personal/Household,Digital Lender,42,26135.0,8,2,0.628,0.799,3,140828.0,0.269,142.0,0,0
B111096,Trade,Digital Lender,22,74403.0,23,3,0.867,0.732,3,458143.0,0.308,398.7,0,0
B111097,Transport,Bank,22,17998.0,22,4,0.697,0.36,3,67174.0,0.187,15.4,1,0
B111098,Trade,SACCO,39,49226.0,30,1,0.916,0.714,2,307026.0,0.312,15.4,0,0
B111099,Real Estate,Bank,45,24550.0,10,1,0.756,0.724,4,174540.0,0.355,10.6,0,0
B111100,Personal/Household,Bank,24,20002.0,37,1,0.937,0.545,4,155346.0,0.388,16.6,0,0
B111101,Trade,SACCO,34,22475.0,25,0,0.765,0.688,1,199643.0,0.444,16.7,1,0
B111102,Transport,Digital Lender,19,9022.0,29,2,0.705,0.484,2,65199.0,0.361,119.6,0,0
B111103,Transport,Digital Lender,28,59492.0,18,2,0.944,0.661,0,184293.0,0.155,276.9,0,0
B111104,Personal/Household,Bank,32,33673.0,4,3,0.875,0.479,2,104227.0,0.155,13.3,0,0
B111105,Trade,MFI,40,27408.0,30,2,0.667,0.635,1,208823.0,0.381,23.1,0,0
B111106,Personal/Household,Bank,18,20310.0,5,1,0.826,0.839,3,155644.0,0.383,12.6,0,0
B111107,Real Estate,Bank,48,35294.0,17,1,0.48,0.682,0,312434.0,0.443,16.3,0,0
B111108,Real Estate,Bank,33,48334.0,8,3,0.772,0.449,0,201801.0,0.209,14.5,0,0
B111109,Agriculture,Bank,48,25566.0,26,3,0.674,0.83,1,46945.0,0.092,15.8,0,0
B111110,Real Estate,Bank,42,50512.0,31,2,0.905,0.508,1,135119.0,0.134,15.3,0,0
B111111,Manufacturing,Bank,44,34589.0,33,6,0.87,0.74,2,217368.0,0.314,13.6,0,0
B111112,Trade,SACCO,55,28244.0,24,0,0.665,0.726,0,249085.0,0.441,11.9,0,0
B111113,Real Estate,Bank,27,49109.0,8,1,0.842,0.824,2,137128.0,0.14,14.8,0,0
B111114,Transport,Bank,36,22486.0,7,0,0.722,0.869,1,183914.0,0.409,17.0,0,0
B111115,Manufacturing,Digital Lender,25,14938.0,11,3,0.809,0.825,3,69334.0,0.232,32.7,0,1
B111116,Trade,Digital Lender,34,28877.0,18,2,0.452,0.816,1,63002.0,0.109,221.2,0,1
B111117,Agriculture,Bank,42,30315.0,21,0,0.854,0.712,0,54728.0,0.09,13.8,0,0
B111118,Real Estate,Bank,46,26310.0,21,3,0.465,0.407,1,58023.0,0.11,15.7,0,0
B111119,Transport,Bank,31,57208.0,6,3,0.872,0.657,6,105073.0,0.092,14.7,1,1
B111120,Services,Digital Lender,23,39155.0,18,6,0.492,0.881,2,104943.0,0.134,88.6,0,0
B111121,Manufacturing,Bank,36,27909.0,2,1,0.364,0.64,0,222870.0,0.399,11.0,0,0
B111122,Transport,Bank,26,29643.0,65,1,0.799,0.822,2,227551.0,0.384,11.5,0,0
B111123,Trade,SACCO,29,31081.0,35,1,0.817,0.901,1,141672.0,0.228,11.7,0,0
B111124,Services,SACCO,42,39709.0,15,1,0.918,0.745,1,188587.0,0.237,11.0,0,0
B111125,Agriculture,Bank,40,30604.0,47,1,0.959,0.176,3,95176.0,0.155,16.6,0,1
B111126,Agriculture,Bank,43,27311.0,48,1,0.582,0.389,1,116902.0,0.214,13.5,0,0
B111127,Agriculture,MFI,32,14274.0,60,2,0.882,0.899,3,54671.0,0.191,22.6,0,0
B111128,Trade,Bank,45,20123.0,29,2,0.545,0.754,1,163847.0,0.407,17.8,0,0
B111129,Personal/Household,Bank,35,34626.0,20,2,0.692,0.691,1,144765.0,0.209,14.1,0,0
B111130,Agriculture,Digital Lender,32,32972.0,41,4,0.813,0.46,3,101163.0,0.153,114.5,0,0
B111131,Agriculture,Digital Lender,24,13135.0,40,4,0.718,0.57,2,55548.0,0.211,179.9,1,0
B111132,Trade,SACCO,18,21828.0,1,1,0.752,0.791,1,122682.0,0.281,10.3,0,0
B111133,Services,SACCO,19,17830.0,41,1,0.921,0.851,0,76011.0,0.213,19.4,0,1
B111134,Personal/Household,MFI,37,62978.0,7,0,0.549,0.644,1,153280.0,0.122,18.5,0,0
B111135,Services,Bank,26,34137.0,37,2,0.836,0.443,1,113579.0,0.166,17.1,0,0
B111136,Personal/Household,SACCO,19,37673.0,16,1,0.86,0.421,2,92862.0,0.123,12.2,0,0
B111137,Services,Bank,31,28661.0,19,1,0.678,0.627,1,128674.0,0.224,13.9,0,1
B111138,Real Estate,Bank,38,21068.0,3,0,0.811,0.386,3,46466.0,0.11,14.8,1,0
B111139,Trade,Bank,39,23272.0,20,1,0.913,0.401,1,77034.0,0.166,15.7,0,0
B111140,Agriculture,SACCO,35,38988.0,13,1,0.846,0.442,1,300377.0,0.385,16.4,0,0
B111141,Agriculture,SACCO,34,25769.0,25,1,0.85,0.558,4,145387.0,0.282,14.1,0,0
B111142,Personal/Household,MFI,30,39210.0,104,1,0.846,0.853,4,351870.0,0.449,27.4,0,0
B111143,Trade,MFI,41,32165.0,57,3,0.81,0.588,2,95200.0,0.148,21.2,0,0
B111144,Trade,Digital Lender,33,34981.0,20,2,0.887,0.528,1,60104.0,0.086,8.0,0,0
B111145,Personal/Household,Bank,34,35976.0,19,1,0.952,0.726,1,311388.0,0.433,15.3,0,0
B111146,Trade,Bank,45,22262.0,18,1,0.645,0.445,2,38227.0,0.086,11.3,0,0
B111147,Trade,Digital Lender,43,25059.0,7,3,0.903,0.846,1,146573.0,0.292,227.7,0,0
B111148,Trade,SACCO,33,49014.0,1,0,0.389,0.727,2,243008.0,0.248,12.2,0,0
B111149,Personal/Household,MFI,32,81186.0,38,2,0.908,0.651,1,376182.0,0.232,19.9,1,0
B111150,Trade,Bank,32,49261.0,18,1,0.506,0.772,2,310146.0,0.315,16.7,0,0
B111151,Trade,Digital Lender,18,8000.0,13,3,0.862,0.945,2,36958.0,0.231,227.8,0,0
B111152,Agriculture,MFI,46,19596.0,7,0,0.933,0.72,2,114526.0,0.292,22.0,0,1
B111153,Personal/Household,Digital Lender,28,31669.0,2,5,0.767,0.757,0,97067.0,0.153,127.9,0,0
B111154,Trade,Digital Lender,44,16252.0,63,4,0.396,0.46,2,77532.0,0.239,219.9,0,0
B111155,Trade,Digital Lender,35,15839.0,2,2,0.399,0.316,1,73100.0,0.231,130.3,1,1
B111156,Services,Bank,49,23617.0,125,2,0.722,0.513,1,48082.0,0.102,14.8,0,0
B111157,Personal/Household,MFI,40,35952.0,35,4,0.775,0.473,1,164705.0,0.229,22.0,0,0
B111158,Trade,Bank,44,41758.0,118,1,0.701,0.927,0,288991.0,0.346,14.7,0,0
B111159,Agriculture,Bank,29,24293.0,1,3,0.869,0.622,2,67909.0,0.14,14.8,0,0
B111160,Trade,Bank,22,23289.0,15,2,0.521,0.232,2,100520.0,0.216,12.8,0,1
B111161,Personal/Household,Bank,36,18694.0,37,2,0.773,0.821,1,56080.0,0.15,16.5,0,0
B111162,Agriculture,MFI,18,39297.0,71,3,0.792,0.606,3,278464.0,0.354,15.0,0,0
B111163,Services,SACCO,30,37871.0,33,2,0.67,0.802,1,195540.0,0.258,14.3,1,0
B111164,Personal/Household,Bank,23,48966.0,12,0,0.607,0.694,4,188565.0,0.193,13.7,0,0
B111165,Transport,Bank,27,31932.0,30,0,0.89,0.843,3,144429.0,0.226,18.4,1,0
B111166,Trade,Bank,41,14456.0,1,4,0.98,0.904,1,27235.0,0.094,11.8,0,1
B111167,Services,SACCO,40,24541.0,8,2,0.971,0.798,2,204297.0,0.416,9.9,0,0
B111168,Personal/Household,Bank,33,47634.0,29,0,0.588,0.732,2,401671.0,0.422,14.9,1,0
B111169,Personal/Household,SACCO,38,11447.0,35,1,0.71,0.875,1,17812.0,0.078,8.6,0,0
B111170,Trade,Bank,30,28377.0,27,0,0.57,0.822,2,108931.0,0.192,17.3,0,0
B111171,Personal/Household,MFI,59,34781.0,7,1,0.794,0.741,1,219432.0,0.315,20.2,0,0
B111172,Personal/Household,Digital Lender,38,89503.0,60,1,0.552,0.753,4,394526.0,0.22,145.2,0,1
B111173,Services,MFI,29,21362.0,43,1,0.74,0.693,1,134510.0,0.315,22.9,0,0
B111174,Transport,SACCO,44,27808.0,18,3,0.496,0.643,3,191750.0,0.345,11.3,0,0
B111175,Manufacturing,Digital Lender,47,75221.0,68,3,0.972,0.766,3,583272.0,0.388,198.9,0,0
B111176,Real Estate,Bank,27,21513.0,22,2,0.85,0.513,2,38996.0,0.091,12.7,0,0
B111177,Personal/Household,Bank,21,53696.0,41,1,0.764,0.445,2,246690.0,0.23,16.0,0,1
B111178,Services,Digital Lender,23,36900.0,16,4,0.622,0.799,1,150404.0,0.204,107.5,1,1
B111179,Transport,Digital Lender,28,26329.0,22,3,0.949,0.763,1,155171.0,0.295,141.9,0,0
B111180,Agriculture,SACCO,34,38116.0,31,0,0.897,0.818,4,269712.0,0.354,16.2,0,1
B111181,Trade,Bank,19,27416.0,8,3,0.776,0.678,3,135459.0,0.247,17.3,0,0
B111182,Transport,Bank,31,102929.0,5,1,0.923,0.478,2,475219.0,0.231,12.4,0,1
B111183,Personal/Household,Digital Lender,33,9547.0,34,4,0.728,0.181,1,66241.0,0.347,79.1,0,0
B111184,Trade,SACCO,38,25454.0,33,3,0.787,0.899,0,207723.0,0.408,11.8,0,0
B111185,Real Estate,Bank,41,25868.0,112,3,0.906,0.606,2,57540.0,0.111,16.2,0,0
B111186,Services,Bank,39,27620.0,33,2,0.361,0.691,3,127320.0,0.23,16.3,0,0
B111187,Manufacturing,Digital Lender,53,53865.0,42,2,0.844,0.806,3,169640.0,0.157,142.1,0,0
B111188,Agriculture,MFI,46,23252.0,122,1,0.744,0.873,0,58513.0,0.126,19.6,0,0
B111189,Agriculture,Digital Lender,37,38973.0,35,1,0.669,0.61,1,215642.0,0.277,40.6,0,0
B111190,Real Estate,MFI,25,33769.0,4,0,0.77,0.658,4,68016.0,0.101,20.8,0,0
B111191,Trade,Bank,28,47153.0,3,1,0.88,0.951,1,379258.0,0.402,15.5,0,0
B111192,Transport,Bank,21,27572.0,67,0,0.946,0.811,1,211007.0,0.383,20.3,0,0
B111193,Transport,MFI,37,35497.0,18,2,0.915,0.798,1,286552.0,0.404,21.4,0,0
B111194,Transport,Bank,38,27781.0,42,1,0.539,0.536,2,69396.0,0.125,14.6,0,0
B111195,Transport,Bank,44,17286.0,43,2,0.944,0.549,0,114621.0,0.332,13.3,0,0
B111196,Trade,Bank,38,71644.0,86,5,0.8,0.78,3,585669.0,0.409,15.4,1,0
B111197,Trade,Bank,46,19551.0,32,2,0.784,0.794,3,147245.0,0.377,14.4,0,0
B111198,Trade,Digital Lender,46,22853.0,79,2,0.933,0.695,2,166099.0,0.363,186.9,0,0
B111199,Trade,Bank,25,18560.0,22,3,0.879,0.73,0,149221.0,0.402,14.9,0,0
B111200,Personal/Household,MFI,30,37090.0,2,2,0.581,0.354,1,267528.0,0.361,19.4,0,0
B111201,Trade,SACCO,35,22857.0,1,2,0.834,0.714,2,169825.0,0.371,11.5,0,1
B111202,Transport,Bank,28,68417.0,28,2,0.775,0.613,2,296789.0,0.217,18.3,0,0
B111203,Trade,MFI,33,39882.0,105,1,0.881,0.882,4,95790.0,0.12,19.8,0,0
B111204,Trade,Digital Lender,38,25533.0,35,2,0.771,0.795,2,60255.0,0.118,193.6,0,0
B111205,Trade,SACCO,34,18027.0,45,1,0.727,0.801,3,89369.0,0.248,8.8,0,0
B111206,Manufacturing,MFI,35,27976.0,1,1,0.399,0.379,3,156183.0,0.279,20.1,0,1
B111207,Transport,Digital Lender,26,39578.0,40,1,0.702,0.842,1,110729.0,0.14,100.6,0,0
B111208,Personal/Household,Digital Lender,40,28992.0,22,0,0.967,0.883,3,187721.0,0.324,114.0,0,0
B111209,Trade,Digital Lender,39,27524.0,17,3,0.915,0.798,1,217830.0,0.396,107.5,0,0
B111210,Transport,MFI,27,16962.0,46,1,0.956,0.636,1,76715.0,0.226,17.9,0,0
B111211,Personal/Household,SACCO,22,102102.0,28,2,0.75,0.595,2,850398.0,0.416,13.0,0,0
B111212,Agriculture,MFI,47,26619.0,3,2,0.686,0.729,1,190609.0,0.358,15.1,0,1
B111213,Trade,Bank,52,13961.0,7,2,0.808,0.816,2,43337.0,0.155,17.7,0,0
B111214,Trade,MFI,37,16461.0,9,3,0.969,0.734,1,145110.0,0.441,19.8,0,0
B111215,Trade,Digital Lender,31,24606.0,38,1,0.773,0.703,4,115662.0,0.235,184.8,0,0
B111216,Services,Bank,45,86650.0,33,0,0.958,0.895,2,447792.0,0.258,16.1,0,0
B111217,Agriculture,Digital Lender,40,27073.0,25,1,0.503,0.761,4,153409.0,0.283,301.3,0,0
B111218,Manufacturing,Digital Lender,33,24194.0,39,1,0.628,0.687,0,108263.0,0.224,99.9,1,1
B111219,Personal/Household,Bank,45,47315.0,1,3,0.825,0.725,3,393501.0,0.416,12.7,1,0
B111220,Agriculture,Bank,27,49253.0,9,0,0.668,0.537,1,282886.0,0.287,12.8,0,0
B111221,Transport,Digital Lender,28,42723.0,10,5,0.902,0.754,5,262815.0,0.308,61.1,0,0
B111222,Trade,Bank,39,33188.0,5,2,0.654,0.938,3,189456.0,0.285,11.1,0,0
B111223,Manufacturing,Digital Lender,36,16198.0,3,6,0.753,0.648,1,112316.0,0.347,107.8,0,1
B111224,Trade,Bank,41,19672.0,8,0,0.589,0.462,0,77739.0,0.198,14.1,0,0
B111225,Agriculture,Bank,47,12394.0,2,2,0.766,0.316,2,103887.0,0.419,13.8,0,0
B111226,Agriculture,Bank,19,26287.0,24,3,0.896,0.727,3,120477.0,0.229,19.3,0,0
B111227,Personal/Household,Bank,35,23540.0,0,0,0.743,0.866,0,40602.0,0.086,13.4,0,0
B111228,Transport,Digital Lender,54,22233.0,4,1,0.518,0.778,1,133470.0,0.3,177.0,0,0
B111229,Personal/Household,Bank,29,34669.0,33,2,0.715,0.674,5,232639.0,0.336,14.4,0,0
B111230,Trade,Bank,28,20714.0,31,1,0.918,0.629,3,50643.0,0.122,16.2,0,0
B111231,Services,SACCO,18,24655.0,19,2,0.867,0.423,0,157807.0,0.32,14.4,0,0
B111232,Trade,Digital Lender,36,22754.0,21,1,0.838,0.618,3,186193.0,0.409,170.0,0,0
B111233,Personal/Household,Bank,41,29216.0,51,1,0.589,0.445,2,163248.0,0.279,14.0,0,0
B111234,Personal/Household,Digital Lender,41,36336.0,2,2,0.736,0.843,2,95186.0,0.131,399.5,0,0
B111235,Transport,Bank,25,14193.0,4,1,0.544,0.691,2,87232.0,0.307,13.6,1,0
B111236,Real Estate,Digital Lender,35,38150.0,36,1,0.717,0.444,4,148484.0,0.195,41.8,0,0
B111237,Personal/Household,SACCO,37,34384.0,15,1,0.893,0.656,4,77613.0,0.113,12.2,1,0
B111238,Personal/Household,Digital Lender,36,37431.0,74,4,0.72,0.589,1,111755.0,0.149,12.2,0,0
B111239,Trade,SACCO,24,31993.0,31,1,0.74,0.515,1,274260.0,0.429,8.0,0,0
B111240,Personal/Household,Digital Lender,36,36274.0,32,1,0.495,0.636,1,294150.0,0.405,65.6,0,0
B111241,Trade,Bank,27,23656.0,2,1,0.668,0.336,1,171404.0,0.362,11.2,0,0
B111242,Manufacturing,SACCO,18,37943.0,7,0,0.606,0.77,2,317793.0,0.419,15.6,0,0
B111243,Transport,SACCO,42,55799.0,15,0,0.653,0.406,2,465676.0,0.417,11.7,0,0
B111244,Personal/Household,Bank,36,22642.0,27,1,0.811,0.614,4,85112.0,0.188,14.1,0,0
B111245,Real Estate,Digital Lender,41,23098.0,10,1,0.722,0.564,2,71246.0,0.154,177.5,0,0
B111246,Agriculture,Digital Lender,30,42057.0,1,4,0.734,0.827,1,99544.0,0.118,221.2,0,0
B111247,Manufacturing,Digital Lender,41,21923.0,5,2,0.61,0.758,2,90792.0,0.207,90.8,0,0
B111248,Agriculture,Bank,45,20019.0,18,1,0.664,0.762,3,141447.0,0.353,15.4,0,0
B111249,Manufacturing,Digital Lender,53,37504.0,7,3,0.652,0.473,2,337470.0,0.45,120.4,0,1
B111250,Real Estate,Bank,43,23464.0,1,4,0.562,0.555,0,81633.0,0.174,16.7,0,0
B111251,Personal/Household,Digital Lender,39,58219.0,66,6,0.731,0.582,0,474580.0,0.408,8.0,0,0
B111252,Agriculture,Bank,21,23008.0,78,2,0.532,0.623,0,101393.0,0.22,13.7,0,0
B111253,Trade,SACCO,34,18949.0,12,0,0.811,0.733,1,148901.0,0.393,14.8,0,1
B111254,Real Estate,Bank,21,29654.0,4,3,0.571,0.82,1,73989.0,0.125,11.4,0,0
B111255,Trade,SACCO,27,37778.0,25,0,0.763,0.348,2,82374.0,0.109,13.7,0,0
B111256,Agriculture,Bank,55,35460.0,11,1,0.569,0.482,2,303782.0,0.428,17.6,0,0
B111257,Agriculture,Digital Lender,25,39991.0,22,3,0.914,0.846,6,356704.0,0.446,8.0,0,0
B111258,Manufacturing,Digital Lender,18,21933.0,13,1,0.772,0.584,0,135174.0,0.308,119.2,0,0
B111259,Agriculture,Bank,43,55521.0,10,1,0.704,0.581,1,117836.0,0.106,19.5,0,0
B111260,Manufacturing,Digital Lender,28,11963.0,63,0,0.888,0.755,2,71699.0,0.3,141.7,0,0
B111261,Personal/Household,SACCO,43,19352.0,13,2,0.32,0.61,0,122294.0,0.316,13.3,0,0
B111262,Manufacturing,MFI,23,30367.0,2,1,0.983,0.685,1,191590.0,0.315,19.1,0,0
B111263,Agriculture,Bank,31,20264.0,24,0,0.829,0.6,1,155497.0,0.384,17.4,1,0
B111264,Trade,Bank,47,25076.0,70,1,0.652,0.72,2,147170.0,0.293,17.2,0,0
B111265,Trade,Bank,22,17328.0,5,0,0.502,0.496,1,153651.0,0.443,14.0,0,0
B111266,Manufacturing,MFI,33,26516.0,3,1,0.892,0.764,0,237035.0,0.447,19.1,0,0
B111267,Personal/Household,MFI,38,38357.0,12,2,0.749,0.733,0,79105.0,0.103,21.0,0,0
B111268,Trade,MFI,28,22147.0,1,2,0.85,0.546,2,141251.0,0.319,17.0,0,0
B111269,Trade,Digital Lender,37,18335.0,19,5,0.611,0.641,1,53625.0,0.146,207.5,0,0
B111270,Agriculture,Bank,35,23075.0,16,1,0.682,0.623,4,132578.0,0.287,15.4,0,0
B111271,Agriculture,Digital Lender,40,54564.0,23,2,0.829,0.714,3,300348.0,0.275,59.3,0,0
B111272,Services,Digital Lender,53,54316.0,10,4,0.74,0.714,2,383327.0,0.353,78.4,1,0
B111273,Trade,Digital Lender,62,22858.0,14,3,0.701,0.58,1,78212.0,0.171,151.2,0,1
B111274,Trade,MFI,40,39323.0,13,0,0.642,0.426,1,329463.0,0.419,14.4,0,0
B111275,Agriculture,Bank,34,29434.0,67,1,0.903,0.82,1,118786.0,0.202,16.7,1,0
B111276,Trade,Digital Lender,39,60248.0,13,4,0.829,0.681,3,428375.0,0.356,157.1,0,0
B111277,Trade,SACCO,33,33036.0,32,1,0.715,0.797,1,64691.0,0.098,15.2,0,0
B111278,Real Estate,Digital Lender,19,26613.0,4,1,0.593,0.728,1,83883.0,0.158,221.8,0,0
B111279,Agriculture,Bank,35,71678.0,11,3,0.778,0.751,2,563789.0,0.393,12.6,0,0
B111280,Trade,MFI,46,17888.0,87,0,0.712,0.548,0,49421.0,0.138,16.1,0,0
B111281,Transport,MFI,20,35439.0,26,0,0.71,0.659,3,247289.0,0.349,19.0,0,0
B111282,Manufacturing,SACCO,25,63028.0,79,2,0.792,0.609,3,393036.0,0.312,14.5,1,0
B111283,Trade,Digital Lender,29,42890.0,192,2,0.618,0.333,2,80475.0,0.094,227.9,0,0
B111284,Personal/Household,Bank,39,19544.0,0,1,0.516,0.621,2,39030.0,0.1,15.3,0,0
B111285,Agriculture,Bank,59,18974.0,77,0,0.886,0.739,2,121777.0,0.321,15.5,0,0
B111286,Services,Bank,27,13702.0,4,0,0.824,0.594,2,51764.0,0.189,15.1,0,0
B111287,Services,Bank,36,67212.0,70,2,0.642,0.786,3,326562.0,0.243,13.3,0,0
B111288,Real Estate,Bank,35,15945.0,16,1,0.696,0.52,0,54775.0,0.172,12.1,0,0
B111289,Agriculture,Bank,32,44019.0,97,1,0.839,0.886,3,357437.0,0.406,15.3,1,0
B111290,Personal/Household,Bank,35,13567.0,3,0,0.989,0.664,1,20468.0,0.075,16.4,0,0
B111291,Agriculture,SACCO,30,121346.0,108,1,0.493,0.667,4,289789.0,0.119,9.5,1,0
B111292,Trade,Digital Lender,62,14128.0,41,3,0.796,0.465,3,45568.0,0.161,253.2,0,0
B111293,Manufacturing,Bank,42,30436.0,1,2,0.845,0.853,7,152296.0,0.25,15.6,0,0
B111294,Manufacturing,Bank,30,57909.0,52,3,0.921,0.951,1,473757.0,0.409,12.5,1,0
B111295,Personal/Household,Digital Lender,47,20197.0,11,1,0.812,0.905,1,89232.0,0.221,108.5,0,0
B111296,Personal/Household,Bank,38,40541.0,60,0,0.433,0.832,2,196765.0,0.243,10.9,1,0
B111297,Personal/Household,Bank,36,25463.0,7,2,0.897,0.215,1,76497.0,0.15,13.1,0,0
B111298,Personal/Household,MFI,33,36809.0,79,2,0.815,0.731,0,290576.0,0.395,19.3,0,0
B111299,Transport,Digital Lender,32,53875.0,12,7,0.8,0.369,1,466218.0,0.433,211.5,1,0
B111300,Manufacturing,Bank,23,23492.0,15,1,0.611,0.246,1,87062.0,0.185,15.9,0,0
B111301,Services,Digital Lender,18,67731.0,20,4,0.971,0.755,4,340980.0,0.252,50.7,0,0
B111302,Services,Bank,39,36092.0,8,3,0.778,0.594,2,205535.0,0.285,11.6,0,0
B111303,Personal/Household,Bank,33,86826.0,91,2,0.936,0.75,0,442121.0,0.255,11.6,1,1
B111304,Personal/Household,Bank,44,18815.0,13,1,0.604,0.641,2,138962.0,0.369,12.7,0,0
B111305,Manufacturing,Digital Lender,26,20886.0,41,2,0.833,0.9,2,81001.0,0.194,138.7,0,0
B111306,Agriculture,MFI,24,26167.0,0,0,0.953,0.756,0,108786.0,0.208,14.1,0,0
B111307,Personal/Household,SACCO,43,15261.0,13,0,0.718,0.445,3,117755.0,0.386,19.4,0,0
B111308,Trade,Digital Lender,32,49476.0,53,1,0.843,0.462,4,196570.0,0.199,89.8,0,0
B111309,Agriculture,MFI,44,28518.0,19,3,0.869,0.484,3,240238.0,0.421,18.3,0,0
B111310,Real Estate,Bank,35,15830.0,62,1,0.674,0.728,3,52607.0,0.166,13.4,0,0
B111311,Transport,SACCO,54,18910.0,75,0,0.944,0.432,3,44141.0,0.117,16.1,1,1
B111312,Manufacturing,Bank,43,18426.0,70,0,0.955,0.547,2,105426.0,0.286,13.8,0,0
B111313,Trade,SACCO,39,49415.0,49,1,0.669,0.373,2,392734.0,0.397,12.4,0,0
B111314,Trade,Digital Lender,43,38233.0,28,7,0.571,0.44,1,259209.0,0.339,201.4,0,0
B111315,Agriculture,MFI,32,27642.0,11,1,0.851,0.737,1,138994.0,0.251,12.8,0,0
B111316,Agriculture,Bank,19,24321.0,43,2,0.779,0.492,2,136442.0,0.28,12.9,0,0
B111317,Trade,MFI,39,26074.0,5,3,0.609,0.729,0,102574.0,0.197,22.4,0,0
B111318,Personal/Household,Bank,54,79191.0,2,1,0.64,0.779,1,187157.0,0.118,13.0,0,0
B111319,Agriculture,Bank,18,26143.0,44,1,0.73,0.788,2,94543.0,0.181,16.4,0,0
B111320,Agriculture,MFI,40,47651.0,33,1,0.772,0.657,2,355590.0,0.373,16.9,0,0
B111321,Agriculture,Bank,20,24807.0,15,0,0.587,0.715,0,49378.0,0.1,14.5,0,1
B111322,Manufacturing,Bank,35,75010.0,69,0,0.706,0.484,3,143927.0,0.096,13.6,1,0
B111323,Personal/Household,SACCO,36,15206.0,4,3,0.636,0.634,0,61508.0,0.202,17.2,1,0
B111324,Trade,MFI,42,46345.0,16,6,0.74,0.811,2,107889.0,0.116,18.3,0,0
B111325,Agriculture,Bank,37,19581.0,59,1,0.84,0.826,2,91617.0,0.234,16.9,0,1
B111326,Personal/Household,Digital Lender,49,100440.0,0,4,0.624,0.636,0,212407.0,0.106,66.0,1,0
B111327,Trade,Bank,47,43632.0,13,3,0.844,0.859,2,145128.0,0.166,16.5,0,0
B111328,Personal/Household,Bank,33,11648.0,18,6,0.673,0.723,4,87690.0,0.376,13.1,0,0
B111329,Services,Digital Lender,46,17813.0,0,2,0.494,0.391,1,80116.0,0.225,184.7,0,0
B111330,Transport,Bank,32,43340.0,36,1,0.581,0.557,4,214996.0,0.248,18.8,0,0
B111331,Services,Digital Lender,30,42693.0,67,4,0.613,0.909,5,376383.0,0.441,116.2,0,0
B111332,Real Estate,SACCO,23,40975.0,7,1,0.878,0.795,1,69968.0,0.085,13.3,0,0
B111333,Real Estate,MFI,48,32407.0,8,3,0.677,0.835,1,173810.0,0.268,21.4,0,0
B111334,Trade,Bank,32,24949.0,11,4,0.73,0.598,2,155802.0,0.312,16.4,0,1
B111335,Trade,Bank,18,54052.0,14,0,0.952,0.639,1,350068.0,0.324,14.8,0,0
B111336,Agriculture,Digital Lender,40,18485.0,56,2,0.871,0.735,2,80013.0,0.216,206.3,0,1
B111337,Real Estate,Bank,31,30619.0,47,2,0.798,0.543,3,152110.0,0.248,13.9,0,0
B111338,Manufacturing,Digital Lender,32,21140.0,62,4,0.978,0.437,0,63323.0,0.15,199.3,0,0
B111339,Trade,Digital Lender,33,20232.0,32,3,0.932,0.843,0,179682.0,0.444,154.2,0,0
B111340,Transport,SACCO,32,23099.0,1,3,0.826,0.813,0,85271.0,0.185,9.5,0,0
B111341,Trade,Bank,62,19843.0,12,0,0.676,0.795,1,40004.0,0.101,15.8,0,0
B111342,Agriculture,SACCO,52,40229.0,24,2,0.427,0.865,2,195170.0,0.243,12.0,0,0
B111343,Trade,SACCO,42,13202.0,54,2,0.5,0.293,5,70494.0,0.267,12.6,0,1
B111344,Personal/Household,Bank,37,37687.0,45,0,0.759,0.605,0,205622.0,0.273,14.8,0,0
B111345,Manufacturing,Digital Lender,46,20976.0,8,3,0.65,0.522,3,89835.0,0.214,278.0,0,0
B111346,Personal/Household,Bank,37,30234.0,11,5,0.539,0.317,1,240198.0,0.397,12.9,0,0
B111347,Trade,Digital Lender,43,27126.0,47,4,0.564,0.934,2,216896.0,0.4,8.0,0,0
B111348,Real Estate,Bank,41,22594.0,44,1,0.73,0.425,2,149901.0,0.332,14.3,0,0
B111349,Services,Bank,36,57943.0,8,2,0.642,0.477,1,245658.0,0.212,12.1,1,1
B111350,Trade,SACCO,44,24246.0,10,0,0.732,0.908,4,210662.0,0.434,15.6,0,0
B111351,Real Estate,Bank,31,43780.0,19,3,0.83,0.756,3,290553.0,0.332,15.3,0,0
B111352,Trade,Bank,36,44091.0,23,0,0.683,0.531,3,293956.0,0.333,16.2,0,0
B111353,Trade,Bank,25,25593.0,40,2,0.989,0.9,2,160226.0,0.313,18.5,0,0
B111354,Real Estate,Digital Lender,26,14886.0,90,0,0.802,0.579,3,77106.0,0.259,200.3,0,0
B111355,Trade,Bank,18,18303.0,28,5,0.885,0.813,0,137210.0,0.375,15.6,1,0
B111356,Manufacturing,SACCO,40,60074.0,3,2,0.786,0.791,7,143108.0,0.119,14.1,0,0
B111357,Services,SACCO,42,38984.0,122,3,0.804,0.473,2,200035.0,0.257,15.5,0,0
B111358,Trade,MFI,46,32092.0,14,3,0.814,0.786,1,167408.0,0.261,20.3,0,0
B111359,Trade,Bank,24,21767.0,22,4,0.824,0.42,5,162517.0,0.373,17.3,0,1
B111360,Personal/Household,Bank,39,77073.0,32,1,0.731,0.759,7,502892.0,0.326,14.1,0,0
B111361,Real Estate,Digital Lender,35,18445.0,5,0,0.893,0.658,2,129832.0,0.352,191.2,0,1
B111362,Services,Digital Lender,42,32107.0,27,4,0.35,0.367,1,72995.0,0.114,151.2,0,0
B111363,Agriculture,Digital Lender,28,39183.0,46,2,0.696,0.768,2,208839.0,0.266,153.6,0,0
B111364,Transport,SACCO,32,14499.0,2,1,0.633,0.446,1,111362.0,0.384,10.9,0,0
B111365,Services,Digital Lender,19,19591.0,28,7,0.549,0.743,4,87486.0,0.223,89.8,0,0
B111366,Trade,Digital Lender,28,23118.0,25,2,0.946,0.419,2,37163.0,0.08,116.0,1,0
B111367,Personal/Household,MFI,35,47765.0,52,4,0.899,0.763,5,311062.0,0.326,21.5,0,0
B111368,Transport,Digital Lender,37,23370.0,36,1,0.402,0.399,1,104168.0,0.223,125.5,0,0
B111369,Personal/Household,Bank,18,13495.0,35,1,0.763,0.658,2,119077.0,0.441,13.5,0,1
B111370,Trade,Bank,30,12801.0,28,1,0.764,0.546,0,20767.0,0.081,12.4,1,0
B111371,Real Estate,MFI,37,19500.0,32,3,0.784,0.671,0,63152.0,0.162,14.2,0,0
B111372,Trade,MFI,49,13101.0,7,2,0.939,0.801,2,30948.0,0.118,16.0,0,0
B111373,Services,MFI,27,45377.0,19,0,0.53,0.823,2,316823.0,0.349,16.2,0,0
B111374,Trade,MFI,40,46366.0,74,1,0.935,0.685,1,233553.0,0.252,20.9,1,0
B111375,Trade,MFI,29,29848.0,61,3,0.599,0.391,3,235546.0,0.395,14.1,0,0
B111376,Services,Digital Lender,31,25727.0,28,5,0.672,0.525,0,189282.0,0.368,49.9,0,0
B111377,Agriculture,Bank,26,44707.0,4,3,0.685,0.759,2,86189.0,0.096,16.8,0,1
B111378,Transport,Bank,25,43700.0,64,2,0.909,0.829,1,171164.0,0.196,15.5,0,0
B111379,Agriculture,SACCO,30,17280.0,13,0,0.785,0.585,1,104825.0,0.303,11.1,0,0
B111380,Transport,SACCO,45,18645.0,36,5,0.721,0.489,2,96081.0,0.258,10.9,0,0
B111381,Trade,Digital Lender,27,43853.0,21,4,0.656,0.745,0,148004.0,0.169,99.3,0,0
B111382,Real Estate,Bank,26,34503.0,52,3,0.755,0.684,3,213750.0,0.31,13.0,0,0
B111383,Manufacturing,Bank,37,41545.0,10,2,0.856,0.316,4,178358.0,0.215,16.6,0,0
B111384,Agriculture,Digital Lender,35,18185.0,13,1,0.927,0.647,3,142355.0,0.391,144.5,0,0
B111385,Agriculture,Bank,34,19665.0,4,1,0.838,0.705,3,61681.0,0.157,14.9,0,0
B111386,Trade,SACCO,38,38374.0,7,1,0.844,0.794,0,255750.0,0.333,9.1,0,1
B111387,Personal/Household,Bank,25,20433.0,4,3,0.386,0.649,0,174217.0,0.426,14.2,0,1
B111388,Trade,MFI,26,12888.0,55,1,0.799,0.867,0,109748.0,0.426,20.5,0,0
B111389,Agriculture,Digital Lender,45,20604.0,44,3,0.633,0.927,0,175241.0,0.425,191.8,0,0
B111390,Agriculture,MFI,34,26560.0,13,0,0.912,0.601,3,74711.0,0.141,15.6,1,1
B111391,Real Estate,Bank,41,75792.0,12,0,0.696,0.683,3,368192.0,0.243,13.7,0,0
B111392,Personal/Household,Digital Lender,47,18748.0,53,2,0.806,0.886,2,66003.0,0.176,300.0,0,0
B111393,Real Estate,Bank,43,28741.0,47,1,0.741,0.626,1,232318.0,0.404,13.9,0,0
B111394,Personal/Household,Bank,21,91456.0,31,0,0.957,0.869,1,528690.0,0.289,13.3,0,0
B111395,Transport,MFI,34,16295.0,51,1,0.736,0.596,0,97458.0,0.299,23.6,0,1
B111396,Personal/Household,MFI,45,42756.0,3,1,0.612,0.94,2,106719.0,0.125,17.7,0,0
B111397,Personal/Household,SACCO,40,20110.0,50,1,0.547,0.652,3,60075.0,0.149,13.6,0,0
B111398,Trade,Bank,37,37084.0,27,0,0.805,0.88,2,195146.0,0.263,11.2,1,0
B111399,Services,Bank,19,107372.0,20,3,0.624,0.418,0,942444.0,0.439,11.4,0,0
B111400,Personal/Household,Bank,29,45952.0,1,0,0.642,0.74,1,113352.0,0.123,12.5,0,0
B111401,Manufacturing,Digital Lender,36,32323.0,62,2,0.791,0.88,1,86019.0,0.133,128.4,1,0
B111402,Trade,Bank,21,17622.0,11,1,0.519,0.625,2,140940.0,0.4,12.1,0,0
B111403,Trade,Digital Lender,43,26998.0,6,2,0.945,0.395,1,43612.0,0.081,91.1,0,0
B111404,Transport,Bank,34,21787.0,30,0,0.703,0.51,5,83100.0,0.191,13.2,0,0
B111405,Real Estate,Bank,18,13389.0,8,4,0.286,0.682,3,98207.0,0.367,12.0,1,1
B111406,Transport,SACCO,29,9220.0,12,2,0.755,0.958,0,46614.0,0.253,11.3,0,0
B111407,Agriculture,Bank,32,18831.0,84,2,0.525,0.589,1,34916.0,0.093,13.1,0,0
B111408,Manufacturing,SACCO,34,29221.0,2,1,0.95,0.674,1,65503.0,0.112,13.7,0,0
B111409,Trade,Digital Lender,49,55030.0,18,5,0.627,0.769,0,183171.0,0.166,173.9,1,0
B111410,Trade,Digital Lender,41,19811.0,4,2,0.611,0.44,3,141660.0,0.358,180.7,0,0
B111411,Trade,MFI,21,33037.0,38,4,0.701,0.578,4,56356.0,0.085,19.1,0,0
B111412,Personal/Household,SACCO,20,11665.0,19,0,0.829,0.707,3,22932.0,0.098,19.2,0,0
B111413,Manufacturing,Bank,32,19145.0,7,1,0.564,0.559,2,146284.0,0.382,12.1,0,0
B111414,Services,Digital Lender,36,8000.0,61,1,0.814,0.766,2,22970.0,0.144,111.5,0,0
B111415,Personal/Household,Bank,45,101597.0,7,1,0.812,0.668,1,223670.0,0.11,13.5,0,0
B111416,Personal/Household,Bank,52,33153.0,11,1,0.705,0.686,2,228843.0,0.345,14.3,0,0
B111417,Manufacturing,MFI,53,32582.0,7,2,0.68,0.482,1,218783.0,0.336,10.0,0,0
B111418,Personal/Household,Bank,31,39910.0,10,2,0.602,0.513,0,116067.0,0.145,14.5,0,0
B111419,Services,SACCO,44,119706.0,39,2,0.655,0.945,4,649646.0,0.271,14.2,0,0
B111420,Personal/Household,Bank,39,23403.0,37,1,0.969,0.505,3,88306.0,0.189,15.4,1,0
B111421,Trade,Bank,24,17337.0,66,1,0.705,0.622,1,143403.0,0.414,14.3,0,0
B111422,Transport,SACCO,18,89331.0,9,2,0.956,0.796,1,483537.0,0.271,9.4,0,0
B111423,Trade,MFI,36,15108.0,4,1,0.645,0.871,3,47401.0,0.157,25.2,0,0
B111424,Trade,Digital Lender,20,60716.0,9,4,0.598,0.677,0,406567.0,0.335,8.0,0,0
B111425,Personal/Household,Bank,26,28550.0,8,0,0.824,0.821,5,162534.0,0.285,17.8,0,0
B111426,Personal/Household,Bank,28,37735.0,17,2,0.977,0.868,0,220728.0,0.292,14.9,0,0
B111427,Trade,Bank,37,13491.0,8,1,0.55,0.446,3,47537.0,0.176,14.2,0,0
B111428,Trade,MFI,48,123806.0,50,2,0.889,0.767,1,865947.0,0.35,22.9,0,0
B111429,Services,Bank,35,24095.0,41,0,0.939,0.543,1,79613.0,0.165,13.7,0,0
B111430,Trade,Digital Lender,30,20217.0,127,1,0.8,0.68,3,179752.0,0.445,227.4,0,0
B111431,Trade,Bank,18,40199.0,54,1,0.863,0.8,0,79820.0,0.099,13.2,0,0
B111432,Personal/Household,Digital Lender,40,20853.0,8,2,0.737,0.676,1,138631.0,0.332,161.7,0,0
B111433,Personal/Household,MFI,35,37551.0,106,2,0.51,0.694,4,251813.0,0.335,13.9,0,0
B111434,Manufacturing,SACCO,30,14860.0,56,1,0.819,0.77,3,99961.0,0.336,9.9,0,0
B111435,Manufacturing,Bank,47,32212.0,23,2,0.866,0.92,5,268907.0,0.417,11.9,0,0
B111436,Agriculture,Bank,23,21338.0,4,0,0.799,0.74,2,75255.0,0.176,17.2,0,0
B111437,Agriculture,Bank,28,19325.0,14,2,0.401,0.641,2,65549.0,0.17,15.4,0,0
B111438,Personal/Household,MFI,33,17717.0,37,0,0.863,0.778,3,156658.0,0.442,13.3,0,0
B111439,Personal/Household,MFI,29,48399.0,31,1,0.585,0.919,1,285379.0,0.295,17.7,0,0
B111440,Agriculture,Bank,41,24521.0,12,1,0.762,0.516,1,215534.0,0.439,11.1,0,0
B111441,Agriculture,Bank,40,26873.0,57,2,0.965,0.705,3,78446.0,0.146,11.3,0,0
B111442,Agriculture,Digital Lender,46,37605.0,80,3,0.817,0.788,3,213594.0,0.284,196.0,0,0
B111443,Trade,Bank,40,55664.0,39,2,0.85,0.317,1,85778.0,0.077,14.5,0,0
B111444,Agriculture,Bank,34,17894.0,4,1,0.693,0.668,1,85203.0,0.238,16.3,0,0
B111445,Trade,Bank,32,33569.0,12,1,0.524,0.52,4,76261.0,0.114,14.5,0,0
B111446,Personal/Household,Bank,40,18028.0,71,4,0.6,0.793,0,94996.0,0.263,11.2,0,1
B111447,Agriculture,MFI,33,26511.0,79,1,0.954,0.851,1,95286.0,0.18,22.2,0,0
B111448,Personal/Household,SACCO,35,53412.0,44,2,0.79,0.594,4,429219.0,0.402,8.6,0,0
B111449,Manufacturing,SACCO,40,8182.0,55,2,0.603,0.618,1,35428.0,0.216,8.0,0,0
B111450,Personal/Household,SACCO,36,17898.0,6,0,0.961,0.835,2,42596.0,0.119,13.5,1,0
B111451,Services,Bank,38,26181.0,16,3,0.746,0.56,0,97884.0,0.187,15.5,0,1
B111452,Agriculture,Bank,27,36656.0,36,2,0.673,0.806,3,86257.0,0.118,13.8,0,0
B111453,Trade,Digital Lender,48,58155.0,14,2,0.318,0.48,3,253365.0,0.218,51.6,0,1
B111454,Personal/Household,Bank,24,11690.0,9,1,0.688,0.725,0,95494.0,0.408,14.4,0,0
B111455,Trade,Bank,39,64765.0,25,0,0.807,0.671,3,273678.0,0.211,14.1,0,0
B111456,Agriculture,MFI,30,39594.0,8,2,0.923,0.748,4,354889.0,0.448,24.2,0,0
B111457,Trade,SACCO,46,26047.0,16,1,0.897,0.786,1,52919.0,0.102,14.8,0,0
B111458,Services,Bank,44,13254.0,7,0,0.473,0.529,1,97112.0,0.366,19.4,0,0
B111459,Trade,Digital Lender,35,21702.0,10,2,0.458,0.426,1,74748.0,0.172,137.3,0,0
B111460,Manufacturing,Bank,51,52253.0,14,2,0.839,0.956,2,178422.0,0.171,15.2,0,0
B111461,Real Estate,Digital Lender,33,30168.0,15,3,0.769,0.613,1,160067.0,0.265,142.1,0,0
B111462,Transport,Bank,44,26918.0,28,3,0.86,0.62,2,85881.0,0.16,12.7,0,0
B111463,Agriculture,SACCO,28,17425.0,31,1,0.856,0.841,2,135898.0,0.39,11.0,0,0
B111464,Personal/Household,Bank,39,44536.0,18,2,0.808,0.692,3,284511.0,0.319,12.4,0,0
B111465,Personal/Household,Digital Lender,26,27383.0,26,0,0.843,0.913,1,234972.0,0.429,107.8,0,0
B111466,Real Estate,MFI,35,26104.0,28,1,0.962,0.97,1,186926.0,0.358,22.1,1,0
B111467,Agriculture,Digital Lender,34,28215.0,7,1,0.71,0.623,2,253263.0,0.449,8.0,0,0
B111468,Personal/Household,Digital Lender,44,20850.0,16,0,0.863,0.814,0,181066.0,0.434,320.8,0,0
B111469,Personal/Household,SACCO,28,18988.0,25,1,0.806,0.892,2,61672.0,0.162,12.5,0,0
B111470,Real Estate,Bank,66,12891.0,4,2,0.873,0.445,5,112130.0,0.435,15.1,0,0
B111471,Agriculture,Bank,21,21148.0,63,2,0.543,0.448,1,174216.0,0.412,14.6,0,0
B111472,Trade,Digital Lender,37,11047.0,3,3,0.769,0.717,1,33240.0,0.15,246.1,0,1
B111473,Trade,Digital Lender,38,38837.0,63,3,0.968,0.511,6,180847.0,0.233,216.6,0,0
B111474,Trade,Bank,40,20595.0,39,3,0.818,0.652,1,122398.0,0.297,16.4,0,0
B111475,Trade,Bank,30,23962.0,7,2,0.878,0.418,3,109159.0,0.228,16.8,0,1
B111476,Trade,Bank,37,29132.0,22,2,0.954,0.472,0,186315.0,0.32,11.9,0,0
B111477,Personal/Household,Bank,29,19126.0,0,3,0.919,0.509,1,120221.0,0.314,15.7,0,0
B111478,Personal/Household,Bank,54,15580.0,13,0,0.722,0.847,2,103913.0,0.333,14.8,1,0
B111479,Personal/Household,Digital Lender,29,33591.0,31,1,0.709,0.358,1,222053.0,0.331,185.5,0,0
B111480,Transport,Bank,34,84032.0,31,1,0.782,0.54,1,476859.0,0.284,13.6,0,0
B111481,Transport,Digital Lender,28,49049.0,59,4,0.791,0.9,3,233837.0,0.238,152.4,0,0
B111482,Trade,Digital Lender,27,60110.0,19,3,0.848,0.495,1,92535.0,0.077,176.1,0,0
B111483,Personal/Household,Bank,21,14557.0,35,2,0.62,0.539,2,92632.0,0.318,16.1,0,0
B111484,Agriculture,MFI,42,26761.0,81,2,0.734,0.629,2,90388.0,0.169,18.2,0,0
B111485,Manufacturing,MFI,28,26665.0,43,0,0.988,0.647,1,129238.0,0.242,17.5,0,0
B111486,Services,Bank,27,65227.0,2,3,0.616,0.817,1,348110.0,0.267,12.5,0,0
B111487,Personal/Household,SACCO,25,49230.0,48,2,0.723,0.75,1,353536.0,0.359,17.0,0,0
B111488,Agriculture,MFI,38,27166.0,9,2,0.695,0.566,2,117040.0,0.215,21.5,0,0
B111489,Personal/Household,Bank,35,8446.0,6,2,0.68,0.816,3,43311.0,0.256,13.5,1,0
B111490,Trade,Digital Lender,35,15719.0,52,3,0.843,0.608,0,137187.0,0.436,62.6,0,0
B111491,Trade,Bank,27,42113.0,13,2,0.708,0.686,4,165912.0,0.197,12.1,0,0
B111492,Trade,Bank,39,24924.0,22,3,0.814,0.627,2,56261.0,0.113,16.1,0,0
B111493,Trade,Digital Lender,28,27984.0,23,0,0.831,0.738,7,196571.0,0.351,83.6,0,1
B111494,Personal/Household,Bank,36,41668.0,6,4,0.736,0.655,1,280776.0,0.337,15.7,0,0
B111495,Agriculture,Bank,34,55409.0,23,1,0.575,0.656,2,249758.0,0.225,16.0,0,0
B111496,Trade,Bank,18,19373.0,26,4,0.329,0.538,2,109558.0,0.283,12.1,0,0
B111497,Services,Bank,55,41168.0,57,1,0.781,0.774,0,328049.0,0.398,14.4,0,0
B111498,Manufacturing,MFI,41,72135.0,41,3,0.559,0.85,2,647888.0,0.449,21.1,0,0
B111499,Real Estate,SACCO,37,65211.0,1,3,0.645,0.791,2,225686.0,0.173,9.4,0,0
B111500,Manufacturing,Bank,38,22205.0,38,1,0.68,0.636,2,126581.0,0.285,15.7,0,0
B111501,Manufacturing,MFI,56,34968.0,34,2,0.901,0.706,1,60773.0,0.087,16.4,0,0
B111502,Real Estate,Bank,46,44932.0,34,0,0.739,0.605,1,368706.0,0.41,15.3,1,0
B111503,Transport,Bank,38,30064.0,49,1,0.913,0.928,1,192361.0,0.32,15.3,0,0
B111504,Services,Digital Lender,28,25925.0,13,2,0.781,0.358,1,158808.0,0.306,171.9,0,0
B111505,Agriculture,Digital Lender,29,11479.0,19,3,0.972,0.798,4,67620.0,0.295,113.5,0,0
B111506,Manufacturing,SACCO,18,18476.0,25,3,0.731,0.866,4,157124.0,0.425,14.3,0,0
B111507,Trade,Bank,31,20284.0,41,1,0.631,0.849,1,179338.0,0.442,15.1,1,0
B111508,Personal/Household,MFI,42,14857.0,38,0,0.954,0.834,2,52148.0,0.175,18.0,0,0
B111509,Agriculture,Digital Lender,41,31578.0,8,2,0.638,0.552,1,152945.0,0.242,235.8,0,1
B111510,Agriculture,Digital Lender,41,47887.0,16,3,0.969,0.742,1,399037.0,0.417,8.0,0,0
B111511,Services,SACCO,30,23610.0,59,1,0.621,0.685,4,84787.0,0.18,14.6,0,1
B111512,Transport,MFI,41,8848.0,37,3,0.755,0.495,1,17187.0,0.097,16.5,1,0
B111513,Trade,Bank,43,27859.0,10,0,0.838,0.599,2,123877.0,0.222,19.8,0,0
B111514,Agriculture,Bank,18,34568.0,24,4,0.753,0.786,3,166793.0,0.241,13.5,0,0
B111515,Agriculture,Bank,38,33306.0,8,0,0.795,0.705,3,172476.0,0.259,11.6,0,0
B111516,Services,Bank,56,19998.0,23,4,0.961,0.678,1,106511.0,0.266,15.2,1,0
B111517,Real Estate,Bank,32,15325.0,15,0,0.709,0.591,1,48613.0,0.159,16.4,0,0
B111518,Agriculture,MFI,18,48413.0,22,0,0.577,0.508,2,358216.0,0.37,15.2,0,0
B111519,Manufacturing,SACCO,27,36078.0,54,3,0.897,0.725,2,291673.0,0.404,18.5,1,0
B111520,Real Estate,SACCO,18,20441.0,2,0,0.939,0.584,4,156535.0,0.383,12.8,0,0
B111521,Trade,MFI,29,13021.0,22,0,0.698,0.49,2,72790.0,0.279,13.0,0,0
B111522,Personal/Household,Bank,23,33605.0,13,2,0.622,0.45,2,172211.0,0.256,12.9,0,0
B111523,Trade,MFI,44,18149.0,24,0,0.692,0.559,3,44574.0,0.123,21.1,0,0
B111524,Services,Digital Lender,43,36698.0,62,1,0.434,0.792,1,213549.0,0.291,197.3,0,0
B111525,Personal/Household,MFI,38,32429.0,8,0,0.747,0.741,3,212160.0,0.327,21.0,0,0
B111526,Trade,Digital Lender,47,93181.0,53,3,0.657,0.502,0,284106.0,0.152,181.7,0,0
B111527,Personal/Household,Bank,29,28486.0,15,1,0.821,0.796,4,111297.0,0.195,18.2,0,0
B111528,Personal/Household,SACCO,36,89359.0,1,1,0.741,0.529,3,641842.0,0.359,12.5,0,0
B111529,Transport,MFI,57,31103.0,95,4,0.784,0.776,3,219844.0,0.353,21.9,1,0
B111530,Manufacturing,SACCO,41,20603.0,64,1,0.831,0.603,3,88137.0,0.214,15.3,0,0
B111531,Trade,Digital Lender,41,16639.0,49,3,0.686,0.752,1,143301.0,0.431,96.1,0,0
B111532,Trade,MFI,27,18355.0,99,0,0.739,0.834,3,91648.0,0.25,14.7,0,1
B111533,Personal/Household,Digital Lender,31,37646.0,37,4,0.653,0.739,2,113433.0,0.151,8.0,0,0
B111534,Trade,Digital Lender,25,31922.0,8,6,0.733,0.555,1,141807.0,0.222,96.2,0,0
B111535,Agriculture,Digital Lender,52,10816.0,73,2,0.662,0.538,2,24884.0,0.115,203.8,0,0
B111536,Manufacturing,Bank,19,52109.0,15,6,0.803,0.503,0,358269.0,0.344,16.5,0,1
B111537,Trade,Bank,44,66990.0,19,2,0.7,0.735,3,490498.0,0.366,13.2,0,0
B111538,Personal/Household,Digital Lender,41,10755.0,16,6,0.736,0.525,2,77093.0,0.358,84.3,0,0
B111539,Personal/Household,SACCO,19,51876.0,28,1,0.464,0.811,1,228463.0,0.22,12.7,0,0
B111540,Personal/Household,Digital Lender,46,75034.0,1,4,0.919,0.801,3,505420.0,0.337,160.1,0,0
B111541,Trade,Bank,32,11072.0,12,0,0.777,0.711,2,19538.0,0.088,13.5,0,0
B111542,Real Estate,Digital Lender,22,22994.0,46,5,0.876,0.413,0,116407.0,0.253,8.0,0,0
B111543,Personal/Household,Digital Lender,39,18634.0,17,3,0.378,0.563,2,53749.0,0.144,172.9,0,0
B111544,Agriculture,Digital Lender,27,50800.0,49,1,0.503,0.615,0,282018.0,0.278,33.4,0,0
B111545,Personal/Household,SACCO,33,23669.0,15,1,0.593,0.496,4,109771.0,0.232,8.0,0,0
B111546,Transport,Bank,30,23156.0,16,1,0.842,0.543,1,51719.0,0.112,12.0,0,0
B111547,Agriculture,SACCO,26,37485.0,20,1,0.587,0.31,3,159132.0,0.212,19.6,0,1
B111548,Agriculture,SACCO,23,70108.0,62,4,0.718,0.362,4,298659.0,0.213,15.0,1,1
B111549,Transport,Bank,43,28741.0,1,0,0.654,0.453,3,161591.0,0.281,20.1,0,0
B111550,Trade,Bank,38,22951.0,5,4,0.768,0.676,3,149103.0,0.325,12.5,0,0
B111551,Personal/Household,Digital Lender,38,25428.0,55,3,0.456,0.571,0,181957.0,0.358,122.7,0,1
B111552,Manufacturing,Bank,31,42701.0,137,2,0.796,0.654,2,136230.0,0.16,11.6,0,0
B111553,Trade,MFI,36,14296.0,15,2,0.854,0.615,2,106462.0,0.372,20.3,0,0
B111554,Personal/Household,SACCO,28,29465.0,66,2,0.89,0.766,3,76539.0,0.13,11.4,1,0
B111555,Real Estate,Digital Lender,27,17752.0,3,1,0.891,0.763,2,61975.0,0.175,244.7,0,0
B111556,Trade,SACCO,52,15342.0,3,2,0.712,0.331,3,79175.0,0.258,13.6,0,0
B111557,Services,Bank,44,10203.0,15,0,0.746,0.648,3,21353.0,0.105,8.9,0,0
B111558,Personal/Household,Bank,29,22399.0,20,0,0.627,0.59,4,174747.0,0.39,13.7,0,0
B111559,Transport,Bank,20,53815.0,63,4,0.731,0.923,1,160198.0,0.149,14.0,0,0
B111560,Personal/Household,Bank,18,9988.0,91,3,0.715,0.551,3,71074.0,0.356,12.8,0,0
B111561,Manufacturing,Digital Lender,29,40074.0,1,4,0.9,0.513,0,315825.0,0.394,334.7,0,0
B111562,Real Estate,Bank,36,20809.0,7,2,0.754,0.499,3,153056.0,0.368,14.8,0,0
B111563,Trade,Bank,36,16566.0,28,1,0.688,0.608,1,83671.0,0.253,14.8,0,0
B111564,Trade,Digital Lender,36,35923.0,4,1,0.977,0.317,2,183944.0,0.256,154.1,0,0
B111565,Real Estate,Bank,38,61133.0,72,2,0.804,0.846,0,376521.0,0.308,15.6,0,0
B111566,Real Estate,Bank,25,67771.0,5,2,0.467,0.457,1,465115.0,0.343,12.6,0,0
B111567,Personal/Household,MFI,50,34753.0,15,1,0.96,0.541,2,241220.0,0.347,12.9,0,0
B111568,Real Estate,Bank,33,28605.0,52,1,0.612,0.452,1,118066.0,0.206,17.9,0,0
B111569,Transport,Bank,38,36877.0,12,0,0.839,0.622,0,115821.0,0.157,16.6,0,0
B111570,Personal/Household,Digital Lender,28,116114.0,75,3,0.819,0.814,1,208815.0,0.09,181.4,0,0
B111571,Services,Digital Lender,38,25312.0,139,3,0.935,0.819,2,170260.0,0.336,124.1,0,0
B111572,Agriculture,Digital Lender,56,55504.0,16,1,0.738,0.65,1,132267.0,0.119,138.3,0,0
B111573,Services,SACCO,25,21465.0,1,2,0.436,0.606,1,89924.0,0.209,11.4,0,0
B111574,Personal/Household,Bank,24,18829.0,33,0,0.594,0.422,5,138128.0,0.367,12.9,0,0
B111575,Trade,Digital Lender,26,78660.0,32,2,0.695,0.312,0,502452.0,0.319,217.3,1,0
B111576,Agriculture,MFI,32,29776.0,37,2,0.689,0.407,1,80114.0,0.135,25.1,0,0
B111577,Trade,Bank,30,33641.0,3,3,0.896,0.448,5,125825.0,0.187,15.9,0,1
B111578,Transport,Bank,25,40168.0,82,2,0.717,0.627,1,155349.0,0.193,16.3,0,0
B111579,Manufacturing,MFI,35,18198.0,3,1,0.541,0.673,2,72924.0,0.2,16.6,0,0
B111580,Manufacturing,Bank,51,23364.0,6,1,0.923,0.669,0,55816.0,0.119,14.0,0,0
B111581,Personal/Household,Bank,34,20887.0,13,1,0.942,0.735,0,128386.0,0.307,14.2,0,0
B111582,Agriculture,Bank,34,35693.0,15,4,0.807,0.666,2,173503.0,0.243,17.5,0,0
B111583,Real Estate,MFI,38,36375.0,2,2,0.838,0.873,2,318641.0,0.438,19.2,0,0
B111584,Personal/Household,Bank,41,21369.0,111,1,0.47,0.694,0,81675.0,0.191,17.3,0,0
B111585,Services,MFI,49,90696.0,14,2,0.523,0.476,1,755898.0,0.417,20.4,0,0
B111586,Personal/Household,Bank,37,29288.0,36,0,0.704,0.498,1,195125.0,0.333,15.0,0,0
B111587,Trade,SACCO,35,31462.0,10,1,0.637,0.797,0,177250.0,0.282,16.0,0,0
B111588,Trade,Bank,25,62250.0,21,1,0.918,0.794,0,317287.0,0.255,16.7,0,0
B111589,Trade,MFI,42,18376.0,5,0,0.759,0.792,3,67064.0,0.182,14.5,0,0
B111590,Real Estate,SACCO,27,22326.0,9,3,0.619,0.795,3,155203.0,0.348,8.0,0,0
B111591,Agriculture,SACCO,26,34788.0,30,1,0.894,0.655,2,298602.0,0.429,14.9,0,0
B111592,Services,Bank,37,13206.0,4,3,0.753,0.603,4,96879.0,0.367,14.0,0,0
B111593,Transport,MFI,50,26092.0,9,1,0.653,0.479,2,196491.0,0.377,18.3,0,0
B111594,Real Estate,Digital Lender,42,91856.0,10,4,0.792,0.487,3,628866.0,0.342,276.4,0,0
B111595,Agriculture,Bank,35,81303.0,31,1,0.85,0.615,2,384448.0,0.236,17.7,0,0
B111596,Real Estate,MFI,25,48702.0,78,0,0.712,0.765,0,120177.0,0.123,24.0,0,0
B111597,Real Estate,MFI,50,56983.0,18,3,0.709,0.872,2,217799.0,0.191,16.9,0,0
B111598,Personal/Household,Digital Lender,34,39002.0,19,3,0.665,0.35,2,335339.0,0.43,169.9,0,0
B111599,Trade,MFI,32,23451.0,2,5,0.776,0.443,2,43165.0,0.092,20.3,0,1
B111600,Personal/Household,Digital Lender,41,73421.0,60,0,0.65,0.547,5,479142.0,0.326,8.0,0,0
B111601,Trade,SACCO,31,17644.0,17,1,0.607,0.663,0,71654.0,0.203,12.3,0,0
B111602,Agriculture,MFI,27,50648.0,19,4,0.673,0.641,1,122660.0,0.121,19.4,0,0
B111603,Services,Bank,28,22470.0,17,1,0.616,0.853,2,170278.0,0.379,12.9,0,0
B111604,Trade,SACCO,28,23227.0,32,0,0.707,0.671,3,145514.0,0.313,11.4,0,0
B111605,Trade,Bank,24,39985.0,65,3,0.617,0.465,1,162392.0,0.203,12.1,0,0
B111606,Transport,MFI,23,91007.0,23,4,0.521,0.87,1,138647.0,0.076,22.5,0,0
B111607,Real Estate,Bank,45,65236.0,30,4,0.799,0.842,1,500502.0,0.384,12.8,0,0
B111608,Trade,SACCO,42,35822.0,87,0,0.745,0.601,2,153458.0,0.214,10.7,0,0
B111609,Trade,Digital Lender,27,30779.0,5,4,0.734,0.753,0,196252.0,0.319,242.0,0,0
B111610,Trade,Digital Lender,44,45698.0,4,1,0.446,0.63,2,332660.0,0.364,167.4,0,1
B111611,Manufacturing,Bank,38,62997.0,5,2,0.77,0.843,2,498302.0,0.395,17.7,1,0
B111612,Agriculture,Digital Lender,32,11290.0,72,1,0.778,0.7,1,70966.0,0.314,8.0,0,0
B111613,Personal/Household,Digital Lender,23,27727.0,20,3,0.73,0.581,0,204423.0,0.369,233.0,1,0
B111614,Personal/Household,Digital Lender,38,16667.0,0,2,0.878,0.694,2,125390.0,0.376,200.7,0,0
B111615,Trade,SACCO,54,26363.0,9,1,0.937,0.443,0,58832.0,0.112,18.2,0,0
B111616,Agriculture,Bank,35,14886.0,32,1,0.775,0.391,3,117214.0,0.394,14.2,0,1
B111617,Trade,Digital Lender,45,11011.0,37,2,0.891,0.529,2,22590.0,0.103,161.8,0,0
B111618,Agriculture,SACCO,33,14392.0,31,1,0.77,0.659,3,60172.0,0.209,8.0,0,0
B111619,Agriculture,SACCO,44,21929.0,84,1,0.884,0.806,1,160522.0,0.366,15.9,0,0
B111620,Personal/Household,Bank,33,41052.0,11,2,0.547,0.714,1,334148.0,0.407,15.9,1,0
B111621,Agriculture,Bank,18,19003.0,123,1,0.868,0.857,0,129908.0,0.342,12.2,0,0
B111622,Manufacturing,Bank,28,18469.0,25,0,0.966,0.913,2,106564.0,0.288,13.4,0,0
B111623,Transport,MFI,36,36962.0,9,3,0.977,0.506,1,253565.0,0.343,19.8,0,0
B111624,Personal/Household,MFI,46,34813.0,24,1,0.552,0.952,1,128059.0,0.184,22.0,0,0
B111625,Agriculture,Digital Lender,33,75826.0,18,3,0.449,0.647,3,146506.0,0.097,138.4,0,0
B111626,Trade,Bank,35,49716.0,9,0,0.919,0.826,3,377202.0,0.379,16.6,0,0
B111627,Services,Bank,29,16912.0,123,1,0.88,0.89,2,38010.0,0.112,10.0,0,0
B111628,Agriculture,Bank,51,20562.0,3,1,0.682,0.618,3,70059.0,0.17,14.8,0,1
B111629,Transport,Bank,50,44827.0,14,2,0.791,0.741,2,158835.0,0.177,16.3,0,0
B111630,Transport,MFI,28,18259.0,47,2,0.777,0.496,2,95650.0,0.262,14.6,0,0
B111631,Manufacturing,SACCO,20,24875.0,14,1,0.683,0.807,2,211787.0,0.426,15.2,1,0
B111632,Agriculture,Digital Lender,18,11606.0,2,0,0.597,0.642,2,95461.0,0.411,116.4,0,0
B111633,Trade,Bank,41,14492.0,52,1,0.502,0.47,1,89662.0,0.309,16.7,0,0
B111634,Manufacturing,Bank,36,59436.0,18,2,0.726,0.645,2,441820.0,0.372,13.6,0,0
B111635,Manufacturing,Digital Lender,27,32596.0,51,3,0.522,0.383,2,235232.0,0.361,213.8,0,0
B111636,Personal/Household,Bank,38,21037.0,14,3,0.962,0.696,0,93546.0,0.222,19.0,0,0
B111637,Personal/Household,SACCO,23,22727.0,29,3,0.867,0.781,2,161760.0,0.356,14.6,0,0
B111638,Services,SACCO,43,76375.0,20,2,0.775,0.617,2,171774.0,0.112,15.3,0,0
B111639,Services,Digital Lender,31,20718.0,16,3,0.972,0.749,1,147650.0,0.356,150.4,0,0
B111640,Personal/Household,Bank,24,38575.0,33,2,0.809,0.92,2,114152.0,0.148,14.3,0,0
B111641,Trade,Digital Lender,31,48017.0,59,3,0.864,0.749,1,285975.0,0.298,120.5,0,0
B111642,Real Estate,Digital Lender,31,65824.0,47,5,0.853,0.77,2,501462.0,0.381,254.5,0,0
B111643,Transport,Bank,39,18619.0,8,0,0.617,0.749,3,166312.0,0.447,15.4,0,0
B111644,Transport,MFI,47,13771.0,16,1,0.637,0.481,3,59920.0,0.218,16.0,0,0
B111645,Trade,MFI,46,16203.0,22,1,0.719,0.565,4,137590.0,0.425,14.1,0,1
B111646,Transport,Bank,37,44448.0,9,1,0.677,0.915,3,261896.0,0.295,12.4,0,0
B111647,Agriculture,Digital Lender,33,88925.0,3,2,0.816,0.708,3,285903.0,0.161,8.0,0,1
B111648,Agriculture,Bank,29,45306.0,29,1,0.523,0.631,2,301584.0,0.333,17.8,0,0
B111649,Personal/Household,Bank,18,20687.0,100,3,0.836,0.698,2,158069.0,0.382,15.3,0,0
B111650,Real Estate,Bank,35,57143.0,27,1,0.652,0.809,1,378404.0,0.331,14.8,0,0
B111651,Manufacturing,SACCO,26,22971.0,39,2,0.505,0.478,2,39680.0,0.086,11.3,0,0
B111652,Manufacturing,Digital Lender,47,18818.0,9,7,0.923,0.829,2,98257.0,0.261,174.0,0,0
B111653,Manufacturing,SACCO,33,24778.0,90,1,0.809,0.824,3,143391.0,0.289,17.1,1,0
B111654,Trade,SACCO,42,21599.0,73,0,0.796,0.467,4,183627.0,0.425,16.0,0,1
B111655,Transport,Bank,30,20210.0,1,0,0.786,0.864,1,96690.0,0.239,8.8,0,0
B111656,Agriculture,SACCO,28,58219.0,1,1,0.718,0.421,2,357816.0,0.307,16.5,0,1
B111657,Transport,MFI,41,22389.0,15,3,0.858,0.565,3,198466.0,0.443,18.6,0,0
B111658,Trade,MFI,38,12419.0,12,2,0.756,0.545,2,96536.0,0.389,21.1,1,0
B111659,Services,SACCO,38,41037.0,18,2,0.479,0.646,3,73783.0,0.09,18.6,0,0
B111660,Personal/Household,Digital Lender,34,17588.0,6,3,0.867,0.922,1,54953.0,0.156,196.6,0,0
B111661,Real Estate,SACCO,43,17902.0,6,2,0.855,0.628,0,134782.0,0.376,13.9,0,0
B111662,Agriculture,SACCO,41,43725.0,13,2,0.781,0.801,0,69094.0,0.079,14.3,0,0
B111663,Real Estate,MFI,18,19951.0,34,4,0.502,0.787,4,84828.0,0.213,14.7,0,0
B111664,Personal/Household,Bank,32,23177.0,80,2,0.732,0.711,1,98949.0,0.213,13.8,0,0
B111665,Transport,MFI,45,30430.0,54,1,0.78,0.626,3,208189.0,0.342,18.0,0,0
B111666,Personal/Household,SACCO,25,25400.0,8,1,0.732,0.685,2,177644.0,0.35,21.4,0,0
B111667,Services,SACCO,18,23481.0,45,0,0.897,0.586,1,35491.0,0.076,10.7,0,0
B111668,Real Estate,SACCO,34,8196.0,3,3,0.872,0.663,2,57070.0,0.348,17.1,0,0
B111669,Transport,Bank,40,27036.0,4,2,0.857,0.769,2,179214.0,0.331,16.7,1,0
B111670,Real Estate,Bank,30,72215.0,36,2,0.834,0.82,4,234951.0,0.163,14.9,0,0
B111671,Transport,Bank,48,42037.0,42,3,0.613,0.967,1,104496.0,0.124,13.2,0,0
B111672,Real Estate,SACCO,53,24185.0,28,3,0.575,0.314,2,96444.0,0.199,8.0,0,0
B111673,Personal/Household,Digital Lender,18,38507.0,78,1,0.95,0.485,6,218420.0,0.284,75.2,0,0
B111674,Trade,MFI,31,41984.0,86,1,0.73,0.472,1,326008.0,0.388,24.0,0,0
B111675,Trade,SACCO,18,18711.0,6,2,0.613,0.772,3,123084.0,0.329,15.7,0,0
B111676,Agriculture,SACCO,42,59364.0,15,2,0.809,0.41,2,195343.0,0.165,8.8,0,1
B111677,Services,Bank,28,32523.0,37,0,0.782,0.645,1,58402.0,0.09,11.9,0,0
B111678,Manufacturing,Bank,30,25040.0,31,1,0.515,0.672,5,149419.0,0.298,14.7,0,0
B111679,Agriculture,Bank,46,71306.0,19,4,0.666,0.739,1,493883.0,0.346,13.5,0,0
B111680,Real Estate,Digital Lender,22,9532.0,36,3,0.733,0.851,3,83299.0,0.437,129.5,0,0
B111681,Real Estate,Bank,19,15573.0,10,1,0.679,0.694,0,74779.0,0.24,15.9,0,0
B111682,Personal/Household,MFI,18,42314.0,25,0,0.654,0.49,3,95595.0,0.113,14.5,0,0
B111683,Services,Bank,48,43077.0,30,2,0.983,0.677,2,326271.0,0.379,13.3,0,0
B111684,Personal/Household,SACCO,45,73551.0,19,2,0.711,0.865,3,114616.0,0.078,16.5,0,0
B111685,Personal/Household,Bank,32,8597.0,112,0,0.844,0.652,0,27074.0,0.157,17.8,0,0
B111686,Trade,Digital Lender,22,47681.0,213,4,0.967,0.647,2,284567.0,0.298,8.0,0,0
B111687,Agriculture,Bank,43,14989.0,2,3,0.805,0.783,3,67925.0,0.227,15.2,0,1
B111688,Transport,Digital Lender,63,37436.0,2,2,0.736,0.755,2,56441.0,0.075,8.0,0,0
B111689,Transport,SACCO,33,28688.0,5,5,0.837,0.454,2,147152.0,0.256,11.1,0,0
B111690,Trade,MFI,23,47451.0,23,2,0.531,0.629,1,159830.0,0.168,25.0,0,0
B111691,Personal/Household,SACCO,47,26122.0,4,2,0.45,0.699,1,188775.0,0.361,16.9,0,0
B111692,Trade,MFI,24,51847.0,2,1,0.743,0.573,0,130970.0,0.126,17.2,0,1
B111693,Agriculture,Bank,31,18855.0,2,2,0.743,0.848,1,64360.0,0.171,17.4,0,0
B111694,Agriculture,SACCO,18,28430.0,30,2,0.484,0.33,2,73831.0,0.13,19.7,0,0
B111695,Personal/Household,MFI,32,33058.0,37,0,0.853,0.426,2,258651.0,0.391,24.1,0,0
B111696,Personal/Household,MFI,22,74771.0,34,4,0.711,0.588,2,518097.0,0.346,19.8,0,0
B111697,Manufacturing,SACCO,48,47010.0,86,2,0.889,0.71,2,408905.0,0.435,11.7,0,0
B111698,Personal/Household,SACCO,25,33270.0,44,2,0.931,0.675,1,249945.0,0.376,14.4,0,0
B111699,Personal/Household,Bank,43,42273.0,37,1,0.696,0.481,1,237148.0,0.28,14.3,1,0
B111700,Real Estate,Bank,34,54035.0,96,0,0.944,0.601,0,289181.0,0.268,17.5,1,0
B111701,Personal/Household,Bank,36,36534.0,57,0,0.89,0.637,2,220186.0,0.301,14.8,0,0
B111702,Trade,MFI,40,16918.0,0,2,0.834,0.624,2,138587.0,0.41,12.4,0,0
B111703,Manufacturing,Bank,34,42008.0,18,2,0.634,0.372,3,297457.0,0.354,16.9,0,0
B111704,Trade,Bank,29,29273.0,74,1,0.773,0.655,2,97810.0,0.167,15.4,0,0
B111705,Real Estate,Digital Lender,27,24486.0,8,2,0.893,0.667,1,187030.0,0.382,192.0,0,0
B111706,Manufacturing,Bank,40,19305.0,7,4,0.586,0.868,1,124355.0,0.322,12.0,0,0
B111707,Trade,Bank,18,40890.0,39,1,0.582,0.653,2,209881.0,0.257,15.6,0,0
B111708,Real Estate,Digital Lender,52,39403.0,59,0,0.76,0.663,1,265069.0,0.336,54.9,0,0
B111709,Transport,SACCO,36,17579.0,18,2,0.794,0.361,0,115082.0,0.327,10.7,0,0
B111710,Transport,Digital Lender,32,16182.0,43,2,0.76,0.775,1,139326.0,0.43,197.1,0,0
B111711,Trade,Bank,38,84153.0,12,0,0.873,0.832,2,234951.0,0.14,13.8,0,0
B111712,Trade,SACCO,29,47731.0,27,4,0.858,0.458,2,152881.0,0.16,15.3,0,0
B111713,Agriculture,Digital Lender,33,31185.0,19,5,0.873,0.786,1,137466.0,0.22,288.2,0,1
B111714,Personal/Household,Bank,24,41499.0,19,5,0.899,0.585,1,267811.0,0.323,12.9,0,0
B111715,Personal/Household,Bank,39,22988.0,36,3,0.695,0.643,4,91929.0,0.2,16.6,0,0
B111716,Agriculture,Bank,34,27043.0,25,1,0.516,0.618,4,224519.0,0.415,12.1,0,1
B111717,Personal/Household,Digital Lender,37,30086.0,69,3,0.461,0.81,1,129952.0,0.216,105.4,0,0
B111718,Manufacturing,Bank,50,50532.0,80,0,0.798,0.448,2,308957.0,0.306,16.3,0,0
B111719,Services,MFI,27,13666.0,37,0,0.606,0.824,1,29216.0,0.107,15.2,0,0
B111720,Trade,MFI,34,16964.0,83,1,0.459,0.891,2,77037.0,0.227,17.6,0,1
B111721,Manufacturing,Digital Lender,18,15160.0,4,4,0.864,0.369,2,86801.0,0.286,101.8,0,0
B111722,Transport,Bank,41,47535.0,93,1,0.437,0.858,1,87945.0,0.093,15.2,1,0
B111723,Agriculture,MFI,35,28127.0,16,2,0.614,0.712,4,95386.0,0.17,18.8,0,1
B111724,Trade,Digital Lender,35,17962.0,0,2,0.846,0.679,1,126970.0,0.353,231.6,0,0
B111725,Trade,Bank,33,26322.0,18,3,0.753,0.856,0,79725.0,0.151,14.9,1,1
B111726,Real Estate,SACCO,29,21005.0,31,0,0.881,0.767,3,55035.0,0.131,15.6,1,0
B111727,Personal/Household,Bank,60,13508.0,29,2,0.906,0.625,4,62233.0,0.23,15.5,0,0
B111728,Personal/Household,Bank,35,59468.0,5,1,0.716,0.693,1,133956.0,0.113,11.8,0,0
B111729,Trade,Bank,38,27388.0,34,0,0.742,0.784,0,235527.0,0.43,17.0,1,0
B111730,Personal/Household,Bank,24,60228.0,24,3,0.913,0.846,2,500451.0,0.415,13.7,0,0
B111731,Agriculture,Bank,44,13402.0,18,0,0.712,0.441,2,54143.0,0.202,11.8,0,0
B111732,Services,Digital Lender,34,39236.0,8,3,0.835,0.443,4,130675.0,0.167,187.4,0,0
B111733,Trade,MFI,39,13448.0,17,3,0.661,0.542,1,26157.0,0.097,19.6,0,0
B111734,Personal/Household,MFI,44,114115.0,36,0,0.685,0.423,1,297502.0,0.13,13.0,0,0
B111735,Services,SACCO,34,11485.0,6,0,0.449,0.438,4,28555.0,0.124,18.8,0,0
B111736,Personal/Household,Digital Lender,28,79842.0,32,0,0.778,0.574,1,290870.0,0.182,91.2,0,0
B111737,Personal/Household,Bank,18,29410.0,40,0,0.832,0.743,0,70671.0,0.12,14.5,0,0
B111738,Agriculture,Bank,31,26890.0,14,1,0.796,0.588,1,52463.0,0.098,13.1,0,0
B111739,Personal/Household,Bank,28,41115.0,39,1,0.827,0.427,0,250307.0,0.304,13.5,0,0
B111740,Manufacturing,Digital Lender,24,17749.0,22,3,0.866,0.879,1,46160.0,0.13,241.0,0,0
B111741,Real Estate,Digital Lender,50,45789.0,8,2,0.443,0.621,1,222940.0,0.243,160.2,0,0
B111742,Services,MFI,45,47671.0,26,3,0.912,0.598,4,114738.0,0.12,25.0,0,1
B111743,Agriculture,Bank,18,29928.0,13,1,0.417,0.825,3,125849.0,0.21,14.8,0,0
B111744,Real Estate,MFI,37,34116.0,44,0,0.872,0.557,4,124340.0,0.182,16.2,0,0
B111745,Services,SACCO,27,85931.0,63,3,0.869,0.65,2,387922.0,0.226,10.8,1,0
B111746,Agriculture,Bank,39,42538.0,1,4,0.498,0.522,2,361229.0,0.425,13.2,0,0
B111747,Trade,Bank,27,19337.0,24,3,0.873,0.847,5,147634.0,0.382,14.0,1,0
B111748,Agriculture,Bank,30,44927.0,1,4,0.765,0.532,0,157076.0,0.175,14.6,0,1
B111749,Personal/Household,SACCO,45,22118.0,13,2,0.841,0.908,1,53835.0,0.122,18.3,0,1
B111750,Personal/Household,Digital Lender,43,19884.0,1,2,0.631,0.753,3,94444.0,0.237,131.5,0,0
B111751,Trade,Bank,50,39417.0,7,2,0.49,0.566,1,121031.0,0.154,14.0,0,0
B111752,Transport,Digital Lender,33,17066.0,106,1,0.795,0.889,1,130672.0,0.383,215.9,0,0
B111753,Manufacturing,MFI,20,30501.0,17,2,0.745,0.835,1,217295.0,0.356,23.1,0,0
B111754,Transport,SACCO,44,43069.0,16,5,0.567,0.454,6,106295.0,0.123,11.8,0,1
B111755,Transport,Digital Lender,44,84994.0,19,3,0.823,0.641,4,252623.0,0.149,312.7,0,1
B111756,Services,MFI,41,42238.0,5,2,0.741,0.771,3,82991.0,0.098,27.3,0,1
B111757,Agriculture,Bank,28,13247.0,46,2,0.713,0.866,2,117742.0,0.444,18.2,0,0
B111758,Agriculture,Bank,24,14435.0,10,3,0.778,0.706,4,103263.0,0.358,18.6,1,1
B111759,Transport,Digital Lender,40,76841.0,102,4,0.545,0.476,0,412709.0,0.269,51.6,0,1
B111760,Real Estate,MFI,26,20977.0,14,1,0.545,0.797,1,41794.0,0.1,11.8,0,1
B111761,Real Estate,Bank,32,12912.0,8,1,0.971,0.683,2,72272.0,0.28,16.5,0,0
B111762,Trade,SACCO,64,17109.0,20,2,0.789,0.719,2,144573.0,0.422,8.0,0,0
B111763,Trade,Bank,56,46017.0,11,0,0.877,0.847,3,273074.0,0.297,14.7,0,0
B111764,Services,Bank,43,31636.0,7,1,0.938,0.753,2,203408.0,0.321,14.2,0,0
B111765,Trade,Digital Lender,28,42448.0,66,1,0.726,0.994,2,376282.0,0.443,83.8,0,0
B111766,Transport,MFI,28,29198.0,16,0,0.811,0.397,1,70709.0,0.121,29.4,0,0
B111767,Personal/Household,Bank,42,16211.0,56,1,0.729,0.743,2,94153.0,0.29,13.8,0,0
B111768,Trade,MFI,50,11126.0,3,1,0.47,0.899,1,27760.0,0.125,22.6,0,0
B111769,Agriculture,Digital Lender,30,18788.0,6,6,0.769,0.837,2,85233.0,0.227,55.4,0,0
B111770,Agriculture,Bank,30,31792.0,30,1,0.807,0.471,0,59930.0,0.094,16.1,0,0
B111771,Manufacturing,Bank,36,15507.0,3,1,0.799,0.481,1,70455.0,0.227,14.0,0,0
B111772,Agriculture,Bank,21,51052.0,0,1,0.946,0.715,3,343478.0,0.336,14.1,1,0
B111773,Transport,Bank,21,17154.0,7,0,0.956,0.642,1,49973.0,0.146,16.3,0,0
B111774,Agriculture,Bank,23,11985.0,56,4,0.686,0.563,4,54021.0,0.225,11.6,0,0
B111775,Trade,Bank,40,29743.0,62,2,0.757,0.821,0,145437.0,0.244,17.6,0,0
B111776,Trade,Bank,38,45179.0,39,0,0.877,0.395,2,136043.0,0.151,13.1,0,0
B111777,Agriculture,SACCO,46,67569.0,1,1,0.64,0.696,0,413630.0,0.306,16.0,1,1
B111778,Agriculture,Bank,18,12253.0,15,3,0.941,0.661,0,93186.0,0.38,15.3,1,0
B111779,Services,Bank,20,65058.0,70,2,0.72,0.439,1,179365.0,0.138,17.9,0,0
B111780,Trade,SACCO,40,32923.0,48,1,0.769,0.596,1,143993.0,0.219,15.1,0,0
B111781,Manufacturing,Bank,26,21130.0,62,1,0.718,0.807,1,79990.0,0.189,16.3,0,0
B111782,Manufacturing,Bank,27,43237.0,5,0,0.729,0.836,1,288771.0,0.334,10.0,0,0
B111783,Personal/Household,Digital Lender,45,62659.0,91,2,0.446,0.717,3,243503.0,0.194,340.2,0,0
B111784,Transport,SACCO,29,11808.0,2,0,0.924,0.536,2,101232.0,0.429,11.8,0,0
B111785,Trade,SACCO,31,23458.0,21,1,0.729,0.681,1,138799.0,0.296,13.3,0,0
B111786,Transport,MFI,32,22036.0,24,2,0.84,0.703,3,60542.0,0.137,19.5,0,0
B111787,Agriculture,Digital Lender,33,41953.0,2,1,0.708,0.513,5,140678.0,0.168,175.1,0,0
B111788,Personal/Household,Bank,42,66371.0,60,1,0.889,0.588,2,473813.0,0.357,14.2,0,0
B111789,Trade,Bank,23,30957.0,43,3,0.727,0.538,3,123793.0,0.2,12.2,0,0
B111790,Personal/Household,Digital Lender,33,25319.0,24,2,0.634,0.706,0,58705.0,0.116,212.0,0,0
B111791,Transport,Bank,47,37985.0,79,1,0.52,0.713,1,60169.0,0.079,16.1,0,0
B111792,Transport,MFI,56,26135.0,29,3,0.912,0.746,1,233749.0,0.447,13.1,0,0
B111793,Trade,Bank,21,9016.0,20,1,0.667,0.767,2,45174.0,0.25,12.9,0,0
B111794,Transport,Bank,38,39512.0,50,0,0.767,0.897,1,142532.0,0.18,11.0,0,0
B111795,Personal/Household,SACCO,33,51130.0,10,2,0.736,0.651,1,88562.0,0.087,15.4,0,0
B111796,Manufacturing,MFI,34,53666.0,25,1,0.64,0.741,3,421506.0,0.393,21.4,0,0
B111797,Agriculture,MFI,27,15744.0,24,2,0.706,0.588,2,58189.0,0.185,24.2,0,0
B111798,Trade,Bank,43,41520.0,20,0,0.947,0.693,1,111597.0,0.134,15.6,0,0
B111799,Agriculture,Bank,42,69080.0,1,2,0.497,0.782,1,174966.0,0.127,12.7,0,1
B111800,Personal/Household,SACCO,60,119592.0,19,0,0.8,0.582,3,740482.0,0.31,14.5,0,0
B111801,Real Estate,Bank,22,38693.0,3,0,0.684,0.688,0,277893.0,0.359,12.6,0,0
B111802,Personal/Household,SACCO,18,51079.0,62,1,0.81,0.84,3,128045.0,0.125,12.3,0,0
B111803,Personal/Household,MFI,56,17224.0,11,1,0.853,0.637,2,36139.0,0.105,22.4,0,0
B111804,Transport,Bank,34,16029.0,2,2,0.718,0.777,2,82535.0,0.257,14.8,0,0
B111805,Transport,Bank,30,51176.0,7,2,0.674,0.571,4,458926.0,0.448,18.2,1,0
B111806,Transport,Digital Lender,37,9704.0,27,5,0.619,0.712,3,39119.0,0.202,85.8,0,0
B111807,Manufacturing,Bank,21,32385.0,56,1,0.551,0.346,0,169573.0,0.262,14.6,0,0
B111808,Trade,Bank,39,65305.0,20,0,0.886,0.505,0,217460.0,0.166,13.2,0,0
B111809,Personal/Household,Digital Lender,34,43999.0,3,4,0.839,0.867,2,121863.0,0.138,148.7,0,1
B111810,Services,Bank,46,43842.0,0,2,0.812,0.812,0,346995.0,0.396,14.0,0,0
B111811,Real Estate,Digital Lender,44,28935.0,19,5,0.883,0.494,0,63194.0,0.109,229.1,0,0
B111812,Services,Bank,44,23732.0,35,2,0.898,0.513,2,65108.0,0.137,15.5,0,0
B111813,Services,Bank,37,97258.0,9,1,0.563,0.561,3,324378.0,0.167,12.9,0,0
B111814,Manufacturing,MFI,51,58601.0,5,1,0.584,0.857,0,409979.0,0.35,23.2,0,0
B111815,Personal/Household,Bank,41,47356.0,21,1,0.52,0.64,0,152280.0,0.161,11.2,0,0
B111816,Transport,SACCO,30,30191.0,2,2,0.765,0.783,2,233020.0,0.386,16.0,1,0
B111817,Agriculture,Bank,27,21563.0,60,1,0.938,0.659,1,46640.0,0.108,13.7,0,0
B111818,Trade,MFI,28,53841.0,87,4,0.887,0.473,1,314137.0,0.292,16.8,0,0
B111819,Real Estate,Digital Lender,41,25115.0,31,2,0.922,0.8,3,164320.0,0.327,15.0,0,0
B111820,Personal/Household,SACCO,22,31048.0,0,2,0.597,0.879,4,53859.0,0.087,12.8,0,0
B111821,Agriculture,MFI,37,41716.0,28,1,0.802,0.761,3,323771.0,0.388,20.4,0,0
B111822,Personal/Household,Bank,27,33363.0,22,1,0.698,0.612,4,213588.0,0.32,14.7,0,0
B111823,Transport,Bank,22,69738.0,12,1,0.703,0.898,1,308445.0,0.221,13.7,0,0
B111824,Personal/Household,Digital Lender,24,14386.0,64,3,0.571,0.851,1,69027.0,0.24,337.1,1,0
B111825,Agriculture,SACCO,35,30854.0,15,3,0.634,0.458,1,139559.0,0.226,8.0,0,0
B111826,Real Estate,SACCO,43,96369.0,10,0,0.869,0.853,2,438245.0,0.227,11.6,0,0
B111827,Trade,MFI,28,48697.0,2,2,0.825,0.778,2,327480.0,0.336,21.5,0,0
B111828,Agriculture,Bank,18,26679.0,47,3,0.663,0.781,2,84297.0,0.158,14.9,0,1
B111829,Trade,Bank,67,46136.0,61,2,0.953,0.526,4,106460.0,0.115,17.1,1,0
B111830,Trade,Bank,46,28962.0,6,1,0.814,0.667,2,241295.0,0.417,15.0,0,0
B111831,Trade,MFI,44,66603.0,23,0,0.482,0.646,3,270970.0,0.203,20.5,0,0
B111832,Transport,Bank,51,46709.0,35,0,0.48,0.862,2,301754.0,0.323,14.4,0,0
B111833,Real Estate,Bank,36,18461.0,6,2,0.834,0.478,1,124599.0,0.337,19.0,0,0
B111834,Agriculture,MFI,34,33898.0,25,0,0.817,0.832,2,158476.0,0.234,22.5,0,0
B111835,Personal/Household,MFI,49,37431.0,9,5,0.617,0.463,1,113639.0,0.152,25.2,0,1
B111836,Manufacturing,MFI,48,38463.0,1,4,0.576,0.822,1,239287.0,0.311,15.7,0,0
B111837,Services,Digital Lender,41,35430.0,7,2,0.643,0.418,3,210888.0,0.298,20.1,0,0
B111838,Transport,SACCO,44,40563.0,85,3,0.815,0.632,0,198432.0,0.245,14.0,0,0
B111839,Trade,Bank,23,37439.0,133,3,0.786,0.941,1,235700.0,0.315,14.1,0,1
B111840,Services,Digital Lender,32,19997.0,36,4,0.979,0.652,0,144001.0,0.36,152.0,0,0
B111841,Personal/Household,MFI,52,23131.0,57,4,0.719,0.837,5,90471.0,0.196,19.1,0,0
B111842,Transport,MFI,43,25854.0,15,1,0.906,0.859,1,120986.0,0.234,22.6,0,0
B111843,Manufacturing,Digital Lender,20,31337.0,26,3,0.864,0.597,1,185560.0,0.296,68.5,0,1
B111844,Real Estate,Bank,30,25900.0,20,0,0.681,0.574,2,131405.0,0.254,14.5,0,1
B111845,Manufacturing,SACCO,50,54534.0,11,3,0.684,0.51,0,348764.0,0.32,15.4,0,0
B111846,Personal/Household,Bank,40,17535.0,24,2,0.817,0.668,1,67834.0,0.193,16.2,0,0
B111847,Manufacturing,Bank,37,11452.0,17,1,0.76,0.891,0,62977.0,0.275,15.4,0,0
B111848,Trade,MFI,37,87708.0,43,0,0.941,0.565,1,224852.0,0.128,20.6,0,0
B111849,Trade,Bank,34,18965.0,41,0,0.849,0.868,4,139033.0,0.367,12.8,0,0
B111850,Trade,Bank,30,54459.0,16,2,0.943,0.652,0,353596.0,0.325,13.6,0,0
B111851,Agriculture,MFI,27,41553.0,20,2,0.406,0.817,0,345821.0,0.416,16.6,0,0
B111852,Agriculture,Bank,45,19337.0,29,3,0.739,0.616,2,69449.0,0.18,13.8,0,0
B111853,Services,MFI,37,27636.0,7,0,0.81,0.557,0,204066.0,0.369,21.4,0,0
B111854,Agriculture,Bank,42,25462.0,27,2,0.896,0.909,0,196801.0,0.386,13.0,0,0
B111855,Agriculture,MFI,40,36171.0,24,2,0.599,0.459,1,67829.0,0.094,15.3,1,1
B111856,Agriculture,MFI,49,19495.0,43,0,0.662,0.876,1,137771.0,0.353,14.6,0,0
B111857,Manufacturing,MFI,40,26982.0,32,3,0.958,0.812,1,63310.0,0.117,17.8,0,0
B111858,Transport,SACCO,43,29130.0,21,2,0.746,0.909,0,212990.0,0.366,14.5,0,0
B111859,Manufacturing,Digital Lender,37,54502.0,10,4,0.869,0.814,1,185187.0,0.17,190.0,0,0
B111860,Services,Bank,26,23716.0,11,0,0.766,0.657,1,54217.0,0.114,16.2,0,1
B111861,Services,Bank,33,17385.0,7,5,0.82,0.641,0,77718.0,0.224,14.5,0,0
B111862,Personal/Household,Digital Lender,41,22035.0,5,1,0.927,0.931,2,147785.0,0.335,159.6,0,0
B111863,Personal/Household,SACCO,42,36383.0,12,0,0.654,0.638,1,257097.0,0.353,17.7,0,0
B111864,Agriculture,Digital Lender,50,11222.0,27,1,0.92,0.83,2,59015.0,0.263,60.8,0,0
B111865,Manufacturing,SACCO,30,57442.0,0,1,0.758,0.668,1,197925.0,0.172,16.3,0,0
B111866,Agriculture,SACCO,37,30056.0,23,0,0.941,0.867,0,151073.0,0.251,11.0,1,0
B111867,Personal/Household,Bank,34,37732.0,95,1,0.717,0.572,0,142873.0,0.189,10.9,0,0
B111868,Trade,Bank,51,33542.0,94,2,0.813,0.856,3,100973.0,0.151,17.0,0,0
B111869,Trade,SACCO,39,20598.0,26,0,0.894,0.561,2,113840.0,0.276,9.1,0,0
B111870,Trade,MFI,39,16396.0,20,2,0.922,0.799,2,84704.0,0.258,25.0,0,0
B111871,Transport,Digital Lender,35,20226.0,39,2,0.626,0.911,2,145779.0,0.36,268.2,0,0
B111872,Personal/Household,Digital Lender,33,12987.0,3,4,0.784,0.561,3,103358.0,0.398,63.2,0,1
B111873,Trade,Bank,21,36010.0,25,2,0.89,0.776,2,94093.0,0.131,14.5,1,1
B111874,Manufacturing,MFI,22,27187.0,9,1,0.7,0.753,3,93264.0,0.172,18.4,0,0
B111875,Agriculture,Digital Lender,37,12786.0,21,3,0.671,0.884,2,63570.0,0.249,82.3,0,0
B111876,Personal/Household,Digital Lender,36,21182.0,14,1,0.925,0.756,1,69671.0,0.164,84.6,0,0
B111877,Trade,Digital Lender,37,42560.0,10,2,0.754,0.354,3,369397.0,0.434,116.3,0,0
B111878,Trade,SACCO,44,60546.0,106,1,0.618,0.806,2,369966.0,0.306,18.5,0,0
B111879,Transport,Digital Lender,36,14674.0,3,3,0.595,0.756,1,73565.0,0.251,144.6,0,0
B111880,Transport,Bank,32,97613.0,82,1,0.538,0.304,2,170031.0,0.087,19.1,1,0
B111881,Personal/Household,Bank,33,17541.0,40,2,0.743,0.846,1,145097.0,0.414,16.5,0,0
B111882,Transport,Bank,37,11642.0,9,0,0.84,0.332,1,46760.0,0.201,16.3,0,0
B111883,Services,MFI,31,78167.0,29,0,0.852,0.382,1,630780.0,0.403,19.4,0,0
B111884,Agriculture,Digital Lender,46,16773.0,45,1,0.721,0.63,0,59626.0,0.178,162.7,0,0
B111885,Real Estate,MFI,35,68741.0,18,0,0.818,0.64,1,118980.0,0.087,19.0,0,0
B111886,Services,SACCO,38,20626.0,63,2,0.901,0.656,3,162123.0,0.393,8.0,0,0
B111887,Trade,Bank,27,25306.0,4,0,0.885,0.603,3,114086.0,0.225,15.3,0,0
B111888,Personal/Household,SACCO,46,14504.0,12,3,0.833,0.86,3,52009.0,0.179,17.2,0,0
B111889,Trade,Bank,49,60029.0,9,3,0.612,0.471,0,433105.0,0.361,14.4,0,0
B111890,Manufacturing,MFI,21,55661.0,54,1,0.531,0.603,1,115776.0,0.104,24.2,0,0
B111891,Trade,Bank,39,20676.0,5,3,0.772,0.503,1,123493.0,0.299,23.1,0,0
B111892,Transport,MFI,34,28533.0,35,1,0.81,0.614,3,122846.0,0.215,15.4,0,0
B111893,Personal/Household,MFI,38,42794.0,42,3,0.801,0.732,3,205836.0,0.24,18.4,0,1
B111894,Trade,SACCO,40,22942.0,20,1,0.609,0.743,1,168650.0,0.368,11.5,0,0
B111895,Trade,MFI,18,62964.0,80,1,0.851,0.815,2,320629.0,0.255,20.0,0,0
B111896,Agriculture,Digital Lender,43,28051.0,10,2,0.628,0.551,1,164022.0,0.292,219.5,0,0
B111897,Agriculture,Digital Lender,46,22343.0,15,3,0.676,0.722,2,51434.0,0.115,366.8,0,1
B111898,Real Estate,Bank,47,12450.0,38,2,0.587,0.754,0,95173.0,0.382,14.5,0,0
B111899,Services,Bank,26,14595.0,25,4,0.948,0.852,2,101023.0,0.346,16.5,0,0
B111900,Trade,Bank,35,41097.0,28,1,0.556,0.481,0,324016.0,0.394,14.5,0,0
B111901,Real Estate,Bank,30,33843.0,11,1,0.871,0.637,2,147215.0,0.217,16.1,0,0
B111902,Real Estate,Bank,18,46567.0,3,5,0.904,0.647,2,337509.0,0.362,16.7,0,0
B111903,Agriculture,Digital Lender,29,21817.0,1,1,0.875,0.7,1,127690.0,0.293,35.1,0,0
B111904,Agriculture,Digital Lender,24,12056.0,2,0,0.92,0.767,1,25492.0,0.106,154.6,0,0
B111905,Personal/Household,Bank,38,22630.0,15,2,0.4,0.734,0,122919.0,0.272,11.8,1,0
B111906,Transport,Digital Lender,19,91204.0,9,5,0.654,0.909,3,416919.0,0.229,339.5,0,0
B111907,Personal/Household,Digital Lender,25,17489.0,4,1,0.592,0.559,2,104378.0,0.298,111.2,1,0
B111908,Real Estate,Bank,30,29143.0,20,1,0.716,0.633,0,239572.0,0.411,16.7,0,0
B111909,Transport,Digital Lender,43,8000.0,16,1,0.89,0.422,1,49285.0,0.308,234.6,0,0
B111910,Services,Digital Lender,63,22339.0,2,3,0.882,0.781,1,72520.0,0.162,38.4,0,0
B111911,Personal/Household,Digital Lender,38,23679.0,69,0,0.814,0.744,0,127563.0,0.269,305.2,0,0
B111912,Services,SACCO,25,35686.0,40,2,0.835,0.468,2,216520.0,0.303,10.0,0,0
B111913,Agriculture,Bank,28,24962.0,25,0,0.777,0.862,2,114695.0,0.23,13.6,0,1
B111914,Services,Bank,42,12897.0,16,1,0.672,0.529,1,77736.0,0.301,14.8,0,0
B111915,Personal/Household,Digital Lender,22,20637.0,27,2,0.759,0.756,2,132882.0,0.322,42.2,0,0
B111916,Personal/Household,Bank,46,26577.0,6,1,0.756,0.651,2,221277.0,0.416,16.9,0,1
B111917,Transport,MFI,38,17190.0,10,1,0.864,0.819,5,35394.0,0.103,25.8,0,0
B111918,Services,Bank,34,18621.0,84,1,0.96,0.733,0,120656.0,0.324,13.1,0,0
B111919,Real Estate,MFI,18,51681.0,1,2,0.539,0.541,3,159470.0,0.154,25.9,0,0
B111920,Personal/Household,Bank,44,21085.0,62,3,0.776,0.689,1,41163.0,0.098,16.5,0,0
B111921,Personal/Household,Digital Lender,27,37872.0,38,3,0.447,0.66,2,284959.0,0.376,35.0,0,0
B111922,Personal/Household,MFI,37,26975.0,11,1,0.629,0.377,3,193898.0,0.359,22.9,0,0
B111923,Personal/Household,MFI,33,15116.0,60,1,0.872,0.727,0,23272.0,0.077,19.7,0,0
B111924,Trade,Bank,19,24757.0,43,0,0.728,0.686,5,216020.0,0.436,14.5,0,0
B111925,Agriculture,MFI,33,34893.0,51,4,0.818,0.751,1,92724.0,0.133,13.8,1,0
B111926,Real Estate,Digital Lender,23,77283.0,29,2,0.949,0.936,2,586397.0,0.379,155.1,0,0
B111927,Personal/Household,Digital Lender,28,19443.0,15,0,0.512,0.663,3,86649.0,0.223,8.0,1,0
B111928,Personal/Household,Digital Lender,39,28371.0,32,4,0.49,0.699,1,252214.0,0.444,154.4,0,0
B111929,Personal/Household,MFI,42,49021.0,64,2,0.8,0.928,0,336696.0,0.343,17.9,0,0
B111930,Personal/Household,Digital Lender,35,59474.0,7,1,0.583,0.574,0,281696.0,0.237,198.9,0,0
B111931,Transport,MFI,26,20808.0,42,1,0.903,0.468,2,169256.0,0.407,10.1,0,0
B111932,Trade,SACCO,29,27291.0,21,1,0.78,0.62,1,242719.0,0.445,17.3,1,0
B111933,Transport,SACCO,28,54829.0,12,4,0.884,0.519,1,380713.0,0.347,13.8,0,0
B111934,Services,Bank,18,39391.0,2,0,0.587,0.577,1,109250.0,0.139,12.6,0,0
B111935,Transport,MFI,36,52491.0,3,3,0.635,0.244,1,430358.0,0.41,25.9,0,1
B111936,Services,SACCO,18,56629.0,131,3,0.784,0.64,1,230551.0,0.204,8.5,0,0
B111937,Services,Bank,36,40318.0,43,2,0.527,0.685,2,360431.0,0.447,17.9,0,0
B111938,Agriculture,SACCO,20,32175.0,21,3,0.808,0.381,4,184909.0,0.287,14.6,0,0
B111939,Personal/Household,Bank,23,20557.0,12,0,0.906,0.684,1,147472.0,0.359,13.8,0,0
B111940,Manufacturing,SACCO,42,25996.0,32,3,0.66,0.864,3,163295.0,0.314,8.1,0,1
B111941,Real Estate,Digital Lender,35,26962.0,109,6,0.879,0.428,0,232344.0,0.431,141.5,1,0
B111942,Agriculture,Bank,18,57495.0,48,2,0.87,0.593,0,412405.0,0.359,11.9,0,0
B111943,Agriculture,Bank,29,32761.0,1,0,0.494,0.721,2,61259.0,0.093,14.3,0,1
B111944,Trade,MFI,38,32932.0,1,1,0.59,0.553,1,191804.0,0.291,20.5,0,0
B111945,Transport,Bank,29,17211.0,43,3,0.712,0.796,0,48778.0,0.142,14.2,0,0
B111946,Trade,Bank,32,57668.0,3,2,0.388,0.463,1,220478.0,0.191,15.1,0,0
B111947,Real Estate,SACCO,37,19496.0,11,1,0.827,0.31,2,145633.0,0.373,17.7,0,0
B111948,Manufacturing,Bank,35,25423.0,33,3,0.867,0.491,2,146200.0,0.288,15.9,0,0
B111949,Real Estate,SACCO,25,61094.0,3,2,0.426,0.833,1,325954.0,0.267,11.7,0,0
B111950,Personal/Household,Bank,35,48418.0,24,2,0.639,0.55,2,230472.0,0.238,16.2,0,0
B111951,Real Estate,Bank,32,18632.0,9,2,0.867,0.707,1,126327.0,0.339,12.0,0,0
B111952,Trade,Bank,52,16426.0,6,1,0.907,0.731,2,134337.0,0.409,11.8,0,0
B111953,Services,Digital Lender,34,26581.0,89,1,0.717,0.51,3,225227.0,0.424,8.0,0,0
B111954,Personal/Household,MFI,36,21655.0,13,0,0.737,0.42,4,189179.0,0.437,26.1,0,0
B111955,Transport,Bank,38,13266.0,60,5,0.89,0.744,2,103151.0,0.389,16.5,0,0
B111956,Personal/Household,MFI,32,19647.0,0,1,0.543,0.938,2,59770.0,0.152,15.7,0,0
B111957,Trade,MFI,28,8000.0,24,0,0.854,0.732,4,62451.0,0.39,15.2,0,0
B111958,Personal/Household,SACCO,40,48883.0,83,0,0.938,0.788,3,422719.0,0.432,17.1,0,0
B111959,Trade,Bank,40,47220.0,72,1,0.778,0.728,2,387745.0,0.411,18.5,0,0
B111960,Manufacturing,Bank,56,64559.0,24,4,0.883,0.819,2,309960.0,0.24,14.7,0,0
B111961,Trade,MFI,42,36108.0,70,0,0.929,0.86,2,282982.0,0.392,19.5,0,0
B111962,Personal/Household,SACCO,43,23235.0,8,1,0.868,0.332,1,198259.0,0.427,15.3,0,0
B111963,Agriculture,Digital Lender,42,52202.0,63,2,0.82,0.617,1,80218.0,0.077,107.2,0,0
B111964,Agriculture,SACCO,28,20215.0,38,2,0.97,0.47,3,118160.0,0.292,12.0,0,0
B111965,Trade,SACCO,22,14334.0,6,3,0.939,0.601,2,81761.0,0.285,19.0,0,1
B111966,Personal/Household,MFI,25,27420.0,48,0,0.803,0.844,3,104915.0,0.191,21.1,0,0
B111967,Agriculture,MFI,42,37275.0,6,2,0.434,0.772,2,106726.0,0.143,14.3,0,1
B111968,Manufacturing,SACCO,49,19023.0,7,1,0.552,0.458,1,43358.0,0.114,12.7,0,0
B111969,Agriculture,Bank,42,16712.0,54,3,0.838,0.609,3,58000.0,0.174,15.9,0,1
B111970,Personal/Household,Digital Lender,33,23641.0,14,4,0.776,0.961,0,81513.0,0.172,147.7,0,0
B111971,Agriculture,Bank,52,37293.0,30,2,0.648,0.732,4,219093.0,0.294,16.0,0,0
B111972,Services,SACCO,31,27447.0,0,3,0.791,0.771,0,236270.0,0.43,10.5,0,0
B111973,Agriculture,MFI,24,126763.0,32,2,0.918,0.78,1,223412.0,0.088,22.0,0,0
B111974,Trade,Digital Lender,38,27589.0,24,0,0.972,0.562,1,167485.0,0.304,158.6,0,0
B111975,Agriculture,Bank,48,44930.0,47,2,0.599,0.922,4,249323.0,0.277,12.7,0,0
B111976,Trade,Digital Lender,27,13402.0,9,3,0.804,0.947,1,116605.0,0.435,172.0,0,0
B111977,Real Estate,Bank,18,41060.0,47,1,0.83,0.788,0,192291.0,0.234,16.2,1,0
B111978,Agriculture,Bank,35,23057.0,45,1,0.655,0.88,2,206625.0,0.448,13.7,0,1
B111979,Services,Digital Lender,43,29582.0,18,2,0.919,0.823,0,85354.0,0.144,170.6,0,0
B111980,Manufacturing,Bank,18,75188.0,22,0,0.767,0.57,0,465371.0,0.309,13.0,1,0
B111981,Agriculture,SACCO,45,24228.0,35,3,0.805,0.525,0,196041.0,0.405,10.2,0,0
B111982,Real Estate,MFI,21,14481.0,19,1,0.949,0.779,0,78939.0,0.273,21.0,0,0
B111983,Trade,Digital Lender,42,15778.0,12,3,0.8,0.699,2,24896.0,0.079,136.1,0,0
B111984,Trade,Digital Lender,18,32699.0,8,6,0.863,0.724,2,262695.0,0.402,110.0,0,1
B111985,Agriculture,Bank,20,31738.0,34,2,0.556,0.876,2,272092.0,0.429,14.1,1,1
B111986,Trade,Digital Lender,41,31021.0,53,1,0.823,0.762,1,210151.0,0.339,8.0,0,0
B111987,Trade,Bank,47,14661.0,22,3,0.649,0.588,0,41489.0,0.141,14.1,0,0
B111988,Services,SACCO,35,90626.0,24,3,0.946,0.671,3,150630.0,0.083,12.6,0,0
B111989,Transport,Digital Lender,59,66535.0,57,2,0.785,0.922,0,133006.0,0.1,201.9,0,0
B111990,Services,SACCO,25,31942.0,62,2,0.717,0.913,0,188232.0,0.295,10.1,0,0
B111991,Agriculture,SACCO,25,12879.0,1,2,0.669,0.464,0,101471.0,0.394,11.0,0,0
B111992,Personal/Household,Digital Lender,32,71072.0,16,3,0.844,0.752,3,501741.0,0.353,362.4,0,0
B111993,Agriculture,MFI,32,55562.0,78,1,0.79,0.848,4,115788.0,0.104,13.7,0,0
B111994,Trade,Digital Lender,38,31462.0,88,2,0.906,0.497,2,243358.0,0.387,96.5,0,1
B111995,Personal/Household,Bank,28,57487.0,63,5,0.89,0.669,1,321478.0,0.28,18.1,0,0
B111996,Trade,Bank,41,22655.0,22,1,0.834,0.604,1,61533.0,0.136,12.9,1,0
B111997,Real Estate,Digital Lender,40,17533.0,24,3,0.825,0.834,1,64702.0,0.185,127.6,1,1
B111998,Personal/Household,Bank,51,32421.0,6,2,0.7,0.575,2,79899.0,0.123,15.5,1,0
B111999,Transport,MFI,30,12657.0,17,1,0.711,0.71,2,40067.0,0.158,23.3,0,0
